name	status	time_compilation	time_tool	time_end2end	nb_node_expanded	command
p03	success	  0.676735	  0.584314	  1.261049	5	/home/marcofavorito/planning-for-past-temporal-goals/bin/plan4past -t mynd --domain experiment-1a-blocksworld-nondet/domain.pddl --problem experiment-1a-blocksworld-nondet/p03.pddl --formula O(on_b1_b2 & Y(O(on_b2_b3))) --working-dir experiment-1a-blocksworld-nondet/p4p-mynd-sc-ff/p03 --algorithm laostar --heuristic ff
p04	success	  0.674387	  0.691134	  1.365521	5	/home/marcofavorito/planning-for-past-temporal-goals/bin/plan4past -t mynd --domain experiment-1a-blocksworld-nondet/domain.pddl --problem experiment-1a-blocksworld-nondet/p04.pddl --formula O(on_b1_b2 & Y(O(on_b2_b3))) --working-dir experiment-1a-blocksworld-nondet/p4p-mynd-sc-ff/p04 --algorithm laostar --heuristic ff
p05	success	  0.676933	  0.729054	  1.405987	5	/home/marcofavorito/planning-for-past-temporal-goals/bin/plan4past -t mynd --domain experiment-1a-blocksworld-nondet/domain.pddl --problem experiment-1a-blocksworld-nondet/p05.pddl --formula O(on_b1_b2 & Y(O(on_b2_b3))) --working-dir experiment-1a-blocksworld-nondet/p4p-mynd-sc-ff/p05 --algorithm laostar --heuristic ff
p06	success	  0.431738	  1.011450	  1.443188	13	/home/marcofavorito/planning-for-past-temporal-goals/bin/plan4past -t mynd --domain experiment-1a-blocksworld-nondet/domain.pddl --problem experiment-1a-blocksworld-nondet/p06.pddl --formula O(on_b1_b2 & Y(O(on_b2_b3))) --working-dir experiment-1a-blocksworld-nondet/p4p-mynd-sc-ff/p06 --algorithm laostar --heuristic ff
p07	success	  0.434642	  1.324786	  1.759428	29	/home/marcofavorito/planning-for-past-temporal-goals/bin/plan4past -t mynd --domain experiment-1a-blocksworld-nondet/domain.pddl --problem experiment-1a-blocksworld-nondet/p07.pddl --formula O(on_b1_b2 & Y(O(on_b2_b3))) --working-dir experiment-1a-blocksworld-nondet/p4p-mynd-sc-ff/p07 --algorithm laostar --heuristic ff
p08	success	  0.536364	  1.674703	  2.211067	41	/home/marcofavorito/planning-for-past-temporal-goals/bin/plan4past -t mynd --domain experiment-1a-blocksworld-nondet/domain.pddl --problem experiment-1a-blocksworld-nondet/p08.pddl --formula O(on_b1_b2 & Y(O(on_b2_b3))) --working-dir experiment-1a-blocksworld-nondet/p4p-mynd-sc-ff/p08 --algorithm laostar --heuristic ff
p09	success	  0.650737	  2.100203	  2.750940	35	/home/marcofavorito/planning-for-past-temporal-goals/bin/plan4past -t mynd --domain experiment-1a-blocksworld-nondet/domain.pddl --problem experiment-1a-blocksworld-nondet/p09.pddl --formula O(on_b1_b2 & Y(O(on_b2_b3))) --working-dir experiment-1a-blocksworld-nondet/p4p-mynd-sc-ff/p09 --algorithm laostar --heuristic ff
p10	success	  0.680862	  2.547184	  3.228046	49	/home/marcofavorito/planning-for-past-temporal-goals/bin/plan4past -t mynd --domain experiment-1a-blocksworld-nondet/domain.pddl --problem experiment-1a-blocksworld-nondet/p10.pddl --formula O(on_b1_b2 & Y(O(on_b2_b3))) --working-dir experiment-1a-blocksworld-nondet/p4p-mynd-sc-ff/p10 --algorithm laostar --heuristic ff
p11	success	  0.658172	  3.325771	  3.983943	47	/home/marcofavorito/planning-for-past-temporal-goals/bin/plan4past -t mynd --domain experiment-1a-blocksworld-nondet/domain.pddl --problem experiment-1a-blocksworld-nondet/p11.pddl --formula O(on_b1_b2 & Y(O(on_b2_b3))) --working-dir experiment-1a-blocksworld-nondet/p4p-mynd-sc-ff/p11 --algorithm laostar --heuristic ff
p12	success	  0.654574	  3.508738	  4.163312	5	/home/marcofavorito/planning-for-past-temporal-goals/bin/plan4past -t mynd --domain experiment-1a-blocksworld-nondet/domain.pddl --problem experiment-1a-blocksworld-nondet/p12.pddl --formula O(on_b1_b2 & Y(O(on_b2_b3))) --working-dir experiment-1a-blocksworld-nondet/p4p-mynd-sc-ff/p12 --algorithm laostar --heuristic ff
p13	success	  0.611131	  3.524367	  4.135498	5	/home/marcofavorito/planning-for-past-temporal-goals/bin/plan4past -t mynd --domain experiment-1a-blocksworld-nondet/domain.pddl --problem experiment-1a-blocksworld-nondet/p13.pddl --formula O(on_b1_b2 & Y(O(on_b2_b3))) --working-dir experiment-1a-blocksworld-nondet/p4p-mynd-sc-ff/p13 --algorithm laostar --heuristic ff
p14	success	  0.684344	  5.171087	  5.855431	13	/home/marcofavorito/planning-for-past-temporal-goals/bin/plan4past -t mynd --domain experiment-1a-blocksworld-nondet/domain.pddl --problem experiment-1a-blocksworld-nondet/p14.pddl --formula O(on_b1_b2 & Y(O(on_b2_b3))) --working-dir experiment-1a-blocksworld-nondet/p4p-mynd-sc-ff/p14 --algorithm laostar --heuristic ff
p15	success	  0.436423	  5.491188	  5.927611	13	/home/marcofavorito/planning-for-past-temporal-goals/bin/plan4past -t mynd --domain experiment-1a-blocksworld-nondet/domain.pddl --problem experiment-1a-blocksworld-nondet/p15.pddl --formula O(on_b1_b2 & Y(O(on_b2_b3))) --working-dir experiment-1a-blocksworld-nondet/p4p-mynd-sc-ff/p15 --algorithm laostar --heuristic ff
p16	success	  0.684183	  5.834395	  6.518578	13	/home/marcofavorito/planning-for-past-temporal-goals/bin/plan4past -t mynd --domain experiment-1a-blocksworld-nondet/domain.pddl --problem experiment-1a-blocksworld-nondet/p16.pddl --formula O(on_b1_b2 & Y(O(on_b2_b3))) --working-dir experiment-1a-blocksworld-nondet/p4p-mynd-sc-ff/p16 --algorithm laostar --heuristic ff
p17	success	  0.641169	 11.579546	 12.220715	67	/home/marcofavorito/planning-for-past-temporal-goals/bin/plan4past -t mynd --domain experiment-1a-blocksworld-nondet/domain.pddl --problem experiment-1a-blocksworld-nondet/p17.pddl --formula O(on_b1_b2 & Y(O(on_b2_b3))) --working-dir experiment-1a-blocksworld-nondet/p4p-mynd-sc-ff/p17 --algorithm laostar --heuristic ff
p18	success	  0.701076	 14.844245	 15.545321	67	/home/marcofavorito/planning-for-past-temporal-goals/bin/plan4past -t mynd --domain experiment-1a-blocksworld-nondet/domain.pddl --problem experiment-1a-blocksworld-nondet/p18.pddl --formula O(on_b1_b2 & Y(O(on_b2_b3))) --working-dir experiment-1a-blocksworld-nondet/p4p-mynd-sc-ff/p18 --algorithm laostar --heuristic ff
p19	success	  0.436213	 18.028003	 18.464216	69	/home/marcofavorito/planning-for-past-temporal-goals/bin/plan4past -t mynd --domain experiment-1a-blocksworld-nondet/domain.pddl --problem experiment-1a-blocksworld-nondet/p19.pddl --formula O(on_b1_b2 & Y(O(on_b2_b3))) --working-dir experiment-1a-blocksworld-nondet/p4p-mynd-sc-ff/p19 --algorithm laostar --heuristic ff
p20	success	  0.435442	 18.725133	 19.160575	67	/home/marcofavorito/planning-for-past-temporal-goals/bin/plan4past -t mynd --domain experiment-1a-blocksworld-nondet/domain.pddl --problem experiment-1a-blocksworld-nondet/p20.pddl --formula O(on_b1_b2 & Y(O(on_b2_b3))) --working-dir experiment-1a-blocksworld-nondet/p4p-mynd-sc-ff/p20 --algorithm laostar --heuristic ff
