name	status	time_compilation	time_tool	time_end2end	nb_node_expanded	command
p02	success	  0.134248	  0.002874	  0.429244	5	/home/francesco/Projects/planning-for-past-temporal-goals/bin/ltlfond2fond_wrapper -t fd -d results/experiment-1b-blocksworld-det/domain.pddl -p results/experiment-1b-blocksworld-det/p02.pddl -g F("on b1 b2") --working-dir results/experiment-1b-blocksworld-det/lf2f-fd-ff/p02 --algorithm astar --heuristic ff
p03	success	  0.141527	  0.002571	  0.495064	10	/home/francesco/Projects/planning-for-past-temporal-goals/bin/ltlfond2fond_wrapper -t fd -d results/experiment-1b-blocksworld-det/domain.pddl -p results/experiment-1b-blocksworld-det/p03.pddl -g F("on b2 b3"&X(F("on b1 b2"))) --working-dir results/experiment-1b-blocksworld-det/lf2f-fd-ff/p03 --algorithm astar --heuristic ff
p04	success	  0.142776	  0.004117	  0.635798	15	/home/francesco/Projects/planning-for-past-temporal-goals/bin/ltlfond2fond_wrapper -t fd -d results/experiment-1b-blocksworld-det/domain.pddl -p results/experiment-1b-blocksworld-det/p04.pddl -g F("on b3 b4"&X(F("on b2 b3"&X(F("on b1 b2"))))) --working-dir results/experiment-1b-blocksworld-det/lf2f-fd-ff/p04 --algorithm astar --heuristic ff
p05	success	  0.150782	  0.007527	  0.946927	24	/home/francesco/Projects/planning-for-past-temporal-goals/bin/ltlfond2fond_wrapper -t fd -d results/experiment-1b-blocksworld-det/domain.pddl -p results/experiment-1b-blocksworld-det/p05.pddl -g F("on b4 b5"&X(F("on b3 b4"&X(F("on b2 b3"&X(F("on b1 b2"))))))) --working-dir results/experiment-1b-blocksworld-det/lf2f-fd-ff/p05 --algorithm astar --heuristic ff
p06	success	  0.150687	  0.015650	  1.485460	34	/home/francesco/Projects/planning-for-past-temporal-goals/bin/ltlfond2fond_wrapper -t fd -d results/experiment-1b-blocksworld-det/domain.pddl -p results/experiment-1b-blocksworld-det/p06.pddl -g F("on b5 b6"&X(F("on b4 b5"&X(F("on b3 b4"&X(F("on b2 b3"&X(F("on b1 b2"))))))))) --working-dir results/experiment-1b-blocksworld-det/lf2f-fd-ff/p06 --algorithm astar --heuristic ff
p07	success	  0.155337	  0.033347	  2.509948	46	/home/francesco/Projects/planning-for-past-temporal-goals/bin/ltlfond2fond_wrapper -t fd -d results/experiment-1b-blocksworld-det/domain.pddl -p results/experiment-1b-blocksworld-det/p07.pddl -g F("on b6 b7"&X(F("on b5 b6"&X(F("on b4 b5"&X(F("on b3 b4"&X(F("on b2 b3"&X(F("on b1 b2"))))))))))) --working-dir results/experiment-1b-blocksworld-det/lf2f-fd-ff/p07 --algorithm astar --heuristic ff
p08	success	  0.179134	  0.067219	  4.298647	60	/home/francesco/Projects/planning-for-past-temporal-goals/bin/ltlfond2fond_wrapper -t fd -d results/experiment-1b-blocksworld-det/domain.pddl -p results/experiment-1b-blocksworld-det/p08.pddl -g F("on b7 b8"&X(F("on b6 b7"&X(F("on b5 b6"&X(F("on b4 b5"&X(F("on b3 b4"&X(F("on b2 b3"&X(F("on b1 b2"))))))))))))) --working-dir results/experiment-1b-blocksworld-det/lf2f-fd-ff/p08 --algorithm astar --heuristic ff
p09	success	  0.173596	  0.135027	  7.350463	76	/home/francesco/Projects/planning-for-past-temporal-goals/bin/ltlfond2fond_wrapper -t fd -d results/experiment-1b-blocksworld-det/domain.pddl -p results/experiment-1b-blocksworld-det/p09.pddl -g F("on b8 b9"&X(F("on b7 b8"&X(F("on b6 b7"&X(F("on b5 b6"&X(F("on b4 b5"&X(F("on b3 b4"&X(F("on b2 b3"&X(F("on b1 b2"))))))))))))))) --working-dir results/experiment-1b-blocksworld-det/lf2f-fd-ff/p09 --algorithm astar --heuristic ff
p10	success	  0.188062	  0.243827	 11.604863	85	/home/francesco/Projects/planning-for-past-temporal-goals/bin/ltlfond2fond_wrapper -t fd -d results/experiment-1b-blocksworld-det/domain.pddl -p results/experiment-1b-blocksworld-det/p10.pddl -g F("on b9 b10"&X(F("on b8 b9"&X(F("on b7 b8"&X(F("on b6 b7"&X(F("on b5 b6"&X(F("on b4 b5"&X(F("on b3 b4"&X(F("on b2 b3"&X(F("on b1 b2"))))))))))))))))) --working-dir results/experiment-1b-blocksworld-det/lf2f-fd-ff/p10 --algorithm astar --heuristic ff
p11	success	  0.219037	  0.486377	 16.840155	112	/home/francesco/Projects/planning-for-past-temporal-goals/bin/ltlfond2fond_wrapper -t fd -d results/experiment-1b-blocksworld-det/domain.pddl -p results/experiment-1b-blocksworld-det/p11.pddl -g F("on b10 b11"&X(F("on b9 b10"&X(F("on b8 b9"&X(F("on b7 b8"&X(F("on b6 b7"&X(F("on b5 b6"&X(F("on b4 b5"&X(F("on b3 b4"&X(F("on b2 b3"&X(F("on b1 b2"))))))))))))))))))) --working-dir results/experiment-1b-blocksworld-det/lf2f-fd-ff/p11 --algorithm astar --heuristic ff
p12	success	  0.277259	  0.900918	 25.250855	135	/home/francesco/Projects/planning-for-past-temporal-goals/bin/ltlfond2fond_wrapper -t fd -d results/experiment-1b-blocksworld-det/domain.pddl -p results/experiment-1b-blocksworld-det/p12.pddl -g F("on b11 b12"&X(F("on b10 b11"&X(F("on b9 b10"&X(F("on b8 b9"&X(F("on b7 b8"&X(F("on b6 b7"&X(F("on b5 b6"&X(F("on b4 b5"&X(F("on b3 b4"&X(F("on b2 b3"&X(F("on b1 b2"))))))))))))))))))))) --working-dir results/experiment-1b-blocksworld-det/lf2f-fd-ff/p12 --algorithm astar --heuristic ff
p13	success	  0.350142	  1.539510	 35.043116	160	/home/francesco/Projects/planning-for-past-temporal-goals/bin/ltlfond2fond_wrapper -t fd -d results/experiment-1b-blocksworld-det/domain.pddl -p results/experiment-1b-blocksworld-det/p13.pddl -g F("on b12 b13"&X(F("on b11 b12"&X(F("on b10 b11"&X(F("on b9 b10"&X(F("on b8 b9"&X(F("on b7 b8"&X(F("on b6 b7"&X(F("on b5 b6"&X(F("on b4 b5"&X(F("on b3 b4"&X(F("on b2 b3"&X(F("on b1 b2"))))))))))))))))))))))) --working-dir results/experiment-1b-blocksworld-det/lf2f-fd-ff/p13 --algorithm astar --heuristic ff
p14	success	  0.642019	  2.625920	 48.189719	186	/home/francesco/Projects/planning-for-past-temporal-goals/bin/ltlfond2fond_wrapper -t fd -d results/experiment-1b-blocksworld-det/domain.pddl -p results/experiment-1b-blocksworld-det/p14.pddl -g F("on b13 b14"&X(F("on b12 b13"&X(F("on b11 b12"&X(F("on b10 b11"&X(F("on b9 b10"&X(F("on b8 b9"&X(F("on b7 b8"&X(F("on b6 b7"&X(F("on b5 b6"&X(F("on b4 b5"&X(F("on b3 b4"&X(F("on b2 b3"&X(F("on b1 b2"))))))))))))))))))))))))) --working-dir results/experiment-1b-blocksworld-det/lf2f-fd-ff/p14 --algorithm astar --heuristic ff
p15	success	  1.629277	  4.333410	 65.787422	214	/home/francesco/Projects/planning-for-past-temporal-goals/bin/ltlfond2fond_wrapper -t fd -d results/experiment-1b-blocksworld-det/domain.pddl -p results/experiment-1b-blocksworld-det/p15.pddl -g F("on b14 b15"&X(F("on b13 b14"&X(F("on b12 b13"&X(F("on b11 b12"&X(F("on b10 b11"&X(F("on b9 b10"&X(F("on b8 b9"&X(F("on b7 b8"&X(F("on b6 b7"&X(F("on b5 b6"&X(F("on b4 b5"&X(F("on b3 b4"&X(F("on b2 b3"&X(F("on b1 b2"))))))))))))))))))))))))))) --working-dir results/experiment-1b-blocksworld-det/lf2f-fd-ff/p15 --algorithm astar --heuristic ff
p16	success	  4.365226	  7.622370	 90.388764	244	/home/francesco/Projects/planning-for-past-temporal-goals/bin/ltlfond2fond_wrapper -t fd -d results/experiment-1b-blocksworld-det/domain.pddl -p results/experiment-1b-blocksworld-det/p16.pddl -g F("on b15 b16"&X(F("on b14 b15"&X(F("on b13 b14"&X(F("on b12 b13"&X(F("on b11 b12"&X(F("on b10 b11"&X(F("on b9 b10"&X(F("on b8 b9"&X(F("on b7 b8"&X(F("on b6 b7"&X(F("on b5 b6"&X(F("on b4 b5"&X(F("on b3 b4"&X(F("on b2 b3"&X(F("on b1 b2"))))))))))))))))))))))))))))) --working-dir results/experiment-1b-blocksworld-det/lf2f-fd-ff/p16 --algorithm astar --heuristic ff
p17	success	 12.021855	 12.932600	126.576304	276	/home/francesco/Projects/planning-for-past-temporal-goals/bin/ltlfond2fond_wrapper -t fd -d results/experiment-1b-blocksworld-det/domain.pddl -p results/experiment-1b-blocksworld-det/p17.pddl -g F("on b16 b17"&X(F("on b15 b16"&X(F("on b14 b15"&X(F("on b13 b14"&X(F("on b12 b13"&X(F("on b11 b12"&X(F("on b10 b11"&X(F("on b9 b10"&X(F("on b8 b9"&X(F("on b7 b8"&X(F("on b6 b7"&X(F("on b5 b6"&X(F("on b4 b5"&X(F("on b3 b4"&X(F("on b2 b3"&X(F("on b1 b2"))))))))))))))))))))))))))))))) --working-dir results/experiment-1b-blocksworld-det/lf2f-fd-ff/p17 --algorithm astar --heuristic ff
p18	success	 35.794653	 22.607600	187.165162	310	/home/francesco/Projects/planning-for-past-temporal-goals/bin/ltlfond2fond_wrapper -t fd -d results/experiment-1b-blocksworld-det/domain.pddl -p results/experiment-1b-blocksworld-det/p18.pddl -g F("on b17 b18"&X(F("on b16 b17"&X(F("on b15 b16"&X(F("on b14 b15"&X(F("on b13 b14"&X(F("on b12 b13"&X(F("on b11 b12"&X(F("on b10 b11"&X(F("on b9 b10"&X(F("on b8 b9"&X(F("on b7 b8"&X(F("on b6 b7"&X(F("on b5 b6"&X(F("on b4 b5"&X(F("on b3 b4"&X(F("on b2 b3"&X(F("on b1 b2"))))))))))))))))))))))))))))))))) --working-dir results/experiment-1b-blocksworld-det/lf2f-fd-ff/p18 --algorithm astar --heuristic ff
p19	error	 -1.000000	 -1.000000	 61.214434	None	/home/francesco/Projects/planning-for-past-temporal-goals/bin/ltlfond2fond_wrapper -t fd -d results/experiment-1b-blocksworld-det/domain.pddl -p results/experiment-1b-blocksworld-det/p19.pddl -g F("on b18 b19"&X(F("on b17 b18"&X(F("on b16 b17"&X(F("on b15 b16"&X(F("on b14 b15"&X(F("on b13 b14"&X(F("on b12 b13"&X(F("on b11 b12"&X(F("on b10 b11"&X(F("on b9 b10"&X(F("on b8 b9"&X(F("on b7 b8"&X(F("on b6 b7"&X(F("on b5 b6"&X(F("on b4 b5"&X(F("on b3 b4"&X(F("on b2 b3"&X(F("on b1 b2"))))))))))))))))))))))))))))))))))) --working-dir results/experiment-1b-blocksworld-det/lf2f-fd-ff/p19 --algorithm astar --heuristic ff
