name	status	time_compilation	time_tool	time_end2end	nb_node_expanded	command
p02	success	  0.108620	  0.732733	  0.841353	5	/home/marcofavorito/planning-for-past-temporal-goals/bin/ltlfond2fond_wrapper -t mynd -d experiment-1b-blocksworld-nondet/domain.pddl -p experiment-1b-blocksworld-nondet/p02.pddl -g F("on b1 b2") --working-dir experiment-1b-blocksworld-nondet/lf2f-mynd-sc-ff/p02 --algorithm laostar --heuristic ff
p03	success	  0.111021	 19.069192	 19.180213	74	/home/marcofavorito/planning-for-past-temporal-goals/bin/ltlfond2fond_wrapper -t mynd -d experiment-1b-blocksworld-nondet/domain.pddl -p experiment-1b-blocksworld-nondet/p03.pddl -g F("on b2 b3"&X(F("on b1 b2"))) --working-dir experiment-1b-blocksworld-nondet/lf2f-mynd-sc-ff/p03 --algorithm laostar --heuristic ff
p04	success	  0.100645	 86.038676	 86.139321	282	/home/marcofavorito/planning-for-past-temporal-goals/bin/ltlfond2fond_wrapper -t mynd -d experiment-1b-blocksworld-nondet/domain.pddl -p experiment-1b-blocksworld-nondet/p04.pddl -g F("on b3 b4"&X(F("on b2 b3"&X(F("on b1 b2"))))) --working-dir experiment-1b-blocksworld-nondet/lf2f-mynd-sc-ff/p04 --algorithm laostar --heuristic ff
p05	timeout	 -1.000000	 -1.000000	300.004868	None	/home/marcofavorito/planning-for-past-temporal-goals/bin/ltlfond2fond_wrapper -t mynd -d experiment-1b-blocksworld-nondet/domain.pddl -p experiment-1b-blocksworld-nondet/p05.pddl -g F("on b4 b5"&X(F("on b3 b4"&X(F("on b2 b3"&X(F("on b1 b2"))))))) --working-dir experiment-1b-blocksworld-nondet/lf2f-mynd-sc-ff/p05 --algorithm laostar --heuristic ff
