name	status	time_compilation	time_tool	time_end2end	nb_node_expanded	command
p03	success	  0.210427	 18.405402	 18.615829	74	/home/marcofavorito/planning-for-past-temporal-goals/bin/ltlfond2fond_wrapper -t mynd -d experiment-1a-blocksworld-nondet/domain.pddl -p experiment-1a-blocksworld-nondet/p03.pddl -g F("on b2 b3"&X(F("on b1 b2"))) --working-dir experiment-1a-blocksworld-nondet/lf2f-mynd-sc-ff/p03 --algorithm laostar --heuristic ff
p04	success	  0.134682	 35.999568	 36.134250	62	/home/marcofavorito/planning-for-past-temporal-goals/bin/ltlfond2fond_wrapper -t mynd -d experiment-1a-blocksworld-nondet/domain.pddl -p experiment-1a-blocksworld-nondet/p04.pddl -g F("on b2 b3"&X(F("on b1 b2"))) --working-dir experiment-1a-blocksworld-nondet/lf2f-mynd-sc-ff/p04 --algorithm laostar --heuristic ff
p05	success	  0.132666	107.578278	107.710944	42	/home/marcofavorito/planning-for-past-temporal-goals/bin/ltlfond2fond_wrapper -t mynd -d experiment-1a-blocksworld-nondet/domain.pddl -p experiment-1a-blocksworld-nondet/p05.pddl -g F("on b2 b3"&X(F("on b1 b2"))) --working-dir experiment-1a-blocksworld-nondet/lf2f-mynd-sc-ff/p05 --algorithm laostar --heuristic ff
p06	success	  0.131068	192.905467	193.036535	122	/home/marcofavorito/planning-for-past-temporal-goals/bin/ltlfond2fond_wrapper -t mynd -d experiment-1a-blocksworld-nondet/domain.pddl -p experiment-1a-blocksworld-nondet/p06.pddl -g F("on b2 b3"&X(F("on b1 b2"))) --working-dir experiment-1a-blocksworld-nondet/lf2f-mynd-sc-ff/p06 --algorithm laostar --heuristic ff
p07	timeout	 -1.000000	 -1.000000	300.005062	None	/home/marcofavorito/planning-for-past-temporal-goals/bin/ltlfond2fond_wrapper -t mynd -d experiment-1a-blocksworld-nondet/domain.pddl -p experiment-1a-blocksworld-nondet/p07.pddl -g F("on b2 b3"&X(F("on b1 b2"))) --working-dir experiment-1a-blocksworld-nondet/lf2f-mynd-sc-ff/p07 --algorithm laostar --heuristic ff
