name	status	time_compilation	time_tool	time_end2end	nb_node_expanded	command
p02	success	  1.019606	  0.579191	  1.598797	1	/home/anonymousauthor/workfolder/planning-with-past-code/bin/plan4past -t mynd --domain final_results/experiment-1b-triangle-tireworld-nondet/domain.pddl --problem final_results/experiment-1b-triangle-tireworld-nondet/p02.pddl --formula O(vehicleat_l2x1 & Y(O(vehicleat_l1x1))) --working-dir final_results/experiment-1b-triangle-tireworld-nondet/p4p-mynd-sc-ff/p02 --algorithm laostar --heuristic ff
p03	success	  0.902436	  0.715806	  1.618242	4	/home/anonymousauthor/workfolder/planning-with-past-code/bin/plan4past -t mynd --domain final_results/experiment-1b-triangle-tireworld-nondet/domain.pddl --problem final_results/experiment-1b-triangle-tireworld-nondet/p03.pddl --formula O(vehicleat_l2x2 & Y(O(vehicleat_l2x1 & Y(O(vehicleat_l1x1))))) --working-dir final_results/experiment-1b-triangle-tireworld-nondet/p4p-mynd-sc-ff/p03 --algorithm laostar --heuristic ff
p04	success	  0.997585	  0.745725	  1.743310	10	/home/anonymousauthor/workfolder/planning-with-past-code/bin/plan4past -t mynd --domain final_results/experiment-1b-triangle-tireworld-nondet/domain.pddl --problem final_results/experiment-1b-triangle-tireworld-nondet/p04.pddl --formula O(vehicleat_l3x2 & Y(O(vehicleat_l2x2 & Y(O(vehicleat_l2x1 & Y(O(vehicleat_l1x1))))))) --working-dir final_results/experiment-1b-triangle-tireworld-nondet/p4p-mynd-sc-ff/p04 --algorithm laostar --heuristic ff
p05	success	  0.983560	 97.287438	 98.270998	12239	/home/anonymousauthor/workfolder/planning-with-past-code/bin/plan4past -t mynd --domain final_results/experiment-1b-triangle-tireworld-nondet/domain.pddl --problem final_results/experiment-1b-triangle-tireworld-nondet/p05.pddl --formula O(vehicleat_l3x3 & Y(O(vehicleat_l3x2 & Y(O(vehicleat_l2x2 & Y(O(vehicleat_l2x1 & Y(O(vehicleat_l1x1))))))))) --working-dir final_results/experiment-1b-triangle-tireworld-nondet/p4p-mynd-sc-ff/p05 --algorithm laostar --heuristic ff
p06	timeout	 -1.000000	 -1.000000	300.004319	None	/home/anonymousauthor/workfolder/planning-with-past-code/bin/plan4past -t mynd --domain final_results/experiment-1b-triangle-tireworld-nondet/domain.pddl --problem final_results/experiment-1b-triangle-tireworld-nondet/p06.pddl --formula O(vehicleat_l4x3 & Y(O(vehicleat_l3x3 & Y(O(vehicleat_l3x2 & Y(O(vehicleat_l2x2 & Y(O(vehicleat_l2x1 & Y(O(vehicleat_l1x1))))))))))) --working-dir final_results/experiment-1b-triangle-tireworld-nondet/p4p-mynd-sc-ff/p06 --algorithm laostar --heuristic ff
