name	status	time_compilation	time_tool	time_end2end	nb_node_expanded	command
p03	success	  0.566747	  0.456210	  1.022957	5	/home/anonymousauthor/Projects/planning-for-past-temporal-goals/bin/plan4past -t mynd --domain experiment-1a-blocksworld-nondet-new35/domain.pddl --problem experiment-1a-blocksworld-nondet-new35/p03.pddl --formula O(on_b1_b2 & Y(O(on_b2_b3))) --working-dir experiment-1a-blocksworld-nondet-new35/p4p-mynd-sc-ff/p03 --algorithm laostar --heuristic ff
p04	success	  0.609382	  0.642937	  1.252319	5	/home/anonymousauthor/Projects/planning-for-past-temporal-goals/bin/plan4past -t mynd --domain experiment-1a-blocksworld-nondet-new35/domain.pddl --problem experiment-1a-blocksworld-nondet-new35/p04.pddl --formula O(on_b1_b2 & Y(O(on_b2_b3))) --working-dir experiment-1a-blocksworld-nondet-new35/p4p-mynd-sc-ff/p04 --algorithm laostar --heuristic ff
p05	success	  0.589117	  0.670885	  1.260002	5	/home/anonymousauthor/Projects/planning-for-past-temporal-goals/bin/plan4past -t mynd --domain experiment-1a-blocksworld-nondet-new35/domain.pddl --problem experiment-1a-blocksworld-nondet-new35/p05.pddl --formula O(on_b1_b2 & Y(O(on_b2_b3))) --working-dir experiment-1a-blocksworld-nondet-new35/p4p-mynd-sc-ff/p05 --algorithm laostar --heuristic ff
p06	success	  0.612498	  0.815488	  1.427986	13	/home/anonymousauthor/Projects/planning-for-past-temporal-goals/bin/plan4past -t mynd --domain experiment-1a-blocksworld-nondet-new35/domain.pddl --problem experiment-1a-blocksworld-nondet-new35/p06.pddl --formula O(on_b1_b2 & Y(O(on_b2_b3))) --working-dir experiment-1a-blocksworld-nondet-new35/p4p-mynd-sc-ff/p06 --algorithm laostar --heuristic ff
p07	success	  0.621805	  0.949491	  1.571296	29	/home/anonymousauthor/Projects/planning-for-past-temporal-goals/bin/plan4past -t mynd --domain experiment-1a-blocksworld-nondet-new35/domain.pddl --problem experiment-1a-blocksworld-nondet-new35/p07.pddl --formula O(on_b1_b2 & Y(O(on_b2_b3))) --working-dir experiment-1a-blocksworld-nondet-new35/p4p-mynd-sc-ff/p07 --algorithm laostar --heuristic ff
p08	success	  0.566556	  1.346635	  1.913191	41	/home/anonymousauthor/Projects/planning-for-past-temporal-goals/bin/plan4past -t mynd --domain experiment-1a-blocksworld-nondet-new35/domain.pddl --problem experiment-1a-blocksworld-nondet-new35/p08.pddl --formula O(on_b1_b2 & Y(O(on_b2_b3))) --working-dir experiment-1a-blocksworld-nondet-new35/p4p-mynd-sc-ff/p08 --algorithm laostar --heuristic ff
p09	success	  0.567687	  1.599713	  2.167400	35	/home/anonymousauthor/Projects/planning-for-past-temporal-goals/bin/plan4past -t mynd --domain experiment-1a-blocksworld-nondet-new35/domain.pddl --problem experiment-1a-blocksworld-nondet-new35/p09.pddl --formula O(on_b1_b2 & Y(O(on_b2_b3))) --working-dir experiment-1a-blocksworld-nondet-new35/p4p-mynd-sc-ff/p09 --algorithm laostar --heuristic ff
p10	success	  0.590218	  2.024697	  2.614915	49	/home/anonymousauthor/Projects/planning-for-past-temporal-goals/bin/plan4past -t mynd --domain experiment-1a-blocksworld-nondet-new35/domain.pddl --problem experiment-1a-blocksworld-nondet-new35/p10.pddl --formula O(on_b1_b2 & Y(O(on_b2_b3))) --working-dir experiment-1a-blocksworld-nondet-new35/p4p-mynd-sc-ff/p10 --algorithm laostar --heuristic ff
p11	success	  0.585652	  2.429742	  3.015394	47	/home/anonymousauthor/Projects/planning-for-past-temporal-goals/bin/plan4past -t mynd --domain experiment-1a-blocksworld-nondet-new35/domain.pddl --problem experiment-1a-blocksworld-nondet-new35/p11.pddl --formula O(on_b1_b2 & Y(O(on_b2_b3))) --working-dir experiment-1a-blocksworld-nondet-new35/p4p-mynd-sc-ff/p11 --algorithm laostar --heuristic ff
p12	success	  0.602418	  2.515756	  3.118174	5	/home/anonymousauthor/Projects/planning-for-past-temporal-goals/bin/plan4past -t mynd --domain experiment-1a-blocksworld-nondet-new35/domain.pddl --problem experiment-1a-blocksworld-nondet-new35/p12.pddl --formula O(on_b1_b2 & Y(O(on_b2_b3))) --working-dir experiment-1a-blocksworld-nondet-new35/p4p-mynd-sc-ff/p12 --algorithm laostar --heuristic ff
p13	success	  0.597632	  2.939263	  3.536895	5	/home/anonymousauthor/Projects/planning-for-past-temporal-goals/bin/plan4past -t mynd --domain experiment-1a-blocksworld-nondet-new35/domain.pddl --problem experiment-1a-blocksworld-nondet-new35/p13.pddl --formula O(on_b1_b2 & Y(O(on_b2_b3))) --working-dir experiment-1a-blocksworld-nondet-new35/p4p-mynd-sc-ff/p13 --algorithm laostar --heuristic ff
p14	success	  0.603698	  3.666843	  4.270541	13	/home/anonymousauthor/Projects/planning-for-past-temporal-goals/bin/plan4past -t mynd --domain experiment-1a-blocksworld-nondet-new35/domain.pddl --problem experiment-1a-blocksworld-nondet-new35/p14.pddl --formula O(on_b1_b2 & Y(O(on_b2_b3))) --working-dir experiment-1a-blocksworld-nondet-new35/p4p-mynd-sc-ff/p14 --algorithm laostar --heuristic ff
p15	success	  0.575313	  4.675891	  5.251204	13	/home/anonymousauthor/Projects/planning-for-past-temporal-goals/bin/plan4past -t mynd --domain experiment-1a-blocksworld-nondet-new35/domain.pddl --problem experiment-1a-blocksworld-nondet-new35/p15.pddl --formula O(on_b1_b2 & Y(O(on_b2_b3))) --working-dir experiment-1a-blocksworld-nondet-new35/p4p-mynd-sc-ff/p15 --algorithm laostar --heuristic ff
p16	success	  0.587767	  5.460232	  6.047999	13	/home/anonymousauthor/Projects/planning-for-past-temporal-goals/bin/plan4past -t mynd --domain experiment-1a-blocksworld-nondet-new35/domain.pddl --problem experiment-1a-blocksworld-nondet-new35/p16.pddl --formula O(on_b1_b2 & Y(O(on_b2_b3))) --working-dir experiment-1a-blocksworld-nondet-new35/p4p-mynd-sc-ff/p16 --algorithm laostar --heuristic ff
p17	success	  0.602048	  9.960194	 10.562242	67	/home/anonymousauthor/Projects/planning-for-past-temporal-goals/bin/plan4past -t mynd --domain experiment-1a-blocksworld-nondet-new35/domain.pddl --problem experiment-1a-blocksworld-nondet-new35/p17.pddl --formula O(on_b1_b2 & Y(O(on_b2_b3))) --working-dir experiment-1a-blocksworld-nondet-new35/p4p-mynd-sc-ff/p17 --algorithm laostar --heuristic ff
p18	success	  0.596404	 13.674249	 14.270653	67	/home/anonymousauthor/Projects/planning-for-past-temporal-goals/bin/plan4past -t mynd --domain experiment-1a-blocksworld-nondet-new35/domain.pddl --problem experiment-1a-blocksworld-nondet-new35/p18.pddl --formula O(on_b1_b2 & Y(O(on_b2_b3))) --working-dir experiment-1a-blocksworld-nondet-new35/p4p-mynd-sc-ff/p18 --algorithm laostar --heuristic ff
p19	success	  0.586135	 15.819529	 16.405664	69	/home/anonymousauthor/Projects/planning-for-past-temporal-goals/bin/plan4past -t mynd --domain experiment-1a-blocksworld-nondet-new35/domain.pddl --problem experiment-1a-blocksworld-nondet-new35/p19.pddl --formula O(on_b1_b2 & Y(O(on_b2_b3))) --working-dir experiment-1a-blocksworld-nondet-new35/p4p-mynd-sc-ff/p19 --algorithm laostar --heuristic ff
p20	success	  0.594271	 18.399028	 18.993299	67	/home/anonymousauthor/Projects/planning-for-past-temporal-goals/bin/plan4past -t mynd --domain experiment-1a-blocksworld-nondet-new35/domain.pddl --problem experiment-1a-blocksworld-nondet-new35/p20.pddl --formula O(on_b1_b2 & Y(O(on_b2_b3))) --working-dir experiment-1a-blocksworld-nondet-new35/p4p-mynd-sc-ff/p20 --algorithm laostar --heuristic ff
p21	success	  0.578550	 29.064414	 29.642964	99	/home/anonymousauthor/Projects/planning-for-past-temporal-goals/bin/plan4past -t mynd --domain experiment-1a-blocksworld-nondet-new35/domain.pddl --problem experiment-1a-blocksworld-nondet-new35/p21.pddl --formula O(on_b1_b2 & Y(O(on_b2_b3))) --working-dir experiment-1a-blocksworld-nondet-new35/p4p-mynd-sc-ff/p21 --algorithm laostar --heuristic ff
p22	success	  0.631796	 66.088967	 66.720763	119	/home/anonymousauthor/Projects/planning-for-past-temporal-goals/bin/plan4past -t mynd --domain experiment-1a-blocksworld-nondet-new35/domain.pddl --problem experiment-1a-blocksworld-nondet-new35/p21.pddl --formula O(on_b1_b2 & Y(O(on_b2_b3))) --working-dir experiment-1a-blocksworld-nondet-new35/p4p-mynd-sc-ff/p22 --algorithm laostar --heuristic ff
p23	success	  0.583450	 22.385888	 22.969338	33	/home/anonymousauthor/Projects/planning-for-past-temporal-goals/bin/plan4past -t mynd --domain experiment-1a-blocksworld-nondet-new35/domain.pddl --problem experiment-1a-blocksworld-nondet-new35/p23.pddl --formula O(on_b1_b2 & Y(O(on_b2_b3))) --working-dir experiment-1a-blocksworld-nondet-new35/p4p-mynd-sc-ff/p23 --algorithm laostar --heuristic ff
p24	success	  0.589344	 26.597824	 27.187168	33	/home/anonymousauthor/Projects/planning-for-past-temporal-goals/bin/plan4past -t mynd --domain experiment-1a-blocksworld-nondet-new35/domain.pddl --problem experiment-1a-blocksworld-nondet-new35/p24.pddl --formula O(on_b1_b2 & Y(O(on_b2_b3))) --working-dir experiment-1a-blocksworld-nondet-new35/p4p-mynd-sc-ff/p24 --algorithm laostar --heuristic ff
p25	success	  0.549946	 18.209547	 18.759493	5	/home/anonymousauthor/Projects/planning-for-past-temporal-goals/bin/plan4past -t mynd --domain experiment-1a-blocksworld-nondet-new35/domain.pddl --problem experiment-1a-blocksworld-nondet-new35/p25.pddl --formula O(on_b1_b2 & Y(O(on_b2_b3))) --working-dir experiment-1a-blocksworld-nondet-new35/p4p-mynd-sc-ff/p25 --algorithm laostar --heuristic ff
p26	success	  0.573211	 20.144322	 20.717533	5	/home/anonymousauthor/Projects/planning-for-past-temporal-goals/bin/plan4past -t mynd --domain experiment-1a-blocksworld-nondet-new35/domain.pddl --problem experiment-1a-blocksworld-nondet-new35/p26.pddl --formula O(on_b1_b2 & Y(O(on_b2_b3))) --working-dir experiment-1a-blocksworld-nondet-new35/p4p-mynd-sc-ff/p26 --algorithm laostar --heuristic ff
p27	success	  0.603882	 27.807644	 28.411526	13	/home/anonymousauthor/Projects/planning-for-past-temporal-goals/bin/plan4past -t mynd --domain experiment-1a-blocksworld-nondet-new35/domain.pddl --problem experiment-1a-blocksworld-nondet-new35/p27.pddl --formula O(on_b1_b2 & Y(O(on_b2_b3))) --working-dir experiment-1a-blocksworld-nondet-new35/p4p-mynd-sc-ff/p27 --algorithm laostar --heuristic ff
p28	success	  0.583458	 25.891753	 26.475211	5	/home/anonymousauthor/Projects/planning-for-past-temporal-goals/bin/plan4past -t mynd --domain experiment-1a-blocksworld-nondet-new35/domain.pddl --problem experiment-1a-blocksworld-nondet-new35/p28.pddl --formula O(on_b1_b2 & Y(O(on_b2_b3))) --working-dir experiment-1a-blocksworld-nondet-new35/p4p-mynd-sc-ff/p28 --algorithm laostar --heuristic ff
p29	success	  0.591898	 28.109159	 28.701057	5	/home/anonymousauthor/Projects/planning-for-past-temporal-goals/bin/plan4past -t mynd --domain experiment-1a-blocksworld-nondet-new35/domain.pddl --problem experiment-1a-blocksworld-nondet-new35/p29.pddl --formula O(on_b1_b2 & Y(O(on_b2_b3))) --working-dir experiment-1a-blocksworld-nondet-new35/p4p-mynd-sc-ff/p29 --algorithm laostar --heuristic ff
p30	success	  0.581096	 32.237247	 32.818343	5	/home/anonymousauthor/Projects/planning-for-past-temporal-goals/bin/plan4past -t mynd --domain experiment-1a-blocksworld-nondet-new35/domain.pddl --problem experiment-1a-blocksworld-nondet-new35/p30.pddl --formula O(on_b1_b2 & Y(O(on_b2_b3))) --working-dir experiment-1a-blocksworld-nondet-new35/p4p-mynd-sc-ff/p30 --algorithm laostar --heuristic ff
p31	success	  0.570406	 36.259578	 36.829984	5	/home/anonymousauthor/Projects/planning-for-past-temporal-goals/bin/plan4past -t mynd --domain experiment-1a-blocksworld-nondet-new35/domain.pddl --problem experiment-1a-blocksworld-nondet-new35/p31.pddl --formula O(on_b1_b2 & Y(O(on_b2_b3))) --working-dir experiment-1a-blocksworld-nondet-new35/p4p-mynd-sc-ff/p31 --algorithm laostar --heuristic ff
p32	success	  0.575331	 40.611327	 41.186658	5	/home/anonymousauthor/Projects/planning-for-past-temporal-goals/bin/plan4past -t mynd --domain experiment-1a-blocksworld-nondet-new35/domain.pddl --problem experiment-1a-blocksworld-nondet-new35/p32.pddl --formula O(on_b1_b2 & Y(O(on_b2_b3))) --working-dir experiment-1a-blocksworld-nondet-new35/p4p-mynd-sc-ff/p32 --algorithm laostar --heuristic ff
p33	timeout	 -1.000000	 -1.000000	 60.005410	None	/home/anonymousauthor/Projects/planning-for-past-temporal-goals/bin/plan4past -t mynd --domain experiment-1a-blocksworld-nondet-new35/domain.pddl --problem experiment-1a-blocksworld-nondet-new35/p33.pddl --formula O(on_b1_b2 & Y(O(on_b2_b3))) --working-dir experiment-1a-blocksworld-nondet-new35/p4p-mynd-sc-ff/p33 --algorithm laostar --heuristic ff
p34	success	  0.564354	 49.126312	 49.690666	5	/home/anonymousauthor/Projects/planning-for-past-temporal-goals/bin/plan4past -t mynd --domain experiment-1a-blocksworld-nondet-new35/domain.pddl --problem experiment-1a-blocksworld-nondet-new35/p34.pddl --formula O(on_b1_b2 & Y(O(on_b2_b3))) --working-dir experiment-1a-blocksworld-nondet-new35/p4p-mynd-sc-ff/p34 --algorithm laostar --heuristic ff
p35	timeout	 -1.000000	 -1.000000	 60.004339	None	/home/anonymousauthor/Projects/planning-for-past-temporal-goals/bin/plan4past -t mynd --domain experiment-1a-blocksworld-nondet-new35/domain.pddl --problem experiment-1a-blocksworld-nondet-new35/p35.pddl --formula O(on_b1_b2 & Y(O(on_b2_b3))) --working-dir experiment-1a-blocksworld-nondet-new35/p4p-mynd-sc-ff/p35 --algorithm laostar --heuristic ff
