name	status	time_compilation	time_tool	time_end2end	nb_node_expanded	command
p01	success	  0.374208	  0.247915	  0.622123	22	/home/marcofavorito/workfolder/planning-with-past-code/bin/plan4past -t mynd --domain data/non-deterministic/triangle-tireworld/domain.pddl --problem data/non-deterministic/triangle-tireworld/p01.pddl --formula vehicleat_l1x3 --working-dir experiment-2-triangle-tireworld-nondet-bis/p4p-mynd-sc-ff/p01 --algorithm laostar --heuristic ff
p02	success	  0.345029	  0.275212	  0.620241	61	/home/marcofavorito/workfolder/planning-with-past-code/bin/plan4past -t mynd --domain data/non-deterministic/triangle-tireworld/domain.pddl --problem data/non-deterministic/triangle-tireworld/p02.pddl --formula vehicleat_l1x5 --working-dir experiment-2-triangle-tireworld-nondet-bis/p4p-mynd-sc-ff/p02 --algorithm laostar --heuristic ff
p03	success	  0.370638	  0.377252	  0.747890	217	/home/marcofavorito/workfolder/planning-with-past-code/bin/plan4past -t mynd --domain data/non-deterministic/triangle-tireworld/domain.pddl --problem data/non-deterministic/triangle-tireworld/p03.pddl --formula vehicleat_l1x7 --working-dir experiment-2-triangle-tireworld-nondet-bis/p4p-mynd-sc-ff/p03 --algorithm laostar --heuristic ff
p04	success	  0.351104	  0.429890	  0.780994	805	/home/marcofavorito/workfolder/planning-with-past-code/bin/plan4past -t mynd --domain data/non-deterministic/triangle-tireworld/domain.pddl --problem data/non-deterministic/triangle-tireworld/p04.pddl --formula vehicleat_l1x9 --working-dir experiment-2-triangle-tireworld-nondet-bis/p4p-mynd-sc-ff/p04 --algorithm laostar --heuristic ff
p05	success	  0.351199	  0.868020	  1.219219	3121	/home/marcofavorito/workfolder/planning-with-past-code/bin/plan4past -t mynd --domain data/non-deterministic/triangle-tireworld/domain.pddl --problem data/non-deterministic/triangle-tireworld/p05.pddl --formula vehicleat_l1x11 --working-dir experiment-2-triangle-tireworld-nondet-bis/p4p-mynd-sc-ff/p05 --algorithm laostar --heuristic ff
p06	success	  0.358137	  5.047196	  5.405333	12349	/home/marcofavorito/workfolder/planning-with-past-code/bin/plan4past -t mynd --domain data/non-deterministic/triangle-tireworld/domain.pddl --problem data/non-deterministic/triangle-tireworld/p06.pddl --formula vehicleat_l1x13 --working-dir experiment-2-triangle-tireworld-nondet-bis/p4p-mynd-sc-ff/p06 --algorithm laostar --heuristic ff
p07	success	  0.362019	169.373591	169.735610	49225	/home/marcofavorito/workfolder/planning-with-past-code/bin/plan4past -t mynd --domain data/non-deterministic/triangle-tireworld/domain.pddl --problem data/non-deterministic/triangle-tireworld/p07.pddl --formula vehicleat_l1x15 --working-dir experiment-2-triangle-tireworld-nondet-bis/p4p-mynd-sc-ff/p07 --algorithm laostar --heuristic ff
p08	timeout	 -1.000000	 -1.000000	300.003191	None	/home/marcofavorito/workfolder/planning-with-past-code/bin/plan4past -t mynd --domain data/non-deterministic/triangle-tireworld/domain.pddl --problem data/non-deterministic/triangle-tireworld/p08.pddl --formula vehicleat_l1x17 --working-dir experiment-2-triangle-tireworld-nondet-bis/p4p-mynd-sc-ff/p08 --algorithm laostar --heuristic ff
