name	status	time_compilation	time_tool	time_end2end	nb_node_expanded	command
p01	success	  0.476617	  0.330758	  0.807375	59	/home/marcofavorito/workfolder/planning-with-past-code/bin/plan4past -t mynd --domain data/non-deterministic/triangle-tireworld/domain.pddl --problem data/non-deterministic/triangle-tireworld/p01.pddl --formula vehicleat_l1x3 --working-dir results/experiment-2-2021-12-14T10:20:34.647481/p4p-mynd-sc-ff/p01 --algorithm laostar --heuristic ff
p02	success	  0.350831	  0.296639	  0.647470	153	/home/marcofavorito/workfolder/planning-with-past-code/bin/plan4past -t mynd --domain data/non-deterministic/triangle-tireworld/domain.pddl --problem data/non-deterministic/triangle-tireworld/p02.pddl --formula vehicleat_l1x5 --working-dir results/experiment-2-2021-12-14T10:20:34.647481/p4p-mynd-sc-ff/p02 --algorithm laostar --heuristic ff
p03	success	  0.347169	  0.376211	  0.723380	561	/home/marcofavorito/workfolder/planning-with-past-code/bin/plan4past -t mynd --domain data/non-deterministic/triangle-tireworld/domain.pddl --problem data/non-deterministic/triangle-tireworld/p03.pddl --formula vehicleat_l1x7 --working-dir results/experiment-2-2021-12-14T10:20:34.647481/p4p-mynd-sc-ff/p03 --algorithm laostar --heuristic ff
p04	success	  0.360817	  0.627916	  0.988733	2121	/home/marcofavorito/workfolder/planning-with-past-code/bin/plan4past -t mynd --domain data/non-deterministic/triangle-tireworld/domain.pddl --problem data/non-deterministic/triangle-tireworld/p04.pddl --formula vehicleat_l1x9 --working-dir results/experiment-2-2021-12-14T10:20:34.647481/p4p-mynd-sc-ff/p04 --algorithm laostar --heuristic ff
p05	success	  0.354268	  2.521523	  2.875791	8289	/home/marcofavorito/workfolder/planning-with-past-code/bin/plan4past -t mynd --domain data/non-deterministic/triangle-tireworld/domain.pddl --problem data/non-deterministic/triangle-tireworld/p05.pddl --formula vehicleat_l1x11 --working-dir results/experiment-2-2021-12-14T10:20:34.647481/p4p-mynd-sc-ff/p05 --algorithm laostar --heuristic ff
p06	success	  0.352779	 26.663830	 27.016609	32889	/home/marcofavorito/workfolder/planning-with-past-code/bin/plan4past -t mynd --domain data/non-deterministic/triangle-tireworld/domain.pddl --problem data/non-deterministic/triangle-tireworld/p06.pddl --formula vehicleat_l1x13 --working-dir results/experiment-2-2021-12-14T10:20:34.647481/p4p-mynd-sc-ff/p06 --algorithm laostar --heuristic ff
p07	timeout	 -1.000000	 -1.000000	300.002994	None	/home/marcofavorito/workfolder/planning-with-past-code/bin/plan4past -t mynd --domain data/non-deterministic/triangle-tireworld/domain.pddl --problem data/non-deterministic/triangle-tireworld/p07.pddl --formula vehicleat_l1x15 --working-dir results/experiment-2-2021-12-14T10:20:34.647481/p4p-mynd-sc-ff/p07 --algorithm laostar --heuristic ff
p08	timeout	 -1.000000	 -1.000000	300.002794	None	/home/marcofavorito/workfolder/planning-with-past-code/bin/plan4past -t mynd --domain data/non-deterministic/triangle-tireworld/domain.pddl --problem data/non-deterministic/triangle-tireworld/p08.pddl --formula vehicleat_l1x17 --working-dir results/experiment-2-2021-12-14T10:20:34.647481/p4p-mynd-sc-ff/p08 --algorithm laostar --heuristic ff
p09	timeout	 -1.000000	 -1.000000	300.003203	None	/home/marcofavorito/workfolder/planning-with-past-code/bin/plan4past -t mynd --domain data/non-deterministic/triangle-tireworld/domain.pddl --problem data/non-deterministic/triangle-tireworld/p09.pddl --formula vehicleat_l1x19 --working-dir results/experiment-2-2021-12-14T10:20:34.647481/p4p-mynd-sc-ff/p09 --algorithm laostar --heuristic ff
