name	status	time_compilation	time_tool	time_end2end	nb_node_expanded	command
p02	success	  0.140698	  0.540073	  0.680771	5	/home/francesco/Projects/planning-for-past-temporal-goals/bin/ltlfond2fond_wrapper -t mynd -d experiment-1b-blocksworld-nondet/domain.pddl -p experiment-1b-blocksworld-nondet/p02.pddl -g F("on b1 b2") --working-dir experiment-1b-blocksworld-nondet/lf2f-mynd-sc-ff/p02 --algorithm laostar --heuristic ff
p03	success	  0.152890	 14.200286	 14.353176	74	/home/francesco/Projects/planning-for-past-temporal-goals/bin/ltlfond2fond_wrapper -t mynd -d experiment-1b-blocksworld-nondet/domain.pddl -p experiment-1b-blocksworld-nondet/p03.pddl -g F("on b2 b3"&X(F("on b1 b2"))) --working-dir experiment-1b-blocksworld-nondet/lf2f-mynd-sc-ff/p03 --algorithm laostar --heuristic ff
p04	success	  0.155263	 75.416564	 75.571827	282	/home/francesco/Projects/planning-for-past-temporal-goals/bin/ltlfond2fond_wrapper -t mynd -d experiment-1b-blocksworld-nondet/domain.pddl -p experiment-1b-blocksworld-nondet/p04.pddl -g F("on b3 b4"&X(F("on b2 b3"&X(F("on b1 b2"))))) --working-dir experiment-1b-blocksworld-nondet/lf2f-mynd-sc-ff/p04 --algorithm laostar --heuristic ff
p05	success	  0.153534	252.281131	252.434665	304	/home/francesco/Projects/planning-for-past-temporal-goals/bin/ltlfond2fond_wrapper -t mynd -d experiment-1b-blocksworld-nondet/domain.pddl -p experiment-1b-blocksworld-nondet/p05.pddl -g F("on b4 b5"&X(F("on b3 b4"&X(F("on b2 b3"&X(F("on b1 b2"))))))) --working-dir experiment-1b-blocksworld-nondet/lf2f-mynd-sc-ff/p05 --algorithm laostar --heuristic ff
p06	timeout	 -1.000000	 -1.000000	300.005724	None	/home/francesco/Projects/planning-for-past-temporal-goals/bin/ltlfond2fond_wrapper -t mynd -d experiment-1b-blocksworld-nondet/domain.pddl -p experiment-1b-blocksworld-nondet/p06.pddl -g F("on b5 b6"&X(F("on b4 b5"&X(F("on b3 b4"&X(F("on b2 b3"&X(F("on b1 b2"))))))))) --working-dir experiment-1b-blocksworld-nondet/lf2f-mynd-sc-ff/p06 --algorithm laostar --heuristic ff
p07	timeout	 -1.000000	 -1.000000	300.020044	None	/home/francesco/Projects/planning-for-past-temporal-goals/bin/ltlfond2fond_wrapper -t mynd -d experiment-1b-blocksworld-nondet/domain.pddl -p experiment-1b-blocksworld-nondet/p07.pddl -g F("on b6 b7"&X(F("on b5 b6"&X(F("on b4 b5"&X(F("on b3 b4"&X(F("on b2 b3"&X(F("on b1 b2"))))))))))) --working-dir experiment-1b-blocksworld-nondet/lf2f-mynd-sc-ff/p07 --algorithm laostar --heuristic ff
p08	timeout	 -1.000000	 -1.000000	300.166988	None	/home/francesco/Projects/planning-for-past-temporal-goals/bin/ltlfond2fond_wrapper -t mynd -d experiment-1b-blocksworld-nondet/domain.pddl -p experiment-1b-blocksworld-nondet/p08.pddl -g F("on b7 b8"&X(F("on b6 b7"&X(F("on b5 b6"&X(F("on b4 b5"&X(F("on b3 b4"&X(F("on b2 b3"&X(F("on b1 b2"))))))))))))) --working-dir experiment-1b-blocksworld-nondet/lf2f-mynd-sc-ff/p08 --algorithm laostar --heuristic ff
p09	timeout	 -1.000000	 -1.000000	300.003749	None	/home/francesco/Projects/planning-for-past-temporal-goals/bin/ltlfond2fond_wrapper -t mynd -d experiment-1b-blocksworld-nondet/domain.pddl -p experiment-1b-blocksworld-nondet/p09.pddl -g F("on b8 b9"&X(F("on b7 b8"&X(F("on b6 b7"&X(F("on b5 b6"&X(F("on b4 b5"&X(F("on b3 b4"&X(F("on b2 b3"&X(F("on b1 b2"))))))))))))))) --working-dir experiment-1b-blocksworld-nondet/lf2f-mynd-sc-ff/p09 --algorithm laostar --heuristic ff
p10	timeout	 -1.000000	 -1.000000	300.005157	None	/home/francesco/Projects/planning-for-past-temporal-goals/bin/ltlfond2fond_wrapper -t mynd -d experiment-1b-blocksworld-nondet/domain.pddl -p experiment-1b-blocksworld-nondet/p10.pddl -g F("on b9 b10"&X(F("on b8 b9"&X(F("on b7 b8"&X(F("on b6 b7"&X(F("on b5 b6"&X(F("on b4 b5"&X(F("on b3 b4"&X(F("on b2 b3"&X(F("on b1 b2"))))))))))))))))) --working-dir experiment-1b-blocksworld-nondet/lf2f-mynd-sc-ff/p10 --algorithm laostar --heuristic ff
p11	timeout	 -1.000000	 -1.000000	300.003462	None	/home/francesco/Projects/planning-for-past-temporal-goals/bin/ltlfond2fond_wrapper -t mynd -d experiment-1b-blocksworld-nondet/domain.pddl -p experiment-1b-blocksworld-nondet/p11.pddl -g F("on b10 b11"&X(F("on b9 b10"&X(F("on b8 b9"&X(F("on b7 b8"&X(F("on b6 b7"&X(F("on b5 b6"&X(F("on b4 b5"&X(F("on b3 b4"&X(F("on b2 b3"&X(F("on b1 b2"))))))))))))))))))) --working-dir experiment-1b-blocksworld-nondet/lf2f-mynd-sc-ff/p11 --algorithm laostar --heuristic ff
p12	timeout	 -1.000000	 -1.000000	300.005072	None	/home/francesco/Projects/planning-for-past-temporal-goals/bin/ltlfond2fond_wrapper -t mynd -d experiment-1b-blocksworld-nondet/domain.pddl -p experiment-1b-blocksworld-nondet/p12.pddl -g F("on b11 b12"&X(F("on b10 b11"&X(F("on b9 b10"&X(F("on b8 b9"&X(F("on b7 b8"&X(F("on b6 b7"&X(F("on b5 b6"&X(F("on b4 b5"&X(F("on b3 b4"&X(F("on b2 b3"&X(F("on b1 b2"))))))))))))))))))))) --working-dir experiment-1b-blocksworld-nondet/lf2f-mynd-sc-ff/p12 --algorithm laostar --heuristic ff
p13	timeout	 -1.000000	 -1.000000	300.005063	None	/home/francesco/Projects/planning-for-past-temporal-goals/bin/ltlfond2fond_wrapper -t mynd -d experiment-1b-blocksworld-nondet/domain.pddl -p experiment-1b-blocksworld-nondet/p13.pddl -g F("on b12 b13"&X(F("on b11 b12"&X(F("on b10 b11"&X(F("on b9 b10"&X(F("on b8 b9"&X(F("on b7 b8"&X(F("on b6 b7"&X(F("on b5 b6"&X(F("on b4 b5"&X(F("on b3 b4"&X(F("on b2 b3"&X(F("on b1 b2"))))))))))))))))))))))) --working-dir experiment-1b-blocksworld-nondet/lf2f-mynd-sc-ff/p13 --algorithm laostar --heuristic ff
p14	timeout	 -1.000000	 -1.000000	300.006002	None	/home/francesco/Projects/planning-for-past-temporal-goals/bin/ltlfond2fond_wrapper -t mynd -d experiment-1b-blocksworld-nondet/domain.pddl -p experiment-1b-blocksworld-nondet/p14.pddl -g F("on b13 b14"&X(F("on b12 b13"&X(F("on b11 b12"&X(F("on b10 b11"&X(F("on b9 b10"&X(F("on b8 b9"&X(F("on b7 b8"&X(F("on b6 b7"&X(F("on b5 b6"&X(F("on b4 b5"&X(F("on b3 b4"&X(F("on b2 b3"&X(F("on b1 b2"))))))))))))))))))))))))) --working-dir experiment-1b-blocksworld-nondet/lf2f-mynd-sc-ff/p14 --algorithm laostar --heuristic ff
p15	timeout	 -1.000000	 -1.000000	300.003613	None	/home/francesco/Projects/planning-for-past-temporal-goals/bin/ltlfond2fond_wrapper -t mynd -d experiment-1b-blocksworld-nondet/domain.pddl -p experiment-1b-blocksworld-nondet/p15.pddl -g F("on b14 b15"&X(F("on b13 b14"&X(F("on b12 b13"&X(F("on b11 b12"&X(F("on b10 b11"&X(F("on b9 b10"&X(F("on b8 b9"&X(F("on b7 b8"&X(F("on b6 b7"&X(F("on b5 b6"&X(F("on b4 b5"&X(F("on b3 b4"&X(F("on b2 b3"&X(F("on b1 b2"))))))))))))))))))))))))))) --working-dir experiment-1b-blocksworld-nondet/lf2f-mynd-sc-ff/p15 --algorithm laostar --heuristic ff
p16	timeout	 -1.000000	 -1.000000	300.005390	None	/home/francesco/Projects/planning-for-past-temporal-goals/bin/ltlfond2fond_wrapper -t mynd -d experiment-1b-blocksworld-nondet/domain.pddl -p experiment-1b-blocksworld-nondet/p16.pddl -g F("on b15 b16"&X(F("on b14 b15"&X(F("on b13 b14"&X(F("on b12 b13"&X(F("on b11 b12"&X(F("on b10 b11"&X(F("on b9 b10"&X(F("on b8 b9"&X(F("on b7 b8"&X(F("on b6 b7"&X(F("on b5 b6"&X(F("on b4 b5"&X(F("on b3 b4"&X(F("on b2 b3"&X(F("on b1 b2"))))))))))))))))))))))))))))) --working-dir experiment-1b-blocksworld-nondet/lf2f-mynd-sc-ff/p16 --algorithm laostar --heuristic ff
p17	timeout	 -1.000000	 -1.000000	300.003619	None	/home/francesco/Projects/planning-for-past-temporal-goals/bin/ltlfond2fond_wrapper -t mynd -d experiment-1b-blocksworld-nondet/domain.pddl -p experiment-1b-blocksworld-nondet/p17.pddl -g F("on b16 b17"&X(F("on b15 b16"&X(F("on b14 b15"&X(F("on b13 b14"&X(F("on b12 b13"&X(F("on b11 b12"&X(F("on b10 b11"&X(F("on b9 b10"&X(F("on b8 b9"&X(F("on b7 b8"&X(F("on b6 b7"&X(F("on b5 b6"&X(F("on b4 b5"&X(F("on b3 b4"&X(F("on b2 b3"&X(F("on b1 b2"))))))))))))))))))))))))))))))) --working-dir experiment-1b-blocksworld-nondet/lf2f-mynd-sc-ff/p17 --algorithm laostar --heuristic ff
p18	timeout	 -1.000000	 -1.000000	300.004826	None	/home/francesco/Projects/planning-for-past-temporal-goals/bin/ltlfond2fond_wrapper -t mynd -d experiment-1b-blocksworld-nondet/domain.pddl -p experiment-1b-blocksworld-nondet/p18.pddl -g F("on b17 b18"&X(F("on b16 b17"&X(F("on b15 b16"&X(F("on b14 b15"&X(F("on b13 b14"&X(F("on b12 b13"&X(F("on b11 b12"&X(F("on b10 b11"&X(F("on b9 b10"&X(F("on b8 b9"&X(F("on b7 b8"&X(F("on b6 b7"&X(F("on b5 b6"&X(F("on b4 b5"&X(F("on b3 b4"&X(F("on b2 b3"&X(F("on b1 b2"))))))))))))))))))))))))))))))))) --working-dir experiment-1b-blocksworld-nondet/lf2f-mynd-sc-ff/p18 --algorithm laostar --heuristic ff
p19	error	 -1.000000	 -1.000000	 58.657265	None	/home/francesco/Projects/planning-for-past-temporal-goals/bin/ltlfond2fond_wrapper -t mynd -d experiment-1b-blocksworld-nondet/domain.pddl -p experiment-1b-blocksworld-nondet/p19.pddl -g F("on b18 b19"&X(F("on b17 b18"&X(F("on b16 b17"&X(F("on b15 b16"&X(F("on b14 b15"&X(F("on b13 b14"&X(F("on b12 b13"&X(F("on b11 b12"&X(F("on b10 b11"&X(F("on b9 b10"&X(F("on b8 b9"&X(F("on b7 b8"&X(F("on b6 b7"&X(F("on b5 b6"&X(F("on b4 b5"&X(F("on b3 b4"&X(F("on b2 b3"&X(F("on b1 b2"))))))))))))))))))))))))))))))))))) --working-dir experiment-1b-blocksworld-nondet/lf2f-mynd-sc-ff/p19 --algorithm laostar --heuristic ff
p20	error	 -1.000000	 -1.000000	 52.011941	None	/home/francesco/Projects/planning-for-past-temporal-goals/bin/ltlfond2fond_wrapper -t mynd -d experiment-1b-blocksworld-nondet/domain.pddl -p experiment-1b-blocksworld-nondet/p20.pddl -g F("on b19 b20"&X(F("on b18 b19"&X(F("on b17 b18"&X(F("on b16 b17"&X(F("on b15 b16"&X(F("on b14 b15"&X(F("on b13 b14"&X(F("on b12 b13"&X(F("on b11 b12"&X(F("on b10 b11"&X(F("on b9 b10"&X(F("on b8 b9"&X(F("on b7 b8"&X(F("on b6 b7"&X(F("on b5 b6"&X(F("on b4 b5"&X(F("on b3 b4"&X(F("on b2 b3"&X(F("on b1 b2"))))))))))))))))))))))))))))))))))))) --working-dir experiment-1b-blocksworld-nondet/lf2f-mynd-sc-ff/p20 --algorithm laostar --heuristic ff
