name	status	time_compilation	time_tool	time_end2end	nb_node_expanded	command
p-001	success	 -1.000000	  0.004171	  0.368999	7	/home/marcofavorito/planning-for-past-temporal-goals/bin/fd_wrapper -d data/deterministic/blocksworld/domain.pddl -p data/deterministic/blocksworld/p-001.pddl --algorithm astar --heuristic ff --working-dir experiment-2-blocksworld-det/fd-ff/p-001
p-002	success	 -1.000000	  0.003598	  0.216663	13	/home/marcofavorito/planning-for-past-temporal-goals/bin/fd_wrapper -d data/deterministic/blocksworld/domain.pddl -p data/deterministic/blocksworld/p-002.pddl --algorithm astar --heuristic ff --working-dir experiment-2-blocksworld-det/fd-ff/p-002
p-003	success	 -1.000000	  0.002660	  0.216628	10	/home/marcofavorito/planning-for-past-temporal-goals/bin/fd_wrapper -d data/deterministic/blocksworld/domain.pddl -p data/deterministic/blocksworld/p-003.pddl --algorithm astar --heuristic ff --working-dir experiment-2-blocksworld-det/fd-ff/p-003
p-004	success	 -1.000000	  0.003700	  0.268321	26	/home/marcofavorito/planning-for-past-temporal-goals/bin/fd_wrapper -d data/deterministic/blocksworld/domain.pddl -p data/deterministic/blocksworld/p-004.pddl --algorithm astar --heuristic ff --working-dir experiment-2-blocksworld-det/fd-ff/p-004
p-005	success	 -1.000000	  0.004424	  0.267119	26	/home/marcofavorito/planning-for-past-temporal-goals/bin/fd_wrapper -d data/deterministic/blocksworld/domain.pddl -p data/deterministic/blocksworld/p-005.pddl --algorithm astar --heuristic ff --working-dir experiment-2-blocksworld-det/fd-ff/p-005
p-006	success	 -1.000000	  0.003253	  0.267576	50	/home/marcofavorito/planning-for-past-temporal-goals/bin/fd_wrapper -d data/deterministic/blocksworld/domain.pddl -p data/deterministic/blocksworld/p-006.pddl --algorithm astar --heuristic ff --working-dir experiment-2-blocksworld-det/fd-ff/p-006
p-007	success	 -1.000000	  0.003089	  0.318240	18	/home/marcofavorito/planning-for-past-temporal-goals/bin/fd_wrapper -d data/deterministic/blocksworld/domain.pddl -p data/deterministic/blocksworld/p-007.pddl --algorithm astar --heuristic ff --working-dir experiment-2-blocksworld-det/fd-ff/p-007
p-008	success	 -1.000000	  0.004756	  0.367934	13	/home/marcofavorito/planning-for-past-temporal-goals/bin/fd_wrapper -d data/deterministic/blocksworld/domain.pddl -p data/deterministic/blocksworld/p-008.pddl --algorithm astar --heuristic ff --working-dir experiment-2-blocksworld-det/fd-ff/p-008
p-009	success	 -1.000000	  0.008951	  0.317792	438	/home/marcofavorito/planning-for-past-temporal-goals/bin/fd_wrapper -d data/deterministic/blocksworld/domain.pddl -p data/deterministic/blocksworld/p-009.pddl --algorithm astar --heuristic ff --working-dir experiment-2-blocksworld-det/fd-ff/p-009
p-010	success	 -1.000000	  0.008531	  0.317562	130	/home/marcofavorito/planning-for-past-temporal-goals/bin/fd_wrapper -d data/deterministic/blocksworld/domain.pddl -p data/deterministic/blocksworld/p-010.pddl --algorithm astar --heuristic ff --working-dir experiment-2-blocksworld-det/fd-ff/p-010
p-011	success	 -1.000000	  0.048462	  0.368867	1833	/home/marcofavorito/planning-for-past-temporal-goals/bin/fd_wrapper -d data/deterministic/blocksworld/domain.pddl -p data/deterministic/blocksworld/p-011.pddl --algorithm astar --heuristic ff --working-dir experiment-2-blocksworld-det/fd-ff/p-011
p-012	success	 -1.000000	  0.014481	  0.367805	340	/home/marcofavorito/planning-for-past-temporal-goals/bin/fd_wrapper -d data/deterministic/blocksworld/domain.pddl -p data/deterministic/blocksworld/p-012.pddl --algorithm astar --heuristic ff --working-dir experiment-2-blocksworld-det/fd-ff/p-012
p-013	success	 -1.000000	  0.015361	  0.367675	318	/home/marcofavorito/planning-for-past-temporal-goals/bin/fd_wrapper -d data/deterministic/blocksworld/domain.pddl -p data/deterministic/blocksworld/p-013.pddl --algorithm astar --heuristic ff --working-dir experiment-2-blocksworld-det/fd-ff/p-013
p-014	success	 -1.000000	  0.047676	  0.367294	1685	/home/marcofavorito/planning-for-past-temporal-goals/bin/fd_wrapper -d data/deterministic/blocksworld/domain.pddl -p data/deterministic/blocksworld/p-014.pddl --algorithm astar --heuristic ff --working-dir experiment-2-blocksworld-det/fd-ff/p-014
p-015	success	 -1.000000	  0.008798	  0.317853	110	/home/marcofavorito/planning-for-past-temporal-goals/bin/fd_wrapper -d data/deterministic/blocksworld/domain.pddl -p data/deterministic/blocksworld/p-015.pddl --algorithm astar --heuristic ff --working-dir experiment-2-blocksworld-det/fd-ff/p-015
p-016	success	 -1.000000	  0.581264	  0.919393	21605	/home/marcofavorito/planning-for-past-temporal-goals/bin/fd_wrapper -d data/deterministic/blocksworld/domain.pddl -p data/deterministic/blocksworld/p-016.pddl --algorithm astar --heuristic ff --working-dir experiment-2-blocksworld-det/fd-ff/p-016
p-017	success	 -1.000000	  0.031809	  0.367993	719	/home/marcofavorito/planning-for-past-temporal-goals/bin/fd_wrapper -d data/deterministic/blocksworld/domain.pddl -p data/deterministic/blocksworld/p-017.pddl --algorithm astar --heuristic ff --working-dir experiment-2-blocksworld-det/fd-ff/p-017
p-018	success	 -1.000000	  0.037246	  0.317213	1286	/home/marcofavorito/planning-for-past-temporal-goals/bin/fd_wrapper -d data/deterministic/blocksworld/domain.pddl -p data/deterministic/blocksworld/p-018.pddl --algorithm astar --heuristic ff --working-dir experiment-2-blocksworld-det/fd-ff/p-018
p-019	error	 -1.000000	 12.453600	 12.910008	466343	/home/marcofavorito/planning-for-past-temporal-goals/bin/fd_wrapper -d data/deterministic/blocksworld/domain.pddl -p data/deterministic/blocksworld/p-019.pddl --algorithm astar --heuristic ff --working-dir experiment-2-blocksworld-det/fd-ff/p-019
p-020	error	 -1.000000	  1.769880	  2.222771	59573	/home/marcofavorito/planning-for-past-temporal-goals/bin/fd_wrapper -d data/deterministic/blocksworld/domain.pddl -p data/deterministic/blocksworld/p-020.pddl --algorithm astar --heuristic ff --working-dir experiment-2-blocksworld-det/fd-ff/p-020
p-021	error	 -1.000000	  4.683800	  5.133691	159521	/home/marcofavorito/planning-for-past-temporal-goals/bin/fd_wrapper -d data/deterministic/blocksworld/domain.pddl -p data/deterministic/blocksworld/p-021.pddl --algorithm astar --heuristic ff --working-dir experiment-2-blocksworld-det/fd-ff/p-021
p-022	error	 -1.000000	  3.891560	  4.330295	118601	/home/marcofavorito/planning-for-past-temporal-goals/bin/fd_wrapper -d data/deterministic/blocksworld/domain.pddl -p data/deterministic/blocksworld/p-022.pddl --algorithm astar --heuristic ff --working-dir experiment-2-blocksworld-det/fd-ff/p-022
p-023	error	 -1.000000	  4.529600	  4.983029	124730	/home/marcofavorito/planning-for-past-temporal-goals/bin/fd_wrapper -d data/deterministic/blocksworld/domain.pddl -p data/deterministic/blocksworld/p-023.pddl --algorithm astar --heuristic ff --working-dir experiment-2-blocksworld-det/fd-ff/p-023
p-024	error	 -1.000000	  3.228420	  3.677758	101979	/home/marcofavorito/planning-for-past-temporal-goals/bin/fd_wrapper -d data/deterministic/blocksworld/domain.pddl -p data/deterministic/blocksworld/p-024.pddl --algorithm astar --heuristic ff --working-dir experiment-2-blocksworld-det/fd-ff/p-024
p-025	error	 -1.000000	  4.428430	  4.882567	111332	/home/marcofavorito/planning-for-past-temporal-goals/bin/fd_wrapper -d data/deterministic/blocksworld/domain.pddl -p data/deterministic/blocksworld/p-025.pddl --algorithm astar --heuristic ff --working-dir experiment-2-blocksworld-det/fd-ff/p-025
p-026	success	 -1.000000	  0.517713	  0.768694	13629	/home/marcofavorito/planning-for-past-temporal-goals/bin/fd_wrapper -d data/deterministic/blocksworld/domain.pddl -p data/deterministic/blocksworld/p-026.pddl --algorithm astar --heuristic ff --working-dir experiment-2-blocksworld-det/fd-ff/p-026
p-027	timeout	 -1.000000	 -1.000000	300.004285	None	/home/marcofavorito/planning-for-past-temporal-goals/bin/fd_wrapper -d data/deterministic/blocksworld/domain.pddl -p data/deterministic/blocksworld/p-027.pddl --algorithm astar --heuristic ff --working-dir experiment-2-blocksworld-det/fd-ff/p-027
p-028	timeout	 -1.000000	 -1.000000	300.004106	None	/home/marcofavorito/planning-for-past-temporal-goals/bin/fd_wrapper -d data/deterministic/blocksworld/domain.pddl -p data/deterministic/blocksworld/p-028.pddl --algorithm astar --heuristic ff --working-dir experiment-2-blocksworld-det/fd-ff/p-028
p-029	success	 -1.000000	 11.164300	 11.459520	201350	/home/marcofavorito/planning-for-past-temporal-goals/bin/fd_wrapper -d data/deterministic/blocksworld/domain.pddl -p data/deterministic/blocksworld/p-029.pddl --algorithm astar --heuristic ff --working-dir experiment-2-blocksworld-det/fd-ff/p-029
p-030	success	 -1.000000	 22.905000	 23.203098	372538	/home/marcofavorito/planning-for-past-temporal-goals/bin/fd_wrapper -d data/deterministic/blocksworld/domain.pddl -p data/deterministic/blocksworld/p-030.pddl --algorithm astar --heuristic ff --working-dir experiment-2-blocksworld-det/fd-ff/p-030
p-031	timeout	 -1.000000	 -1.000000	300.003529	None	/home/marcofavorito/planning-for-past-temporal-goals/bin/fd_wrapper -d data/deterministic/blocksworld/domain.pddl -p data/deterministic/blocksworld/p-031.pddl --algorithm astar --heuristic ff --working-dir experiment-2-blocksworld-det/fd-ff/p-031
p-032	timeout	 -1.000000	 -1.000000	300.003737	None	/home/marcofavorito/planning-for-past-temporal-goals/bin/fd_wrapper -d data/deterministic/blocksworld/domain.pddl -p data/deterministic/blocksworld/p-032.pddl --algorithm astar --heuristic ff --working-dir experiment-2-blocksworld-det/fd-ff/p-032
p-033	timeout	 -1.000000	 -1.000000	300.004046	None	/home/marcofavorito/planning-for-past-temporal-goals/bin/fd_wrapper -d data/deterministic/blocksworld/domain.pddl -p data/deterministic/blocksworld/p-033.pddl --algorithm astar --heuristic ff --working-dir experiment-2-blocksworld-det/fd-ff/p-033
p-034	timeout	 -1.000000	 -1.000000	300.004249	None	/home/marcofavorito/planning-for-past-temporal-goals/bin/fd_wrapper -d data/deterministic/blocksworld/domain.pddl -p data/deterministic/blocksworld/p-034.pddl --algorithm astar --heuristic ff --working-dir experiment-2-blocksworld-det/fd-ff/p-034
p-035	timeout	 -1.000000	 -1.000000	300.003978	None	/home/marcofavorito/planning-for-past-temporal-goals/bin/fd_wrapper -d data/deterministic/blocksworld/domain.pddl -p data/deterministic/blocksworld/p-035.pddl --algorithm astar --heuristic ff --working-dir experiment-2-blocksworld-det/fd-ff/p-035
p-036	error	 -1.000000	 -1.000000	  0.367227	None	/home/marcofavorito/planning-for-past-temporal-goals/bin/fd_wrapper -d data/deterministic/blocksworld/domain.pddl -p data/deterministic/blocksworld/p-036.pddl --algorithm astar --heuristic ff --working-dir experiment-2-blocksworld-det/fd-ff/p-036
p-037	error	 -1.000000	 -1.000000	  0.367166	None	/home/marcofavorito/planning-for-past-temporal-goals/bin/fd_wrapper -d data/deterministic/blocksworld/domain.pddl -p data/deterministic/blocksworld/p-037.pddl --algorithm astar --heuristic ff --working-dir experiment-2-blocksworld-det/fd-ff/p-037
p-038	error	 -1.000000	 -1.000000	  0.367417	None	/home/marcofavorito/planning-for-past-temporal-goals/bin/fd_wrapper -d data/deterministic/blocksworld/domain.pddl -p data/deterministic/blocksworld/p-038.pddl --algorithm astar --heuristic ff --working-dir experiment-2-blocksworld-det/fd-ff/p-038
p-039	error	 -1.000000	 -1.000000	  0.367111	None	/home/marcofavorito/planning-for-past-temporal-goals/bin/fd_wrapper -d data/deterministic/blocksworld/domain.pddl -p data/deterministic/blocksworld/p-039.pddl --algorithm astar --heuristic ff --working-dir experiment-2-blocksworld-det/fd-ff/p-039
p-040	error	 -1.000000	 -1.000000	  0.367232	None	/home/marcofavorito/planning-for-past-temporal-goals/bin/fd_wrapper -d data/deterministic/blocksworld/domain.pddl -p data/deterministic/blocksworld/p-040.pddl --algorithm astar --heuristic ff --working-dir experiment-2-blocksworld-det/fd-ff/p-040
p-041	error	 -1.000000	 -1.000000	  0.367044	None	/home/marcofavorito/planning-for-past-temporal-goals/bin/fd_wrapper -d data/deterministic/blocksworld/domain.pddl -p data/deterministic/blocksworld/p-041.pddl --algorithm astar --heuristic ff --working-dir experiment-2-blocksworld-det/fd-ff/p-041
p-042	error	 -1.000000	 -1.000000	  0.367184	None	/home/marcofavorito/planning-for-past-temporal-goals/bin/fd_wrapper -d data/deterministic/blocksworld/domain.pddl -p data/deterministic/blocksworld/p-042.pddl --algorithm astar --heuristic ff --working-dir experiment-2-blocksworld-det/fd-ff/p-042
p-043	error	 -1.000000	 -1.000000	  0.367145	None	/home/marcofavorito/planning-for-past-temporal-goals/bin/fd_wrapper -d data/deterministic/blocksworld/domain.pddl -p data/deterministic/blocksworld/p-043.pddl --algorithm astar --heuristic ff --working-dir experiment-2-blocksworld-det/fd-ff/p-043
p-044	error	 -1.000000	 -1.000000	  0.367078	None	/home/marcofavorito/planning-for-past-temporal-goals/bin/fd_wrapper -d data/deterministic/blocksworld/domain.pddl -p data/deterministic/blocksworld/p-044.pddl --algorithm astar --heuristic ff --working-dir experiment-2-blocksworld-det/fd-ff/p-044
p-045	error	 -1.000000	 -1.000000	  0.367334	None	/home/marcofavorito/planning-for-past-temporal-goals/bin/fd_wrapper -d data/deterministic/blocksworld/domain.pddl -p data/deterministic/blocksworld/p-045.pddl --algorithm astar --heuristic ff --working-dir experiment-2-blocksworld-det/fd-ff/p-045
p-046	error	 -1.000000	 -1.000000	  0.367266	None	/home/marcofavorito/planning-for-past-temporal-goals/bin/fd_wrapper -d data/deterministic/blocksworld/domain.pddl -p data/deterministic/blocksworld/p-046.pddl --algorithm astar --heuristic ff --working-dir experiment-2-blocksworld-det/fd-ff/p-046
p-047	error	 -1.000000	 -1.000000	  0.367050	None	/home/marcofavorito/planning-for-past-temporal-goals/bin/fd_wrapper -d data/deterministic/blocksworld/domain.pddl -p data/deterministic/blocksworld/p-047.pddl --algorithm astar --heuristic ff --working-dir experiment-2-blocksworld-det/fd-ff/p-047
p-048	error	 -1.000000	 -1.000000	  0.367385	None	/home/marcofavorito/planning-for-past-temporal-goals/bin/fd_wrapper -d data/deterministic/blocksworld/domain.pddl -p data/deterministic/blocksworld/p-048.pddl --algorithm astar --heuristic ff --working-dir experiment-2-blocksworld-det/fd-ff/p-048
p-049	error	 -1.000000	 -1.000000	  0.367251	None	/home/marcofavorito/planning-for-past-temporal-goals/bin/fd_wrapper -d data/deterministic/blocksworld/domain.pddl -p data/deterministic/blocksworld/p-049.pddl --algorithm astar --heuristic ff --working-dir experiment-2-blocksworld-det/fd-ff/p-049
p-050	error	 -1.000000	 -1.000000	  0.367315	None	/home/marcofavorito/planning-for-past-temporal-goals/bin/fd_wrapper -d data/deterministic/blocksworld/domain.pddl -p data/deterministic/blocksworld/p-050.pddl --algorithm astar --heuristic ff --working-dir experiment-2-blocksworld-det/fd-ff/p-050
p-051	error	 -1.000000	 -1.000000	  0.367253	None	/home/marcofavorito/planning-for-past-temporal-goals/bin/fd_wrapper -d data/deterministic/blocksworld/domain.pddl -p data/deterministic/blocksworld/p-051.pddl --algorithm astar --heuristic ff --working-dir experiment-2-blocksworld-det/fd-ff/p-051
p-052	error	 -1.000000	 -1.000000	  0.417250	None	/home/marcofavorito/planning-for-past-temporal-goals/bin/fd_wrapper -d data/deterministic/blocksworld/domain.pddl -p data/deterministic/blocksworld/p-052.pddl --algorithm astar --heuristic ff --working-dir experiment-2-blocksworld-det/fd-ff/p-052
p-053	error	 -1.000000	 -1.000000	  0.417342	None	/home/marcofavorito/planning-for-past-temporal-goals/bin/fd_wrapper -d data/deterministic/blocksworld/domain.pddl -p data/deterministic/blocksworld/p-053.pddl --algorithm astar --heuristic ff --working-dir experiment-2-blocksworld-det/fd-ff/p-053
p-054	error	 -1.000000	 -1.000000	  0.367317	None	/home/marcofavorito/planning-for-past-temporal-goals/bin/fd_wrapper -d data/deterministic/blocksworld/domain.pddl -p data/deterministic/blocksworld/p-054.pddl --algorithm astar --heuristic ff --working-dir experiment-2-blocksworld-det/fd-ff/p-054
p-055	error	 -1.000000	 -1.000000	  0.417013	None	/home/marcofavorito/planning-for-past-temporal-goals/bin/fd_wrapper -d data/deterministic/blocksworld/domain.pddl -p data/deterministic/blocksworld/p-055.pddl --algorithm astar --heuristic ff --working-dir experiment-2-blocksworld-det/fd-ff/p-055
p-056	error	 -1.000000	 -1.000000	  0.417491	None	/home/marcofavorito/planning-for-past-temporal-goals/bin/fd_wrapper -d data/deterministic/blocksworld/domain.pddl -p data/deterministic/blocksworld/p-056.pddl --algorithm astar --heuristic ff --working-dir experiment-2-blocksworld-det/fd-ff/p-056
p-057	error	 -1.000000	 -1.000000	  0.367386	None	/home/marcofavorito/planning-for-past-temporal-goals/bin/fd_wrapper -d data/deterministic/blocksworld/domain.pddl -p data/deterministic/blocksworld/p-057.pddl --algorithm astar --heuristic ff --working-dir experiment-2-blocksworld-det/fd-ff/p-057
p-058	error	 -1.000000	 -1.000000	  0.417379	None	/home/marcofavorito/planning-for-past-temporal-goals/bin/fd_wrapper -d data/deterministic/blocksworld/domain.pddl -p data/deterministic/blocksworld/p-058.pddl --algorithm astar --heuristic ff --working-dir experiment-2-blocksworld-det/fd-ff/p-058
p-059	error	 -1.000000	 -1.000000	  0.417273	None	/home/marcofavorito/planning-for-past-temporal-goals/bin/fd_wrapper -d data/deterministic/blocksworld/domain.pddl -p data/deterministic/blocksworld/p-059.pddl --algorithm astar --heuristic ff --working-dir experiment-2-blocksworld-det/fd-ff/p-059
p-060	error	 -1.000000	 -1.000000	  0.417225	None	/home/marcofavorito/planning-for-past-temporal-goals/bin/fd_wrapper -d data/deterministic/blocksworld/domain.pddl -p data/deterministic/blocksworld/p-060.pddl --algorithm astar --heuristic ff --working-dir experiment-2-blocksworld-det/fd-ff/p-060
p-061	error	 -1.000000	 -1.000000	  0.417372	None	/home/marcofavorito/planning-for-past-temporal-goals/bin/fd_wrapper -d data/deterministic/blocksworld/domain.pddl -p data/deterministic/blocksworld/p-061.pddl --algorithm astar --heuristic ff --working-dir experiment-2-blocksworld-det/fd-ff/p-061
p-062	error	 -1.000000	 -1.000000	  0.367092	None	/home/marcofavorito/planning-for-past-temporal-goals/bin/fd_wrapper -d data/deterministic/blocksworld/domain.pddl -p data/deterministic/blocksworld/p-062.pddl --algorithm astar --heuristic ff --working-dir experiment-2-blocksworld-det/fd-ff/p-062
p-063	error	 -1.000000	 -1.000000	  0.367152	None	/home/marcofavorito/planning-for-past-temporal-goals/bin/fd_wrapper -d data/deterministic/blocksworld/domain.pddl -p data/deterministic/blocksworld/p-063.pddl --algorithm astar --heuristic ff --working-dir experiment-2-blocksworld-det/fd-ff/p-063
p-064	error	 -1.000000	 -1.000000	  0.367003	None	/home/marcofavorito/planning-for-past-temporal-goals/bin/fd_wrapper -d data/deterministic/blocksworld/domain.pddl -p data/deterministic/blocksworld/p-064.pddl --algorithm astar --heuristic ff --working-dir experiment-2-blocksworld-det/fd-ff/p-064
p-065	error	 -1.000000	 -1.000000	  0.367225	None	/home/marcofavorito/planning-for-past-temporal-goals/bin/fd_wrapper -d data/deterministic/blocksworld/domain.pddl -p data/deterministic/blocksworld/p-065.pddl --algorithm astar --heuristic ff --working-dir experiment-2-blocksworld-det/fd-ff/p-065
p-066	error	 -1.000000	 -1.000000	  0.367046	None	/home/marcofavorito/planning-for-past-temporal-goals/bin/fd_wrapper -d data/deterministic/blocksworld/domain.pddl -p data/deterministic/blocksworld/p-066.pddl --algorithm astar --heuristic ff --working-dir experiment-2-blocksworld-det/fd-ff/p-066
p-067	error	 -1.000000	 -1.000000	  0.417238	None	/home/marcofavorito/planning-for-past-temporal-goals/bin/fd_wrapper -d data/deterministic/blocksworld/domain.pddl -p data/deterministic/blocksworld/p-067.pddl --algorithm astar --heuristic ff --working-dir experiment-2-blocksworld-det/fd-ff/p-067
p-068	error	 -1.000000	 -1.000000	  0.367049	None	/home/marcofavorito/planning-for-past-temporal-goals/bin/fd_wrapper -d data/deterministic/blocksworld/domain.pddl -p data/deterministic/blocksworld/p-068.pddl --algorithm astar --heuristic ff --working-dir experiment-2-blocksworld-det/fd-ff/p-068
p-069	error	 -1.000000	 -1.000000	  0.367135	None	/home/marcofavorito/planning-for-past-temporal-goals/bin/fd_wrapper -d data/deterministic/blocksworld/domain.pddl -p data/deterministic/blocksworld/p-069.pddl --algorithm astar --heuristic ff --working-dir experiment-2-blocksworld-det/fd-ff/p-069
p-070	error	 -1.000000	 -1.000000	  0.367282	None	/home/marcofavorito/planning-for-past-temporal-goals/bin/fd_wrapper -d data/deterministic/blocksworld/domain.pddl -p data/deterministic/blocksworld/p-070.pddl --algorithm astar --heuristic ff --working-dir experiment-2-blocksworld-det/fd-ff/p-070
p-071	error	 -1.000000	 -1.000000	  0.417290	None	/home/marcofavorito/planning-for-past-temporal-goals/bin/fd_wrapper -d data/deterministic/blocksworld/domain.pddl -p data/deterministic/blocksworld/p-071.pddl --algorithm astar --heuristic ff --working-dir experiment-2-blocksworld-det/fd-ff/p-071
p-072	error	 -1.000000	 -1.000000	  0.417398	None	/home/marcofavorito/planning-for-past-temporal-goals/bin/fd_wrapper -d data/deterministic/blocksworld/domain.pddl -p data/deterministic/blocksworld/p-072.pddl --algorithm astar --heuristic ff --working-dir experiment-2-blocksworld-det/fd-ff/p-072
p-073	error	 -1.000000	 -1.000000	  0.417806	None	/home/marcofavorito/planning-for-past-temporal-goals/bin/fd_wrapper -d data/deterministic/blocksworld/domain.pddl -p data/deterministic/blocksworld/p-073.pddl --algorithm astar --heuristic ff --working-dir experiment-2-blocksworld-det/fd-ff/p-073
p-074	error	 -1.000000	 -1.000000	  0.421335	None	/home/marcofavorito/planning-for-past-temporal-goals/bin/fd_wrapper -d data/deterministic/blocksworld/domain.pddl -p data/deterministic/blocksworld/p-074.pddl --algorithm astar --heuristic ff --working-dir experiment-2-blocksworld-det/fd-ff/p-074
p-075	error	 -1.000000	 -1.000000	  0.417560	None	/home/marcofavorito/planning-for-past-temporal-goals/bin/fd_wrapper -d data/deterministic/blocksworld/domain.pddl -p data/deterministic/blocksworld/p-075.pddl --algorithm astar --heuristic ff --working-dir experiment-2-blocksworld-det/fd-ff/p-075
p-076	error	 -1.000000	 -1.000000	  0.417375	None	/home/marcofavorito/planning-for-past-temporal-goals/bin/fd_wrapper -d data/deterministic/blocksworld/domain.pddl -p data/deterministic/blocksworld/p-076.pddl --algorithm astar --heuristic ff --working-dir experiment-2-blocksworld-det/fd-ff/p-076
p-077	error	 -1.000000	 -1.000000	  0.367243	None	/home/marcofavorito/planning-for-past-temporal-goals/bin/fd_wrapper -d data/deterministic/blocksworld/domain.pddl -p data/deterministic/blocksworld/p-077.pddl --algorithm astar --heuristic ff --working-dir experiment-2-blocksworld-det/fd-ff/p-077
p-078	error	 -1.000000	 -1.000000	  0.417416	None	/home/marcofavorito/planning-for-past-temporal-goals/bin/fd_wrapper -d data/deterministic/blocksworld/domain.pddl -p data/deterministic/blocksworld/p-078.pddl --algorithm astar --heuristic ff --working-dir experiment-2-blocksworld-det/fd-ff/p-078
p-079	error	 -1.000000	 -1.000000	  0.367181	None	/home/marcofavorito/planning-for-past-temporal-goals/bin/fd_wrapper -d data/deterministic/blocksworld/domain.pddl -p data/deterministic/blocksworld/p-079.pddl --algorithm astar --heuristic ff --working-dir experiment-2-blocksworld-det/fd-ff/p-079
p-080	error	 -1.000000	 -1.000000	  0.367282	None	/home/marcofavorito/planning-for-past-temporal-goals/bin/fd_wrapper -d data/deterministic/blocksworld/domain.pddl -p data/deterministic/blocksworld/p-080.pddl --algorithm astar --heuristic ff --working-dir experiment-2-blocksworld-det/fd-ff/p-080
p-081	error	 -1.000000	 -1.000000	  0.367266	None	/home/marcofavorito/planning-for-past-temporal-goals/bin/fd_wrapper -d data/deterministic/blocksworld/domain.pddl -p data/deterministic/blocksworld/p-081.pddl --algorithm astar --heuristic ff --working-dir experiment-2-blocksworld-det/fd-ff/p-081
p-082	error	 -1.000000	 -1.000000	  0.367313	None	/home/marcofavorito/planning-for-past-temporal-goals/bin/fd_wrapper -d data/deterministic/blocksworld/domain.pddl -p data/deterministic/blocksworld/p-082.pddl --algorithm astar --heuristic ff --working-dir experiment-2-blocksworld-det/fd-ff/p-082
p-083	error	 -1.000000	 -1.000000	  0.367189	None	/home/marcofavorito/planning-for-past-temporal-goals/bin/fd_wrapper -d data/deterministic/blocksworld/domain.pddl -p data/deterministic/blocksworld/p-083.pddl --algorithm astar --heuristic ff --working-dir experiment-2-blocksworld-det/fd-ff/p-083
p-084	error	 -1.000000	 -1.000000	  0.417322	None	/home/marcofavorito/planning-for-past-temporal-goals/bin/fd_wrapper -d data/deterministic/blocksworld/domain.pddl -p data/deterministic/blocksworld/p-084.pddl --algorithm astar --heuristic ff --working-dir experiment-2-blocksworld-det/fd-ff/p-084
p-085	error	 -1.000000	 -1.000000	  0.367547	None	/home/marcofavorito/planning-for-past-temporal-goals/bin/fd_wrapper -d data/deterministic/blocksworld/domain.pddl -p data/deterministic/blocksworld/p-085.pddl --algorithm astar --heuristic ff --working-dir experiment-2-blocksworld-det/fd-ff/p-085
p-086	error	 -1.000000	 -1.000000	  0.367524	None	/home/marcofavorito/planning-for-past-temporal-goals/bin/fd_wrapper -d data/deterministic/blocksworld/domain.pddl -p data/deterministic/blocksworld/p-086.pddl --algorithm astar --heuristic ff --working-dir experiment-2-blocksworld-det/fd-ff/p-086
p-087	error	 -1.000000	 -1.000000	  0.367343	None	/home/marcofavorito/planning-for-past-temporal-goals/bin/fd_wrapper -d data/deterministic/blocksworld/domain.pddl -p data/deterministic/blocksworld/p-087.pddl --algorithm astar --heuristic ff --working-dir experiment-2-blocksworld-det/fd-ff/p-087
p-088	error	 -1.000000	 -1.000000	  0.367312	None	/home/marcofavorito/planning-for-past-temporal-goals/bin/fd_wrapper -d data/deterministic/blocksworld/domain.pddl -p data/deterministic/blocksworld/p-088.pddl --algorithm astar --heuristic ff --working-dir experiment-2-blocksworld-det/fd-ff/p-088
p-089	error	 -1.000000	 -1.000000	  0.367028	None	/home/marcofavorito/planning-for-past-temporal-goals/bin/fd_wrapper -d data/deterministic/blocksworld/domain.pddl -p data/deterministic/blocksworld/p-089.pddl --algorithm astar --heuristic ff --working-dir experiment-2-blocksworld-det/fd-ff/p-089
p-090	error	 -1.000000	 -1.000000	  0.417662	None	/home/marcofavorito/planning-for-past-temporal-goals/bin/fd_wrapper -d data/deterministic/blocksworld/domain.pddl -p data/deterministic/blocksworld/p-090.pddl --algorithm astar --heuristic ff --working-dir experiment-2-blocksworld-det/fd-ff/p-090
p-091	error	 -1.000000	 -1.000000	  0.417331	None	/home/marcofavorito/planning-for-past-temporal-goals/bin/fd_wrapper -d data/deterministic/blocksworld/domain.pddl -p data/deterministic/blocksworld/p-091.pddl --algorithm astar --heuristic ff --working-dir experiment-2-blocksworld-det/fd-ff/p-091
p-092	error	 -1.000000	 -1.000000	  0.417668	None	/home/marcofavorito/planning-for-past-temporal-goals/bin/fd_wrapper -d data/deterministic/blocksworld/domain.pddl -p data/deterministic/blocksworld/p-092.pddl --algorithm astar --heuristic ff --working-dir experiment-2-blocksworld-det/fd-ff/p-092
p-093	error	 -1.000000	 -1.000000	  0.417629	None	/home/marcofavorito/planning-for-past-temporal-goals/bin/fd_wrapper -d data/deterministic/blocksworld/domain.pddl -p data/deterministic/blocksworld/p-093.pddl --algorithm astar --heuristic ff --working-dir experiment-2-blocksworld-det/fd-ff/p-093
p-094	error	 -1.000000	 -1.000000	  0.367196	None	/home/marcofavorito/planning-for-past-temporal-goals/bin/fd_wrapper -d data/deterministic/blocksworld/domain.pddl -p data/deterministic/blocksworld/p-094.pddl --algorithm astar --heuristic ff --working-dir experiment-2-blocksworld-det/fd-ff/p-094
p-095	error	 -1.000000	 -1.000000	  0.367289	None	/home/marcofavorito/planning-for-past-temporal-goals/bin/fd_wrapper -d data/deterministic/blocksworld/domain.pddl -p data/deterministic/blocksworld/p-095.pddl --algorithm astar --heuristic ff --working-dir experiment-2-blocksworld-det/fd-ff/p-095
p-096	error	 -1.000000	 -1.000000	  0.367207	None	/home/marcofavorito/planning-for-past-temporal-goals/bin/fd_wrapper -d data/deterministic/blocksworld/domain.pddl -p data/deterministic/blocksworld/p-096.pddl --algorithm astar --heuristic ff --working-dir experiment-2-blocksworld-det/fd-ff/p-096
p-097	error	 -1.000000	 -1.000000	  0.367360	None	/home/marcofavorito/planning-for-past-temporal-goals/bin/fd_wrapper -d data/deterministic/blocksworld/domain.pddl -p data/deterministic/blocksworld/p-097.pddl --algorithm astar --heuristic ff --working-dir experiment-2-blocksworld-det/fd-ff/p-097
p-098	error	 -1.000000	 -1.000000	  0.367421	None	/home/marcofavorito/planning-for-past-temporal-goals/bin/fd_wrapper -d data/deterministic/blocksworld/domain.pddl -p data/deterministic/blocksworld/p-098.pddl --algorithm astar --heuristic ff --working-dir experiment-2-blocksworld-det/fd-ff/p-098
p-099	error	 -1.000000	 -1.000000	  0.367279	None	/home/marcofavorito/planning-for-past-temporal-goals/bin/fd_wrapper -d data/deterministic/blocksworld/domain.pddl -p data/deterministic/blocksworld/p-099.pddl --algorithm astar --heuristic ff --working-dir experiment-2-blocksworld-det/fd-ff/p-099
p-100	error	 -1.000000	 -1.000000	  0.367423	None	/home/marcofavorito/planning-for-past-temporal-goals/bin/fd_wrapper -d data/deterministic/blocksworld/domain.pddl -p data/deterministic/blocksworld/p-100.pddl --algorithm astar --heuristic ff --working-dir experiment-2-blocksworld-det/fd-ff/p-100
p-101	error	 -1.000000	 -1.000000	  0.367043	None	/home/marcofavorito/planning-for-past-temporal-goals/bin/fd_wrapper -d data/deterministic/blocksworld/domain.pddl -p data/deterministic/blocksworld/p-101.pddl --algorithm astar --heuristic ff --working-dir experiment-2-blocksworld-det/fd-ff/p-101
p-102	error	 -1.000000	 -1.000000	  0.368837	None	/home/marcofavorito/planning-for-past-temporal-goals/bin/fd_wrapper -d data/deterministic/blocksworld/domain.pddl -p data/deterministic/blocksworld/p-102.pddl --algorithm astar --heuristic ff --working-dir experiment-2-blocksworld-det/fd-ff/p-102
