name	status	time_compilation	time_tool	time_end2end	nb_node_expanded	command
p01	success	 -1.000000	 -1.000000	  1.370073	12	/home/marcofavorito/planning-for-past-temporal-goals/bin/mynd_wrapper -d data/non-deterministic/blocksworld/domain.pddl -p data/non-deterministic/blocksworld/p01.pddl --algorithm laostar --heuristic ff --working-dir experiment-2-blocksworld-nondet/mynd-sc-ff/p01
p02	success	 -1.000000	 -1.000000	  0.818564	8	/home/marcofavorito/planning-for-past-temporal-goals/bin/mynd_wrapper -d data/non-deterministic/blocksworld/domain.pddl -p data/non-deterministic/blocksworld/p02.pddl --algorithm laostar --heuristic ff --working-dir experiment-2-blocksworld-nondet/mynd-sc-ff/p02
p03	success	 -1.000000	 -1.000000	  0.718052	10	/home/marcofavorito/planning-for-past-temporal-goals/bin/mynd_wrapper -d data/non-deterministic/blocksworld/domain.pddl -p data/non-deterministic/blocksworld/p03.pddl --algorithm laostar --heuristic ff --working-dir experiment-2-blocksworld-nondet/mynd-sc-ff/p03
p04	success	 -1.000000	 -1.000000	  1.625376	200	/home/marcofavorito/planning-for-past-temporal-goals/bin/mynd_wrapper -d data/non-deterministic/blocksworld/domain.pddl -p data/non-deterministic/blocksworld/p04.pddl --algorithm laostar --heuristic ff --working-dir experiment-2-blocksworld-nondet/mynd-sc-ff/p04
p05	success	 -1.000000	 -1.000000	  0.820998	16	/home/marcofavorito/planning-for-past-temporal-goals/bin/mynd_wrapper -d data/non-deterministic/blocksworld/domain.pddl -p data/non-deterministic/blocksworld/p05.pddl --algorithm laostar --heuristic ff --working-dir experiment-2-blocksworld-nondet/mynd-sc-ff/p05
p06	success	 -1.000000	 -1.000000	  1.025635	31	/home/marcofavorito/planning-for-past-temporal-goals/bin/mynd_wrapper -d data/non-deterministic/blocksworld/domain.pddl -p data/non-deterministic/blocksworld/p06.pddl --algorithm laostar --heuristic ff --working-dir experiment-2-blocksworld-nondet/mynd-sc-ff/p06
p07	success	 -1.000000	 -1.000000	  1.076946	60	/home/marcofavorito/planning-for-past-temporal-goals/bin/mynd_wrapper -d data/non-deterministic/blocksworld/domain.pddl -p data/non-deterministic/blocksworld/p07.pddl --algorithm laostar --heuristic ff --working-dir experiment-2-blocksworld-nondet/mynd-sc-ff/p07
p08	success	 -1.000000	 -1.000000	  1.127137	57	/home/marcofavorito/planning-for-past-temporal-goals/bin/mynd_wrapper -d data/non-deterministic/blocksworld/domain.pddl -p data/non-deterministic/blocksworld/p08.pddl --algorithm laostar --heuristic ff --working-dir experiment-2-blocksworld-nondet/mynd-sc-ff/p08
p09	success	 -1.000000	 -1.000000	  1.282493	8	/home/marcofavorito/planning-for-past-temporal-goals/bin/mynd_wrapper -d data/non-deterministic/blocksworld/domain.pddl -p data/non-deterministic/blocksworld/p09.pddl --algorithm laostar --heuristic ff --working-dir experiment-2-blocksworld-nondet/mynd-sc-ff/p09
p10	success	 -1.000000	 -1.000000	  1.019689	10	/home/marcofavorito/planning-for-past-temporal-goals/bin/mynd_wrapper -d data/non-deterministic/blocksworld/domain.pddl -p data/non-deterministic/blocksworld/p10.pddl --algorithm laostar --heuristic ff --working-dir experiment-2-blocksworld-nondet/mynd-sc-ff/p10
p11	success	 -1.000000	 -1.000000	  2.695481	75	/home/marcofavorito/planning-for-past-temporal-goals/bin/mynd_wrapper -d data/non-deterministic/blocksworld/domain.pddl -p data/non-deterministic/blocksworld/p11.pddl --algorithm laostar --heuristic ff --working-dir experiment-2-blocksworld-nondet/mynd-sc-ff/p11
p12	timeout	 -1.000000	 -1.000000	300.019670	None	/home/marcofavorito/planning-for-past-temporal-goals/bin/mynd_wrapper -d data/non-deterministic/blocksworld/domain.pddl -p data/non-deterministic/blocksworld/p12.pddl --algorithm laostar --heuristic ff --working-dir experiment-2-blocksworld-nondet/mynd-sc-ff/p12
p13	success	 -1.000000	 -1.000000	  4.231015	216	/home/marcofavorito/planning-for-past-temporal-goals/bin/mynd_wrapper -d data/non-deterministic/blocksworld/domain.pddl -p data/non-deterministic/blocksworld/p13.pddl --algorithm laostar --heuristic ff --working-dir experiment-2-blocksworld-nondet/mynd-sc-ff/p13
p14	success	 -1.000000	 -1.000000	  1.770603	29	/home/marcofavorito/planning-for-past-temporal-goals/bin/mynd_wrapper -d data/non-deterministic/blocksworld/domain.pddl -p data/non-deterministic/blocksworld/p14.pddl --algorithm laostar --heuristic ff --working-dir experiment-2-blocksworld-nondet/mynd-sc-ff/p14
p15	success	 -1.000000	 -1.000000	 27.292872	1068	/home/marcofavorito/planning-for-past-temporal-goals/bin/mynd_wrapper -d data/non-deterministic/blocksworld/domain.pddl -p data/non-deterministic/blocksworld/p15.pddl --algorithm laostar --heuristic ff --working-dir experiment-2-blocksworld-nondet/mynd-sc-ff/p15
p16	timeout	 -1.000000	 -1.000000	300.003848	None	/home/marcofavorito/planning-for-past-temporal-goals/bin/mynd_wrapper -d data/non-deterministic/blocksworld/domain.pddl -p data/non-deterministic/blocksworld/p16.pddl --algorithm laostar --heuristic ff --working-dir experiment-2-blocksworld-nondet/mynd-sc-ff/p16
p17	success	 -1.000000	 -1.000000	 12.287380	682	/home/marcofavorito/planning-for-past-temporal-goals/bin/mynd_wrapper -d data/non-deterministic/blocksworld/domain.pddl -p data/non-deterministic/blocksworld/p17.pddl --algorithm laostar --heuristic ff --working-dir experiment-2-blocksworld-nondet/mynd-sc-ff/p17
p18	timeout	 -1.000000	 -1.000000	300.004156	None	/home/marcofavorito/planning-for-past-temporal-goals/bin/mynd_wrapper -d data/non-deterministic/blocksworld/domain.pddl -p data/non-deterministic/blocksworld/p18.pddl --algorithm laostar --heuristic ff --working-dir experiment-2-blocksworld-nondet/mynd-sc-ff/p18
p19	timeout	 -1.000000	 -1.000000	300.006835	None	/home/marcofavorito/planning-for-past-temporal-goals/bin/mynd_wrapper -d data/non-deterministic/blocksworld/domain.pddl -p data/non-deterministic/blocksworld/p19.pddl --algorithm laostar --heuristic ff --working-dir experiment-2-blocksworld-nondet/mynd-sc-ff/p19
p20	timeout	 -1.000000	 -1.000000	300.004159	None	/home/marcofavorito/planning-for-past-temporal-goals/bin/mynd_wrapper -d data/non-deterministic/blocksworld/domain.pddl -p data/non-deterministic/blocksworld/p20.pddl --algorithm laostar --heuristic ff --working-dir experiment-2-blocksworld-nondet/mynd-sc-ff/p20
p21	timeout	 -1.000000	 -1.000000	300.004493	None	/home/marcofavorito/planning-for-past-temporal-goals/bin/mynd_wrapper -d data/non-deterministic/blocksworld/domain.pddl -p data/non-deterministic/blocksworld/p21.pddl --algorithm laostar --heuristic ff --working-dir experiment-2-blocksworld-nondet/mynd-sc-ff/p21
p22	timeout	 -1.000000	 -1.000000	300.004128	None	/home/marcofavorito/planning-for-past-temporal-goals/bin/mynd_wrapper -d data/non-deterministic/blocksworld/domain.pddl -p data/non-deterministic/blocksworld/p22.pddl --algorithm laostar --heuristic ff --working-dir experiment-2-blocksworld-nondet/mynd-sc-ff/p22
p23	timeout	 -1.000000	 -1.000000	300.004080	None	/home/marcofavorito/planning-for-past-temporal-goals/bin/mynd_wrapper -d data/non-deterministic/blocksworld/domain.pddl -p data/non-deterministic/blocksworld/p23.pddl --algorithm laostar --heuristic ff --working-dir experiment-2-blocksworld-nondet/mynd-sc-ff/p23
p24	timeout	 -1.000000	 -1.000000	300.004113	None	/home/marcofavorito/planning-for-past-temporal-goals/bin/mynd_wrapper -d data/non-deterministic/blocksworld/domain.pddl -p data/non-deterministic/blocksworld/p24.pddl --algorithm laostar --heuristic ff --working-dir experiment-2-blocksworld-nondet/mynd-sc-ff/p24
p25	timeout	 -1.000000	 -1.000000	300.004821	None	/home/marcofavorito/planning-for-past-temporal-goals/bin/mynd_wrapper -d data/non-deterministic/blocksworld/domain.pddl -p data/non-deterministic/blocksworld/p25.pddl --algorithm laostar --heuristic ff --working-dir experiment-2-blocksworld-nondet/mynd-sc-ff/p25
p26	success	 -1.000000	 -1.000000	164.155829	2330	/home/marcofavorito/planning-for-past-temporal-goals/bin/mynd_wrapper -d data/non-deterministic/blocksworld/domain.pddl -p data/non-deterministic/blocksworld/p26.pddl --algorithm laostar --heuristic ff --working-dir experiment-2-blocksworld-nondet/mynd-sc-ff/p26
p27	timeout	 -1.000000	 -1.000000	300.004236	None	/home/marcofavorito/planning-for-past-temporal-goals/bin/mynd_wrapper -d data/non-deterministic/blocksworld/domain.pddl -p data/non-deterministic/blocksworld/p27.pddl --algorithm laostar --heuristic ff --working-dir experiment-2-blocksworld-nondet/mynd-sc-ff/p27
p28	success	 -1.000000	 -1.000000	 45.282495	1036	/home/marcofavorito/planning-for-past-temporal-goals/bin/mynd_wrapper -d data/non-deterministic/blocksworld/domain.pddl -p data/non-deterministic/blocksworld/p28.pddl --algorithm laostar --heuristic ff --working-dir experiment-2-blocksworld-nondet/mynd-sc-ff/p28
p29	success	 -1.000000	 -1.000000	116.014941	1872	/home/marcofavorito/planning-for-past-temporal-goals/bin/mynd_wrapper -d data/non-deterministic/blocksworld/domain.pddl -p data/non-deterministic/blocksworld/p29.pddl --algorithm laostar --heuristic ff --working-dir experiment-2-blocksworld-nondet/mynd-sc-ff/p29
p30	success	 -1.000000	 -1.000000	123.142237	1888	/home/marcofavorito/planning-for-past-temporal-goals/bin/mynd_wrapper -d data/non-deterministic/blocksworld/domain.pddl -p data/non-deterministic/blocksworld/p30.pddl --algorithm laostar --heuristic ff --working-dir experiment-2-blocksworld-nondet/mynd-sc-ff/p30
