name	status	time_compilation	time_tool	time_end2end	nb_node_expanded	command
p02	success	  0.208988	  0.760963	  0.969951	5	/home/francesco/Projects/planning-for-past-temporal-goals/bin/ltlfond2fond_wrapper -t mynd -d results/experiment-1b-blocksworld-nondet/domain.pddl -p results/experiment-1b-blocksworld-nondet/p02.pddl -g F("on b1 b2") --working-dir results/experiment-1b-blocksworld-nondet/lf2f-mynd-sc-ff/p02 --algorithm laostar --heuristic ff
p03	success	  0.121264	 14.439310	 14.560574	74	/home/francesco/Projects/planning-for-past-temporal-goals/bin/ltlfond2fond_wrapper -t mynd -d results/experiment-1b-blocksworld-nondet/domain.pddl -p results/experiment-1b-blocksworld-nondet/p03.pddl -g F("on b2 b3"&X(F("on b1 b2"))) --working-dir results/experiment-1b-blocksworld-nondet/lf2f-mynd-sc-ff/p03 --algorithm laostar --heuristic ff
p04	success	  0.163960	 74.906966	 75.070926	282	/home/francesco/Projects/planning-for-past-temporal-goals/bin/ltlfond2fond_wrapper -t mynd -d results/experiment-1b-blocksworld-nondet/domain.pddl -p results/experiment-1b-blocksworld-nondet/p04.pddl -g F("on b3 b4"&X(F("on b2 b3"&X(F("on b1 b2"))))) --working-dir results/experiment-1b-blocksworld-nondet/lf2f-mynd-sc-ff/p04 --algorithm laostar --heuristic ff
p05	success	  0.137315	253.386051	253.523366	304	/home/francesco/Projects/planning-for-past-temporal-goals/bin/ltlfond2fond_wrapper -t mynd -d results/experiment-1b-blocksworld-nondet/domain.pddl -p results/experiment-1b-blocksworld-nondet/p05.pddl -g F("on b4 b5"&X(F("on b3 b4"&X(F("on b2 b3"&X(F("on b1 b2"))))))) --working-dir results/experiment-1b-blocksworld-nondet/lf2f-mynd-sc-ff/p05 --algorithm laostar --heuristic ff
p06	timeout	 -1.000000	 -1.000000	300.005303	None	/home/francesco/Projects/planning-for-past-temporal-goals/bin/ltlfond2fond_wrapper -t mynd -d results/experiment-1b-blocksworld-nondet/domain.pddl -p results/experiment-1b-blocksworld-nondet/p06.pddl -g F("on b5 b6"&X(F("on b4 b5"&X(F("on b3 b4"&X(F("on b2 b3"&X(F("on b1 b2"))))))))) --working-dir results/experiment-1b-blocksworld-nondet/lf2f-mynd-sc-ff/p06 --algorithm laostar --heuristic ff
