name	status	time_compilation	time_tool	time_end2end	nb_node_expanded	command
p-001	success	  0.421085	  0.002466	  0.618752	7	/home/marcofavorito/planning-for-past-temporal-goals/bin/plan4past -t fd --domain data/deterministic/blocksworld/domain.pddl --problem data/deterministic/blocksworld/p-001.pddl --formula on_d_c & on_c_b & on_b_a --working-dir experiment-2-blocksworld-det/p4p-fd-ff/p-001 --algorithm astar --heuristic ff
p-002	success	  0.422493	  0.002619	  0.626406	12	/home/marcofavorito/planning-for-past-temporal-goals/bin/plan4past -t fd --domain data/deterministic/blocksworld/domain.pddl --problem data/deterministic/blocksworld/p-002.pddl --formula on_d_c & on_c_a & on_a_b --working-dir experiment-2-blocksworld-det/p4p-fd-ff/p-002 --algorithm astar --heuristic ff
p-003	success	  0.421386	  0.002464	  0.623758	10	/home/marcofavorito/planning-for-past-temporal-goals/bin/plan4past -t fd --domain data/deterministic/blocksworld/domain.pddl --problem data/deterministic/blocksworld/p-003.pddl --formula on_a_b & on_b_c & on_c_d --working-dir experiment-2-blocksworld-det/p4p-fd-ff/p-003 --algorithm astar --heuristic ff
p-004	success	  0.426949	  0.003236	  0.633600	25	/home/marcofavorito/planning-for-past-temporal-goals/bin/plan4past -t fd --domain data/deterministic/blocksworld/domain.pddl --problem data/deterministic/blocksworld/p-004.pddl --formula on_a_e & on_e_b & on_b_d & on_d_c --working-dir experiment-2-blocksworld-det/p4p-fd-ff/p-004 --algorithm astar --heuristic ff
p-005	success	  0.417076	  0.002921	  0.617812	22	/home/marcofavorito/planning-for-past-temporal-goals/bin/plan4past -t fd --domain data/deterministic/blocksworld/domain.pddl --problem data/deterministic/blocksworld/p-005.pddl --formula on_d_c & on_c_b & on_b_a & on_a_e --working-dir experiment-2-blocksworld-det/p4p-fd-ff/p-005 --algorithm astar --heuristic ff
p-006	success	  0.435943	  0.003401	  0.643214	51	/home/marcofavorito/planning-for-past-temporal-goals/bin/plan4past -t fd --domain data/deterministic/blocksworld/domain.pddl --problem data/deterministic/blocksworld/p-006.pddl --formula on_d_c & on_c_b & on_b_e & on_e_a --working-dir experiment-2-blocksworld-det/p4p-fd-ff/p-006 --algorithm astar --heuristic ff
p-007	success	  0.417628	  0.003256	  0.629244	18	/home/marcofavorito/planning-for-past-temporal-goals/bin/plan4past -t fd --domain data/deterministic/blocksworld/domain.pddl --problem data/deterministic/blocksworld/p-007.pddl --formula on_c_b & on_b_a & on_a_e & on_e_f & on_f_d --working-dir experiment-2-blocksworld-det/p4p-fd-ff/p-007 --algorithm astar --heuristic ff
p-008	success	  0.426298	  0.003027	  0.632697	13	/home/marcofavorito/planning-for-past-temporal-goals/bin/plan4past -t fd --domain data/deterministic/blocksworld/domain.pddl --problem data/deterministic/blocksworld/p-008.pddl --formula on_e_f & on_f_c & on_c_b & on_b_a & on_a_d --working-dir experiment-2-blocksworld-det/p4p-fd-ff/p-008 --algorithm astar --heuristic ff
p-009	success	  0.410335	  0.008939	  0.620617	407	/home/marcofavorito/planning-for-past-temporal-goals/bin/plan4past -t fd --domain data/deterministic/blocksworld/domain.pddl --problem data/deterministic/blocksworld/p-009.pddl --formula on_e_f & on_f_a & on_a_b & on_b_c & on_c_d --working-dir experiment-2-blocksworld-det/p4p-fd-ff/p-009 --algorithm astar --heuristic ff
p-010	success	  0.426740	  0.005181	  0.642095	105	/home/marcofavorito/planning-for-past-temporal-goals/bin/plan4past -t fd --domain data/deterministic/blocksworld/domain.pddl --problem data/deterministic/blocksworld/p-010.pddl --formula on_a_g & on_g_d & on_d_b & on_b_c & on_c_f & on_f_e --working-dir experiment-2-blocksworld-det/p4p-fd-ff/p-010 --algorithm astar --heuristic ff
p-011	success	  0.433814	  0.034837	  0.686160	1831	/home/marcofavorito/planning-for-past-temporal-goals/bin/plan4past -t fd --domain data/deterministic/blocksworld/domain.pddl --problem data/deterministic/blocksworld/p-011.pddl --formula on_a_e & on_e_b & on_b_f & on_f_g & on_g_c & on_c_d --working-dir experiment-2-blocksworld-det/p4p-fd-ff/p-011 --algorithm astar --heuristic ff
p-012	success	  0.426875	  0.009336	  0.646042	337	/home/marcofavorito/planning-for-past-temporal-goals/bin/plan4past -t fd --domain data/deterministic/blocksworld/domain.pddl --problem data/deterministic/blocksworld/p-012.pddl --formula on_e_b & on_b_f & on_f_d & on_d_a & on_a_c & on_c_g --working-dir experiment-2-blocksworld-det/p4p-fd-ff/p-012 --algorithm astar --heuristic ff
p-013	success	  0.422769	  0.011012	  0.649590	312	/home/marcofavorito/planning-for-past-temporal-goals/bin/plan4past -t fd --domain data/deterministic/blocksworld/domain.pddl --problem data/deterministic/blocksworld/p-013.pddl --formula on_d_f & on_f_e & on_e_h & on_h_c & on_c_a & on_a_g & on_g_b --working-dir experiment-2-blocksworld-det/p4p-fd-ff/p-013 --algorithm astar --heuristic ff
p-014	success	  0.433669	  0.037796	  0.688700	1686	/home/marcofavorito/planning-for-past-temporal-goals/bin/plan4past -t fd --domain data/deterministic/blocksworld/domain.pddl --problem data/deterministic/blocksworld/p-014.pddl --formula on_c_d & on_d_b & on_b_g & on_g_f & on_f_h & on_h_a & on_a_e --working-dir experiment-2-blocksworld-det/p4p-fd-ff/p-014 --algorithm astar --heuristic ff
p-015	success	  0.421141	  0.006852	  0.644291	112	/home/marcofavorito/planning-for-past-temporal-goals/bin/plan4past -t fd --domain data/deterministic/blocksworld/domain.pddl --problem data/deterministic/blocksworld/p-015.pddl --formula on_c_b & on_b_e & on_e_g & on_g_f & on_f_a & on_a_d & on_d_h --working-dir experiment-2-blocksworld-det/p4p-fd-ff/p-015 --algorithm astar --heuristic ff
p-016	success	  0.430069	  0.568217	  1.217456	21299	/home/marcofavorito/planning-for-past-temporal-goals/bin/plan4past -t fd --domain data/deterministic/blocksworld/domain.pddl --problem data/deterministic/blocksworld/p-016.pddl --formula on_g_d & on_d_b & on_b_c & on_c_a & on_a_i & on_i_f & on_f_e & on_e_h --working-dir experiment-2-blocksworld-det/p4p-fd-ff/p-016 --algorithm astar --heuristic ff
p-017	success	  0.424035	  0.021336	  0.668179	689	/home/marcofavorito/planning-for-past-temporal-goals/bin/plan4past -t fd --domain data/deterministic/blocksworld/domain.pddl --problem data/deterministic/blocksworld/p-017.pddl --formula on_d_i & on_i_a & on_a_b & on_b_h & on_h_g & on_g_f & on_f_e & on_e_c --working-dir experiment-2-blocksworld-det/p4p-fd-ff/p-017 --algorithm astar --heuristic ff
p-018	success	  0.425194	  0.052751	  0.700615	1331	/home/marcofavorito/planning-for-past-temporal-goals/bin/plan4past -t fd --domain data/deterministic/blocksworld/domain.pddl --problem data/deterministic/blocksworld/p-018.pddl --formula on_f_g & on_g_h & on_h_d & on_d_i & on_i_e & on_e_b & on_b_c & on_c_a --working-dir experiment-2-blocksworld-det/p4p-fd-ff/p-018 --algorithm astar --heuristic ff
p-019	success	  0.435539	 14.612800	 15.284346	471639	/home/marcofavorito/planning-for-past-temporal-goals/bin/plan4past -t fd --domain data/deterministic/blocksworld/domain.pddl --problem data/deterministic/blocksworld/p-019.pddl --formula on_d_c & on_c_f & on_f_j & on_j_e & on_e_h & on_h_b & on_b_a & on_a_g & on_g_i --working-dir experiment-2-blocksworld-det/p4p-fd-ff/p-019 --algorithm astar --heuristic ff
p-020	success	  0.428541	  2.510430	  3.167471	58944	/home/marcofavorito/planning-for-past-temporal-goals/bin/plan4past -t fd --domain data/deterministic/blocksworld/domain.pddl --problem data/deterministic/blocksworld/p-020.pddl --formula on_c_b & on_b_d & on_d_f & on_f_i & on_i_a & on_a_e & on_e_h & on_h_g & on_g_j --working-dir experiment-2-blocksworld-det/p4p-fd-ff/p-020 --algorithm astar --heuristic ff
p-021	success	  0.422663	  5.325660	  5.984371	159383	/home/marcofavorito/planning-for-past-temporal-goals/bin/plan4past -t fd --domain data/deterministic/blocksworld/domain.pddl --problem data/deterministic/blocksworld/p-021.pddl --formula on_b_e & on_e_i & on_i_g & on_g_h & on_h_c & on_c_a & on_a_f & on_f_j & on_j_d --working-dir experiment-2-blocksworld-det/p4p-fd-ff/p-021 --algorithm astar --heuristic ff
p-022	success	  0.415294	  4.373340	  5.032394	118602	/home/marcofavorito/planning-for-past-temporal-goals/bin/plan4past -t fd --domain data/deterministic/blocksworld/domain.pddl --problem data/deterministic/blocksworld/p-022.pddl --formula on_a_j & on_j_d & on_d_b & on_b_h & on_h_k & on_k_i & on_i_f & on_f_e & on_e_g & on_g_c --working-dir experiment-2-blocksworld-det/p4p-fd-ff/p-022 --algorithm astar --heuristic ff
p-023	success	  0.427806	  5.007240	  5.680908	124649	/home/marcofavorito/planning-for-past-temporal-goals/bin/plan4past -t fd --domain data/deterministic/blocksworld/domain.pddl --problem data/deterministic/blocksworld/p-023.pddl --formula on_b_d & on_d_j & on_j_k & on_k_h & on_h_a & on_a_c & on_c_f & on_f_g & on_g_i & on_i_e --working-dir experiment-2-blocksworld-det/p4p-fd-ff/p-023 --algorithm astar --heuristic ff
p-024	success	  0.424321	  3.597860	  4.257868	101977	/home/marcofavorito/planning-for-past-temporal-goals/bin/plan4past -t fd --domain data/deterministic/blocksworld/domain.pddl --problem data/deterministic/blocksworld/p-024.pddl --formula on_i_g & on_g_c & on_c_d & on_d_e & on_e_j & on_j_b & on_b_h & on_h_a & on_a_f & on_f_k --working-dir experiment-2-blocksworld-det/p4p-fd-ff/p-024 --algorithm astar --heuristic ff
p-025	success	  0.424624	  4.997140	  5.661892	111331	/home/marcofavorito/planning-for-past-temporal-goals/bin/plan4past -t fd --domain data/deterministic/blocksworld/domain.pddl --problem data/deterministic/blocksworld/p-025.pddl --formula on_i_c & on_c_b & on_b_l & on_l_d & on_d_j & on_j_e & on_e_k & on_k_f & on_f_a & on_a_h & on_h_g --working-dir experiment-2-blocksworld-det/p4p-fd-ff/p-025 --algorithm astar --heuristic ff
p-026	success	  0.421242	  0.826396	  1.486312	13633	/home/marcofavorito/planning-for-past-temporal-goals/bin/plan4past -t fd --domain data/deterministic/blocksworld/domain.pddl --problem data/deterministic/blocksworld/p-026.pddl --formula on_j_c & on_c_e & on_e_k & on_k_h & on_h_a & on_a_f & on_f_l & on_l_g & on_g_b & on_b_i & on_i_d --working-dir experiment-2-blocksworld-det/p4p-fd-ff/p-026 --algorithm astar --heuristic ff
p-027	timeout	 -1.000000	 -1.000000	300.004295	None	/home/marcofavorito/planning-for-past-temporal-goals/bin/plan4past -t fd --domain data/deterministic/blocksworld/domain.pddl --problem data/deterministic/blocksworld/p-027.pddl --formula on_g_i & on_i_c & on_c_d & on_d_f & on_f_a & on_a_m & on_m_h & on_h_e & on_e_l & on_l_j & on_j_b & on_b_k --working-dir experiment-2-blocksworld-det/p4p-fd-ff/p-027 --algorithm astar --heuristic ff
p-028	timeout	 -1.000000	 -1.000000	300.004263	None	/home/marcofavorito/planning-for-past-temporal-goals/bin/plan4past -t fd --domain data/deterministic/blocksworld/domain.pddl --problem data/deterministic/blocksworld/p-028.pddl --formula on_d_a & on_a_e & on_e_l & on_l_m & on_m_c & on_c_j & on_j_f & on_f_k & on_k_g & on_g_h & on_h_i & on_i_b --working-dir experiment-2-blocksworld-det/p4p-fd-ff/p-028 --algorithm astar --heuristic ff
p-029	success	  0.423066	 17.233300	 17.918383	201347	/home/marcofavorito/planning-for-past-temporal-goals/bin/plan4past -t fd --domain data/deterministic/blocksworld/domain.pddl --problem data/deterministic/blocksworld/p-029.pddl --formula on_e_l & on_l_f & on_f_b & on_b_j & on_j_i & on_i_n & on_n_c & on_c_k & on_k_g & on_g_d & on_d_m & on_m_a & on_a_h --working-dir experiment-2-blocksworld-det/p4p-fd-ff/p-029 --algorithm astar --heuristic ff
p-030	success	  0.424146	 25.149100	 25.841302	372525	/home/marcofavorito/planning-for-past-temporal-goals/bin/plan4past -t fd --domain data/deterministic/blocksworld/domain.pddl --problem data/deterministic/blocksworld/p-030.pddl --formula on_j_d & on_d_b & on_b_h & on_h_m & on_m_k & on_k_f & on_f_g & on_g_a & on_a_i & on_i_e & on_e_l & on_l_n & on_n_c --working-dir experiment-2-blocksworld-det/p4p-fd-ff/p-030 --algorithm astar --heuristic ff
p-031	timeout	 -1.000000	 -1.000000	300.004319	None	/home/marcofavorito/planning-for-past-temporal-goals/bin/plan4past -t fd --domain data/deterministic/blocksworld/domain.pddl --problem data/deterministic/blocksworld/p-031.pddl --formula on_g_o & on_o_h & on_h_k & on_k_m & on_m_f & on_f_e & on_e_a & on_a_b & on_b_l & on_l_j & on_j_d & on_d_n & on_n_i & on_i_c --working-dir experiment-2-blocksworld-det/p4p-fd-ff/p-031 --algorithm astar --heuristic ff
p-032	timeout	 -1.000000	 -1.000000	300.004452	None	/home/marcofavorito/planning-for-past-temporal-goals/bin/plan4past -t fd --domain data/deterministic/blocksworld/domain.pddl --problem data/deterministic/blocksworld/p-032.pddl --formula on_d_g & on_g_f & on_f_k & on_k_j & on_j_e & on_e_m & on_m_a & on_a_b & on_b_c & on_c_n & on_n_o & on_o_i & on_i_l & on_l_h --working-dir experiment-2-blocksworld-det/p4p-fd-ff/p-032 --algorithm astar --heuristic ff
p-033	timeout	 -1.000000	 -1.000000	300.003944	None	/home/marcofavorito/planning-for-past-temporal-goals/bin/plan4past -t fd --domain data/deterministic/blocksworld/domain.pddl --problem data/deterministic/blocksworld/p-033.pddl --formula on_d_b & on_b_p & on_p_f & on_f_g & on_g_k & on_k_i & on_i_l & on_l_j & on_j_h & on_h_a & on_a_n & on_n_e & on_e_m & on_m_c & on_c_o --working-dir experiment-2-blocksworld-det/p4p-fd-ff/p-033 --algorithm astar --heuristic ff
p-034	timeout	 -1.000000	 -1.000000	300.004783	None	/home/marcofavorito/planning-for-past-temporal-goals/bin/plan4past -t fd --domain data/deterministic/blocksworld/domain.pddl --problem data/deterministic/blocksworld/p-034.pddl --formula on_i_d & on_d_h & on_h_f & on_f_b & on_b_k & on_k_j & on_j_g & on_g_e & on_e_c & on_c_l & on_l_m & on_m_n & on_n_a & on_a_p & on_p_o --working-dir experiment-2-blocksworld-det/p4p-fd-ff/p-034 --algorithm astar --heuristic ff
p-035	timeout	 -1.000000	 -1.000000	300.004267	None	/home/marcofavorito/planning-for-past-temporal-goals/bin/plan4past -t fd --domain data/deterministic/blocksworld/domain.pddl --problem data/deterministic/blocksworld/p-035.pddl --formula on_q_n & on_n_l & on_l_o & on_o_j & on_j_h & on_h_c & on_c_e & on_e_m & on_m_p & on_p_a & on_a_g & on_g_b & on_b_i & on_i_k & on_k_f & on_f_d --working-dir experiment-2-blocksworld-det/p4p-fd-ff/p-035 --algorithm astar --heuristic ff
p-036	timeout	 -1.000000	 -1.000000	300.004131	None	/home/marcofavorito/planning-for-past-temporal-goals/bin/plan4past -t fd --domain data/deterministic/blocksworld/domain.pddl --problem data/deterministic/blocksworld/p-036.pddl --formula on_p_q & on_q_l & on_l_n & on_n_c & on_c_i & on_i_k & on_k_f & on_f_j & on_j_b & on_b_g & on_g_a & on_a_h & on_h_e & on_e_o & on_o_m & on_m_d --working-dir experiment-2-blocksworld-det/p4p-fd-ff/p-036 --algorithm astar --heuristic ff
p-037	timeout	 -1.000000	 -1.000000	300.004648	None	/home/marcofavorito/planning-for-past-temporal-goals/bin/plan4past -t fd --domain data/deterministic/blocksworld/domain.pddl --problem data/deterministic/blocksworld/p-037.pddl --formula on_h_j & on_j_n & on_n_r & on_r_f & on_f_k & on_k_l & on_l_i & on_i_b & on_b_m & on_m_c & on_c_d & on_d_a & on_a_o & on_o_q & on_q_p & on_p_g & on_g_e --working-dir experiment-2-blocksworld-det/p4p-fd-ff/p-037 --algorithm astar --heuristic ff
p-038	timeout	 -1.000000	 -1.000000	300.004634	None	/home/marcofavorito/planning-for-past-temporal-goals/bin/plan4past -t fd --domain data/deterministic/blocksworld/domain.pddl --problem data/deterministic/blocksworld/p-038.pddl --formula on_h_g & on_g_m & on_m_d & on_d_b & on_b_n & on_n_e & on_e_f & on_f_r & on_r_q & on_q_o & on_o_k & on_k_j & on_j_i & on_i_p & on_p_l & on_l_c & on_c_a --working-dir experiment-2-blocksworld-det/p4p-fd-ff/p-038 --algorithm astar --heuristic ff
p-039	timeout	 -1.000000	 -1.000000	300.004187	None	/home/marcofavorito/planning-for-past-temporal-goals/bin/plan4past -t fd --domain data/deterministic/blocksworld/domain.pddl --problem data/deterministic/blocksworld/p-039.pddl --formula on_h_q & on_q_p & on_p_a & on_a_l & on_l_r & on_r_i & on_i_d & on_d_j & on_j_b & on_b_n & on_n_f & on_f_s & on_s_m & on_m_o & on_o_e & on_e_c & on_c_k & on_k_g --working-dir experiment-2-blocksworld-det/p4p-fd-ff/p-039 --algorithm astar --heuristic ff
p-040	timeout	 -1.000000	 -1.000000	300.004189	None	/home/marcofavorito/planning-for-past-temporal-goals/bin/plan4past -t fd --domain data/deterministic/blocksworld/domain.pddl --problem data/deterministic/blocksworld/p-040.pddl --formula on_l_c & on_c_s & on_s_i & on_i_j & on_j_k & on_k_e & on_e_b & on_b_h & on_h_a & on_a_d & on_d_p & on_p_n & on_n_o & on_o_r & on_r_q & on_q_f & on_f_g & on_g_m --working-dir experiment-2-blocksworld-det/p4p-fd-ff/p-040 --algorithm astar --heuristic ff
p-041	timeout	 -1.000000	 -1.000000	300.004031	None	/home/marcofavorito/planning-for-past-temporal-goals/bin/plan4past -t fd --domain data/deterministic/blocksworld/domain.pddl --problem data/deterministic/blocksworld/p-041.pddl --formula on_k_e & on_e_n & on_n_r & on_r_d & on_d_g & on_g_h & on_h_o & on_o_a & on_a_l & on_l_j & on_j_f & on_f_m & on_m_i & on_i_q & on_q_b & on_b_p & on_p_t & on_t_s & on_s_c --working-dir experiment-2-blocksworld-det/p4p-fd-ff/p-041 --algorithm astar --heuristic ff
p-042	timeout	 -1.000000	 -1.000000	300.004494	None	/home/marcofavorito/planning-for-past-temporal-goals/bin/plan4past -t fd --domain data/deterministic/blocksworld/domain.pddl --problem data/deterministic/blocksworld/p-042.pddl --formula on_h_n & on_n_a & on_a_q & on_q_i & on_i_o & on_o_s & on_s_d & on_d_c & on_c_k & on_k_p & on_p_l & on_l_j & on_j_t & on_t_g & on_g_m & on_m_f & on_f_b & on_b_r & on_r_e --working-dir experiment-2-blocksworld-det/p4p-fd-ff/p-042 --algorithm astar --heuristic ff
p-043	timeout	 -1.000000	 -1.000000	300.004645	None	/home/marcofavorito/planning-for-past-temporal-goals/bin/plan4past -t fd --domain data/deterministic/blocksworld/domain.pddl --problem data/deterministic/blocksworld/p-043.pddl --formula on_h_l & on_l_b & on_b_e & on_e_c & on_c_s & on_s_p & on_p_o & on_o_r & on_r_k & on_k_t & on_t_u & on_u_q & on_q_j & on_j_n & on_n_g & on_g_i & on_i_d & on_d_a & on_a_m & on_m_f --working-dir experiment-2-blocksworld-det/p4p-fd-ff/p-043 --algorithm astar --heuristic ff
p-044	timeout	 -1.000000	 -1.000000	300.004864	None	/home/marcofavorito/planning-for-past-temporal-goals/bin/plan4past -t fd --domain data/deterministic/blocksworld/domain.pddl --problem data/deterministic/blocksworld/p-044.pddl --formula on_q_l & on_l_j & on_j_c & on_c_m & on_m_n & on_n_f & on_f_u & on_u_e & on_e_d & on_d_t & on_t_s & on_s_k & on_k_h & on_h_b & on_b_i & on_i_r & on_r_o & on_o_p & on_p_a & on_a_g --working-dir experiment-2-blocksworld-det/p4p-fd-ff/p-044 --algorithm astar --heuristic ff
p-045	timeout	 -1.000000	 -1.000000	300.004313	None	/home/marcofavorito/planning-for-past-temporal-goals/bin/plan4past -t fd --domain data/deterministic/blocksworld/domain.pddl --problem data/deterministic/blocksworld/p-045.pddl --formula on_h_o & on_o_m & on_m_q & on_q_g & on_g_s & on_s_i & on_i_n & on_n_p & on_p_u & on_u_b & on_b_d & on_d_f & on_f_e & on_e_c & on_c_k & on_k_a & on_a_l & on_l_r & on_r_t & on_t_v & on_v_j --working-dir experiment-2-blocksworld-det/p4p-fd-ff/p-045 --algorithm astar --heuristic ff
p-046	timeout	 -1.000000	 -1.000000	300.004390	None	/home/marcofavorito/planning-for-past-temporal-goals/bin/plan4past -t fd --domain data/deterministic/blocksworld/domain.pddl --problem data/deterministic/blocksworld/p-046.pddl --formula on_c_t & on_t_l & on_l_i & on_i_e & on_e_g & on_g_b & on_b_j & on_j_v & on_v_k & on_k_h & on_h_a & on_a_s & on_s_d & on_d_m & on_m_r & on_r_q & on_q_o & on_o_p & on_p_f & on_f_n & on_n_u --working-dir experiment-2-blocksworld-det/p4p-fd-ff/p-046 --algorithm astar --heuristic ff
p-047	timeout	 -1.000000	 -1.000000	300.004538	None	/home/marcofavorito/planning-for-past-temporal-goals/bin/plan4past -t fd --domain data/deterministic/blocksworld/domain.pddl --problem data/deterministic/blocksworld/p-047.pddl --formula on_e_k & on_k_i & on_i_j & on_j_a & on_a_q & on_q_f & on_f_n & on_n_d & on_d_w & on_w_c & on_c_h & on_h_p & on_p_r & on_r_t & on_t_s & on_s_v & on_v_b & on_b_u & on_u_l & on_l_o & on_o_g & on_g_m --working-dir experiment-2-blocksworld-det/p4p-fd-ff/p-047 --algorithm astar --heuristic ff
p-048	timeout	 -1.000000	 -1.000000	300.004614	None	/home/marcofavorito/planning-for-past-temporal-goals/bin/plan4past -t fd --domain data/deterministic/blocksworld/domain.pddl --problem data/deterministic/blocksworld/p-048.pddl --formula on_a_m & on_m_t & on_t_n & on_n_j & on_j_i & on_i_g & on_g_o & on_o_v & on_v_u & on_u_h & on_h_c & on_c_w & on_w_q & on_q_e & on_e_k & on_k_r & on_r_p & on_p_b & on_b_s & on_s_f & on_f_l & on_l_d --working-dir experiment-2-blocksworld-det/p4p-fd-ff/p-048 --algorithm astar --heuristic ff
p-049	timeout	 -1.000000	 -1.000000	300.004609	None	/home/marcofavorito/planning-for-past-temporal-goals/bin/plan4past -t fd --domain data/deterministic/blocksworld/domain.pddl --problem data/deterministic/blocksworld/p-049.pddl --formula on_i_e & on_e_f & on_f_o & on_o_x & on_x_j & on_j_n & on_n_v & on_v_p & on_p_m & on_m_h & on_h_k & on_k_l & on_l_d & on_d_u & on_u_a & on_a_t & on_t_r & on_r_c & on_c_g & on_g_q & on_q_s & on_s_b & on_b_w --working-dir experiment-2-blocksworld-det/p4p-fd-ff/p-049 --algorithm astar --heuristic ff
p-050	timeout	 -1.000000	 -1.000000	300.004901	None	/home/marcofavorito/planning-for-past-temporal-goals/bin/plan4past -t fd --domain data/deterministic/blocksworld/domain.pddl --problem data/deterministic/blocksworld/p-050.pddl --formula on_l_c & on_c_p & on_p_q & on_q_m & on_m_b & on_b_g & on_g_f & on_f_k & on_k_e & on_e_r & on_r_a & on_a_w & on_w_t & on_t_n & on_n_j & on_j_u & on_u_s & on_s_d & on_d_h & on_h_v & on_v_o & on_o_i & on_i_x --working-dir experiment-2-blocksworld-det/p4p-fd-ff/p-050 --algorithm astar --heuristic ff
p-051	timeout	 -1.000000	 -1.000000	300.003872	None	/home/marcofavorito/planning-for-past-temporal-goals/bin/plan4past -t fd --domain data/deterministic/blocksworld/domain.pddl --problem data/deterministic/blocksworld/p-051.pddl --formula on_l_t & on_t_w & on_w_n & on_n_o & on_o_s & on_s_y & on_y_a & on_a_r & on_r_c & on_c_g & on_g_j & on_j_d & on_d_b & on_b_k & on_k_p & on_p_m & on_m_x & on_x_e & on_e_v & on_v_f & on_f_i & on_i_q & on_q_h & on_h_u --working-dir experiment-2-blocksworld-det/p4p-fd-ff/p-051 --algorithm astar --heuristic ff
p-052	timeout	 -1.000000	 -1.000000	300.004539	None	/home/marcofavorito/planning-for-past-temporal-goals/bin/plan4past -t fd --domain data/deterministic/blocksworld/domain.pddl --problem data/deterministic/blocksworld/p-052.pddl --formula on_p_y & on_y_t & on_t_r & on_r_n & on_n_l & on_l_u & on_u_a & on_a_o & on_o_d & on_d_i & on_i_q & on_q_c & on_c_m & on_m_h & on_h_g & on_g_b & on_b_v & on_v_e & on_e_j & on_j_s & on_s_x & on_x_k & on_k_f & on_f_w --working-dir experiment-2-blocksworld-det/p4p-fd-ff/p-052 --algorithm astar --heuristic ff
p-053	timeout	 -1.000000	 -1.000000	300.004619	None	/home/marcofavorito/planning-for-past-temporal-goals/bin/plan4past -t fd --domain data/deterministic/blocksworld/domain.pddl --problem data/deterministic/blocksworld/p-053.pddl --formula on_x_e & on_e_n & on_n_o & on_o_u & on_u_i & on_i_z & on_z_k & on_k_y & on_y_v & on_v_g & on_g_b & on_b_j & on_j_s & on_s_c & on_c_r & on_r_l & on_l_h & on_h_t & on_t_d & on_d_f & on_f_m & on_m_w & on_w_q & on_q_p & on_p_a --working-dir experiment-2-blocksworld-det/p4p-fd-ff/p-053 --algorithm astar --heuristic ff
p-054	timeout	 -1.000000	 -1.000000	300.003963	None	/home/marcofavorito/planning-for-past-temporal-goals/bin/plan4past -t fd --domain data/deterministic/blocksworld/domain.pddl --problem data/deterministic/blocksworld/p-054.pddl --formula on_k_m & on_m_u & on_u_a & on_a_p & on_p_h & on_h_c & on_c_e & on_e_v & on_v_x & on_x_j & on_j_r & on_r_g & on_g_s & on_s_o & on_o_d & on_d_i & on_i_f & on_f_l & on_l_t & on_t_z & on_z_w & on_w_n & on_n_q & on_q_b & on_b_y --working-dir experiment-2-blocksworld-det/p4p-fd-ff/p-054 --algorithm astar --heuristic ff
p-055	timeout	 -1.000000	 -1.000000	300.003908	None	/home/marcofavorito/planning-for-past-temporal-goals/bin/plan4past -t fd --domain data/deterministic/blocksworld/domain.pddl --problem data/deterministic/blocksworld/p-055.pddl --formula on_y_f & on_f_l & on_l_w & on_w_v & on_v_e & on_e_m & on_m_q & on_q_g & on_g_k & on_k_s & on_s_t & on_t_h & on_h_r & on_r_x & on_x_c & on_c_p & on_p_z & on_z_a & on_a_a1 & on_a1_b & on_b_d & on_d_j & on_j_o & on_o_u & on_u_n & on_n_i --working-dir experiment-2-blocksworld-det/p4p-fd-ff/p-055 --algorithm astar --heuristic ff
p-056	timeout	 -1.000000	 -1.000000	300.004168	None	/home/marcofavorito/planning-for-past-temporal-goals/bin/plan4past -t fd --domain data/deterministic/blocksworld/domain.pddl --problem data/deterministic/blocksworld/p-056.pddl --formula on_l_d & on_d_b & on_b_y & on_y_a & on_a_e & on_e_h & on_h_o & on_o_w & on_w_j & on_j_s & on_s_f & on_f_z & on_z_g & on_g_a1 & on_a1_v & on_v_u & on_u_x & on_x_k & on_k_i & on_i_n & on_n_q & on_q_c & on_c_m & on_m_t & on_t_p & on_p_r --working-dir experiment-2-blocksworld-det/p4p-fd-ff/p-056 --algorithm astar --heuristic ff
p-057	timeout	 -1.000000	 -1.000000	300.004436	None	/home/marcofavorito/planning-for-past-temporal-goals/bin/plan4past -t fd --domain data/deterministic/blocksworld/domain.pddl --problem data/deterministic/blocksworld/p-057.pddl --formula on_b1_n & on_n_a & on_a_y & on_y_d & on_d_a1 & on_a1_t & on_t_r & on_r_x & on_x_g & on_g_b & on_b_f & on_f_c & on_c_u & on_u_k & on_k_m & on_m_w & on_w_z & on_z_j & on_j_p & on_p_o & on_o_l & on_l_s & on_s_e & on_e_i & on_i_v & on_v_q & on_q_h --working-dir experiment-2-blocksworld-det/p4p-fd-ff/p-057 --algorithm astar --heuristic ff
p-058	timeout	 -1.000000	 -1.000000	300.004069	None	/home/marcofavorito/planning-for-past-temporal-goals/bin/plan4past -t fd --domain data/deterministic/blocksworld/domain.pddl --problem data/deterministic/blocksworld/p-058.pddl --formula on_a_x & on_x_f & on_f_e & on_e_m & on_m_p & on_p_h & on_h_g & on_g_b1 & on_b1_u & on_u_a1 & on_a1_o & on_o_b & on_b_r & on_r_l & on_l_t & on_t_w & on_w_z & on_z_i & on_i_d & on_d_n & on_n_s & on_s_v & on_v_y & on_y_q & on_q_c & on_c_j & on_j_k --working-dir experiment-2-blocksworld-det/p4p-fd-ff/p-058 --algorithm astar --heuristic ff
p-059	timeout	 -1.000000	 -1.000000	300.004245	None	/home/marcofavorito/planning-for-past-temporal-goals/bin/plan4past -t fd --domain data/deterministic/blocksworld/domain.pddl --problem data/deterministic/blocksworld/p-059.pddl --formula on_g_s & on_s_b1 & on_b1_q & on_q_u & on_u_f & on_f_y & on_y_v & on_v_a & on_a_r & on_r_b & on_b_c1 & on_c1_z & on_z_a1 & on_a1_p & on_p_d & on_d_x & on_x_t & on_t_h & on_h_i & on_i_j & on_j_n & on_n_e & on_e_o & on_o_c & on_c_m & on_m_l & on_l_k & on_k_w --working-dir experiment-2-blocksworld-det/p4p-fd-ff/p-059 --algorithm astar --heuristic ff
p-060	timeout	 -1.000000	 -1.000000	300.004634	None	/home/marcofavorito/planning-for-past-temporal-goals/bin/plan4past -t fd --domain data/deterministic/blocksworld/domain.pddl --problem data/deterministic/blocksworld/p-060.pddl --formula on_q_b1 & on_b1_a1 & on_a1_l & on_l_k & on_k_p & on_p_g & on_g_r & on_r_w & on_w_y & on_y_b & on_b_o & on_o_v & on_v_s & on_s_u & on_u_e & on_e_i & on_i_f & on_f_a & on_a_t & on_t_x & on_x_m & on_m_c1 & on_c1_z & on_z_n & on_n_h & on_h_j & on_j_d & on_d_c --working-dir experiment-2-blocksworld-det/p4p-fd-ff/p-060 --algorithm astar --heuristic ff
p-061	timeout	 -1.000000	 -1.000000	300.004079	None	/home/marcofavorito/planning-for-past-temporal-goals/bin/plan4past -t fd --domain data/deterministic/blocksworld/domain.pddl --problem data/deterministic/blocksworld/p-061.pddl --formula on_c1_i & on_i_x & on_x_h & on_h_u & on_u_b1 & on_b1_k & on_k_a & on_a_n & on_n_d & on_d_e & on_e_o & on_o_r & on_r_v & on_v_d1 & on_d1_f & on_f_j & on_j_t & on_t_m & on_m_p & on_p_s & on_s_a1 & on_a1_y & on_y_z & on_z_c & on_c_w & on_w_g & on_g_q & on_q_b & on_b_l --working-dir experiment-2-blocksworld-det/p4p-fd-ff/p-061 --algorithm astar --heuristic ff
p-062	timeout	 -1.000000	 -1.000000	300.004586	None	/home/marcofavorito/planning-for-past-temporal-goals/bin/plan4past -t fd --domain data/deterministic/blocksworld/domain.pddl --problem data/deterministic/blocksworld/p-062.pddl --formula on_s_z & on_z_p & on_p_a1 & on_a1_u & on_u_q & on_q_c1 & on_c1_i & on_i_g & on_g_w & on_w_d & on_d_h & on_h_t & on_t_l & on_l_r & on_r_j & on_j_d1 & on_d1_n & on_n_c & on_c_v & on_v_b & on_b_e & on_e_x & on_x_b1 & on_b1_f & on_f_y & on_y_k & on_k_o & on_o_m & on_m_a --working-dir experiment-2-blocksworld-det/p4p-fd-ff/p-062 --algorithm astar --heuristic ff
p-063	timeout	 -1.000000	 -1.000000	300.004673	None	/home/marcofavorito/planning-for-past-temporal-goals/bin/plan4past -t fd --domain data/deterministic/blocksworld/domain.pddl --problem data/deterministic/blocksworld/p-063.pddl --formula on_r_g & on_g_d & on_d_w & on_w_t & on_t_c & on_c_i & on_i_f & on_f_a1 & on_a1_y & on_y_n & on_n_d1 & on_d1_e & on_e_l & on_l_c1 & on_c1_p & on_p_a & on_a_b1 & on_b1_s & on_s_m & on_m_v & on_v_o & on_o_q & on_q_z & on_z_h & on_h_b & on_b_j & on_j_x & on_x_u & on_u_k & on_k_e1 --working-dir experiment-2-blocksworld-det/p4p-fd-ff/p-063 --algorithm astar --heuristic ff
p-064	timeout	 -1.000000	 -1.000000	300.004792	None	/home/marcofavorito/planning-for-past-temporal-goals/bin/plan4past -t fd --domain data/deterministic/blocksworld/domain.pddl --problem data/deterministic/blocksworld/p-064.pddl --formula on_j_g & on_g_c1 & on_c1_n & on_n_f & on_f_r & on_r_a1 & on_a1_e1 & on_e1_c & on_c_t & on_t_m & on_m_q & on_q_e & on_e_d & on_d_b1 & on_b1_x & on_x_w & on_w_p & on_p_k & on_k_d1 & on_d1_z & on_z_b & on_b_u & on_u_y & on_y_i & on_i_o & on_o_v & on_v_a & on_a_h & on_h_s & on_s_l --working-dir experiment-2-blocksworld-det/p4p-fd-ff/p-064 --algorithm astar --heuristic ff
p-065	timeout	 -1.000000	 -1.000000	300.004222	None	/home/marcofavorito/planning-for-past-temporal-goals/bin/plan4past -t fd --domain data/deterministic/blocksworld/domain.pddl --problem data/deterministic/blocksworld/p-065.pddl --formula on_m_p & on_p_a1 & on_a1_n & on_n_s & on_s_u & on_u_w & on_w_y & on_y_e & on_e_d & on_d_i & on_i_x & on_x_k & on_k_h & on_h_c1 & on_c1_v & on_v_c & on_c_f1 & on_f1_r & on_r_a & on_a_l & on_l_g & on_g_e1 & on_e1_f & on_f_d1 & on_d1_j & on_j_q & on_q_b & on_b_z & on_z_o & on_o_t & on_t_b1 --working-dir experiment-2-blocksworld-det/p4p-fd-ff/p-065 --algorithm astar --heuristic ff
p-066	timeout	 -1.000000	 -1.000000	300.004343	None	/home/marcofavorito/planning-for-past-temporal-goals/bin/plan4past -t fd --domain data/deterministic/blocksworld/domain.pddl --problem data/deterministic/blocksworld/p-066.pddl --formula on_p_d1 & on_d1_n & on_n_u & on_u_z & on_z_s & on_s_a1 & on_a1_t & on_t_e & on_e_g & on_g_r & on_r_q & on_q_i & on_i_e1 & on_e1_w & on_w_j & on_j_x & on_x_b1 & on_b1_a & on_a_v & on_v_f1 & on_f1_l & on_l_c1 & on_c1_m & on_m_b & on_b_d & on_d_o & on_o_f & on_f_h & on_h_y & on_y_k & on_k_c --working-dir experiment-2-blocksworld-det/p4p-fd-ff/p-066 --algorithm astar --heuristic ff
p-067	timeout	 -1.000000	 -1.000000	300.004474	None	/home/marcofavorito/planning-for-past-temporal-goals/bin/plan4past -t fd --domain data/deterministic/blocksworld/domain.pddl --problem data/deterministic/blocksworld/p-067.pddl --formula on_v_c & on_c_b & on_b_g1 & on_g1_d1 & on_d1_k & on_k_f & on_f_p & on_p_d & on_d_q & on_q_b1 & on_b1_u & on_u_e & on_e_x & on_x_f1 & on_f1_a1 & on_a1_g & on_g_t & on_t_y & on_y_r & on_r_z & on_z_o & on_o_e1 & on_e1_m & on_m_j & on_j_a & on_a_s & on_s_n & on_n_w & on_w_h & on_h_c1 & on_c1_l & on_l_i --working-dir experiment-2-blocksworld-det/p4p-fd-ff/p-067 --algorithm astar --heuristic ff
p-068	timeout	 -1.000000	 -1.000000	300.004819	None	/home/marcofavorito/planning-for-past-temporal-goals/bin/plan4past -t fd --domain data/deterministic/blocksworld/domain.pddl --problem data/deterministic/blocksworld/p-068.pddl --formula on_t_n & on_n_c & on_c_g1 & on_g1_v & on_v_a & on_a_i & on_i_y & on_y_b1 & on_b1_f & on_f_b & on_b_h & on_h_j & on_j_z & on_z_u & on_u_p & on_p_e1 & on_e1_e & on_e_g & on_g_q & on_q_d & on_d_l & on_l_f1 & on_f1_a1 & on_a1_m & on_m_s & on_s_w & on_w_o & on_o_d1 & on_d1_c1 & on_c1_x & on_x_k & on_k_r --working-dir experiment-2-blocksworld-det/p4p-fd-ff/p-068 --algorithm astar --heuristic ff
p-069	timeout	 -1.000000	 -1.000000	300.004349	None	/home/marcofavorito/planning-for-past-temporal-goals/bin/plan4past -t fd --domain data/deterministic/blocksworld/domain.pddl --problem data/deterministic/blocksworld/p-069.pddl --formula on_p_l & on_l_d1 & on_d1_f1 & on_f1_o & on_o_f & on_f_g1 & on_g1_b & on_b_d & on_d_j & on_j_y & on_y_b1 & on_b1_s & on_s_h & on_h_t & on_t_c1 & on_c1_a & on_a_r & on_r_h1 & on_h1_a1 & on_a1_x & on_x_m & on_m_e & on_e_z & on_z_g & on_g_v & on_v_e1 & on_e1_n & on_n_q & on_q_c & on_c_w & on_w_u & on_u_i & on_i_k --working-dir experiment-2-blocksworld-det/p4p-fd-ff/p-069 --algorithm astar --heuristic ff
p-070	timeout	 -1.000000	 -1.000000	300.004088	None	/home/marcofavorito/planning-for-past-temporal-goals/bin/plan4past -t fd --domain data/deterministic/blocksworld/domain.pddl --problem data/deterministic/blocksworld/p-070.pddl --formula on_t_q & on_q_i & on_i_h & on_h_n & on_n_z & on_z_a & on_a_d1 & on_d1_y & on_y_g & on_g_f & on_f_l & on_l_w & on_w_e1 & on_e1_j & on_j_c1 & on_c1_h1 & on_h1_u & on_u_v & on_v_b1 & on_b1_x & on_x_k & on_k_r & on_r_b & on_b_d & on_d_s & on_s_p & on_p_c & on_c_e & on_e_f1 & on_f1_m & on_m_o & on_o_g1 & on_g1_a1 --working-dir experiment-2-blocksworld-det/p4p-fd-ff/p-070 --algorithm astar --heuristic ff
p-071	timeout	 -1.000000	 -1.000000	300.004793	None	/home/marcofavorito/planning-for-past-temporal-goals/bin/plan4past -t fd --domain data/deterministic/blocksworld/domain.pddl --problem data/deterministic/blocksworld/p-071.pddl --formula on_c1_h & on_h_f1 & on_f1_p & on_p_o & on_o_n & on_n_s & on_s_l & on_l_q & on_q_r & on_r_b & on_b_z & on_z_x & on_x_g1 & on_g1_h1 & on_h1_m & on_m_d1 & on_d1_e & on_e_g & on_g_c & on_c_f & on_f_e1 & on_e1_a & on_a_i1 & on_i1_a1 & on_a1_i & on_i_y & on_y_v & on_v_j & on_j_u & on_u_w & on_w_b1 & on_b1_t & on_t_d & on_d_k --working-dir experiment-2-blocksworld-det/p4p-fd-ff/p-071 --algorithm astar --heuristic ff
p-072	timeout	 -1.000000	 -1.000000	300.004115	None	/home/marcofavorito/planning-for-past-temporal-goals/bin/plan4past -t fd --domain data/deterministic/blocksworld/domain.pddl --problem data/deterministic/blocksworld/p-072.pddl --formula on_i_f1 & on_f1_c & on_c_r & on_r_j & on_j_f & on_f_s & on_s_z & on_z_g1 & on_g1_d & on_d_v & on_v_c1 & on_c1_h1 & on_h1_h & on_h_m & on_m_b1 & on_b1_i1 & on_i1_l & on_l_a & on_a_a1 & on_a1_b & on_b_y & on_y_k & on_k_e & on_e_p & on_p_d1 & on_d1_u & on_u_q & on_q_x & on_x_g & on_g_e1 & on_e1_n & on_n_t & on_t_w & on_w_o --working-dir experiment-2-blocksworld-det/p4p-fd-ff/p-072 --algorithm astar --heuristic ff
p-073	timeout	 -1.000000	 -1.000000	300.005372	None	/home/marcofavorito/planning-for-past-temporal-goals/bin/plan4past -t fd --domain data/deterministic/blocksworld/domain.pddl --problem data/deterministic/blocksworld/p-073.pddl --formula on_j_o & on_o_j1 & on_j1_g1 & on_g1_i & on_i_t & on_t_b1 & on_b1_e1 & on_e1_d & on_d_x & on_x_n & on_n_m & on_m_a1 & on_a1_w & on_w_h & on_h_b & on_b_z & on_z_g & on_g_u & on_u_i1 & on_i1_f & on_f_p & on_p_h1 & on_h1_s & on_s_v & on_v_f1 & on_f1_e & on_e_d1 & on_d1_c1 & on_c1_y & on_y_q & on_q_k & on_k_r & on_r_a & on_a_c & on_c_l --working-dir experiment-2-blocksworld-det/p4p-fd-ff/p-073 --algorithm astar --heuristic ff
p-074	timeout	 -1.000000	 -1.000000	300.005283	None	/home/marcofavorito/planning-for-past-temporal-goals/bin/plan4past -t fd --domain data/deterministic/blocksworld/domain.pddl --problem data/deterministic/blocksworld/p-074.pddl --formula on_g_r & on_r_n & on_n_i1 & on_i1_y & on_y_l & on_l_d & on_d_h & on_h_k & on_k_c1 & on_c1_t & on_t_d1 & on_d1_z & on_z_f1 & on_f1_e1 & on_e1_j & on_j_h1 & on_h1_f & on_f_w & on_w_q & on_q_i & on_i_b1 & on_b1_p & on_p_c & on_c_u & on_u_a1 & on_a1_v & on_v_s & on_s_j1 & on_j1_m & on_m_o & on_o_x & on_x_a & on_a_g1 & on_g1_e & on_e_b --working-dir experiment-2-blocksworld-det/p4p-fd-ff/p-074 --algorithm astar --heuristic ff
p-075	timeout	 -1.000000	 -1.000000	300.004143	None	/home/marcofavorito/planning-for-past-temporal-goals/bin/plan4past -t fd --domain data/deterministic/blocksworld/domain.pddl --problem data/deterministic/blocksworld/p-075.pddl --formula on_t_k1 & on_k1_u & on_u_g & on_g_q & on_q_e & on_e_j & on_j_g1 & on_g1_d1 & on_d1_h & on_h_f & on_f_a1 & on_a1_i1 & on_i1_c & on_c_j1 & on_j1_b1 & on_b1_l & on_l_s & on_s_c1 & on_c1_w & on_w_y & on_y_e1 & on_e1_z & on_z_r & on_r_k & on_k_b & on_b_o & on_o_x & on_x_f1 & on_f1_h1 & on_h1_n & on_n_m & on_m_a & on_a_d & on_d_v & on_v_p & on_p_i --working-dir experiment-2-blocksworld-det/p4p-fd-ff/p-075 --algorithm astar --heuristic ff
p-076	timeout	 -1.000000	 -1.000000	300.004537	None	/home/marcofavorito/planning-for-past-temporal-goals/bin/plan4past -t fd --domain data/deterministic/blocksworld/domain.pddl --problem data/deterministic/blocksworld/p-076.pddl --formula on_f_z & on_z_o & on_o_j1 & on_j1_y & on_y_h1 & on_h1_m & on_m_g1 & on_g1_k & on_k_e & on_e_i1 & on_i1_g & on_g_j & on_j_i & on_i_x & on_x_v & on_v_a1 & on_a1_e1 & on_e1_r & on_r_q & on_q_a & on_a_f1 & on_f1_t & on_t_s & on_s_n & on_n_c & on_c_p & on_p_d & on_d_d1 & on_d1_c1 & on_c1_b1 & on_b1_h & on_h_k1 & on_k1_b & on_b_l & on_l_u & on_u_w --working-dir experiment-2-blocksworld-det/p4p-fd-ff/p-076 --algorithm astar --heuristic ff
p-077	timeout	 -1.000000	 -1.000000	300.004627	None	/home/marcofavorito/planning-for-past-temporal-goals/bin/plan4past -t fd --domain data/deterministic/blocksworld/domain.pddl --problem data/deterministic/blocksworld/p-077.pddl --formula on_l1_a1 & on_a1_j1 & on_j1_w & on_w_k & on_k_a & on_a_p & on_p_b1 & on_b1_d & on_d_m & on_m_h1 & on_h1_g1 & on_g1_c1 & on_c1_f & on_f_k1 & on_k1_e & on_e_d1 & on_d1_b & on_b_i1 & on_i1_r & on_r_t & on_t_s & on_s_h & on_h_o & on_o_e1 & on_e1_g & on_g_z & on_z_l & on_l_u & on_u_q & on_q_y & on_y_c & on_c_v & on_v_j & on_j_f1 & on_f1_x & on_x_i & on_i_n --working-dir experiment-2-blocksworld-det/p4p-fd-ff/p-077 --algorithm astar --heuristic ff
p-078	timeout	 -1.000000	 -1.000000	300.004051	None	/home/marcofavorito/planning-for-past-temporal-goals/bin/plan4past -t fd --domain data/deterministic/blocksworld/domain.pddl --problem data/deterministic/blocksworld/p-078.pddl --formula on_q_f & on_f_m & on_m_i & on_i_e1 & on_e1_c1 & on_c1_a & on_a_t & on_t_b & on_b_z & on_z_p & on_p_d & on_d_h & on_h_x & on_x_l & on_l_c & on_c_e & on_e_s & on_s_l1 & on_l1_b1 & on_b1_j & on_j_i1 & on_i1_j1 & on_j1_y & on_y_v & on_v_h1 & on_h1_g1 & on_g1_o & on_o_r & on_r_g & on_g_d1 & on_d1_n & on_n_u & on_u_a1 & on_a1_k1 & on_k1_f1 & on_f1_k & on_k_w --working-dir experiment-2-blocksworld-det/p4p-fd-ff/p-078 --algorithm astar --heuristic ff
p-079	timeout	 -1.000000	 -1.000000	300.004169	None	/home/marcofavorito/planning-for-past-temporal-goals/bin/plan4past -t fd --domain data/deterministic/blocksworld/domain.pddl --problem data/deterministic/blocksworld/p-079.pddl --formula on_b_p & on_p_f1 & on_f1_g1 & on_g1_e & on_e_j & on_j_w & on_w_o & on_o_e1 & on_e1_n & on_n_u & on_u_b1 & on_b1_s & on_s_m1 & on_m1_h & on_h_c1 & on_c1_r & on_r_t & on_t_y & on_y_k1 & on_k1_j1 & on_j1_d & on_d_i1 & on_i1_i & on_i_x & on_x_q & on_q_m & on_m_g & on_g_l1 & on_l1_a1 & on_a1_v & on_v_d1 & on_d1_k & on_k_h1 & on_h1_c & on_c_z & on_z_a & on_a_l & on_l_f --working-dir experiment-2-blocksworld-det/p4p-fd-ff/p-079 --algorithm astar --heuristic ff
p-080	timeout	 -1.000000	 -1.000000	300.004303	None	/home/marcofavorito/planning-for-past-temporal-goals/bin/plan4past -t fd --domain data/deterministic/blocksworld/domain.pddl --problem data/deterministic/blocksworld/p-080.pddl --formula on_c1_u & on_u_k & on_k_z & on_z_k1 & on_k1_m1 & on_m1_h1 & on_h1_x & on_x_g1 & on_g1_h & on_h_w & on_w_g & on_g_q & on_q_j & on_j_l1 & on_l1_b1 & on_b1_v & on_v_d & on_d_i1 & on_i1_m & on_m_d1 & on_d1_j1 & on_j1_i & on_i_e1 & on_e1_y & on_y_a & on_a_b & on_b_n & on_n_c & on_c_p & on_p_r & on_r_s & on_s_o & on_o_t & on_t_f & on_f_a1 & on_a1_e & on_e_l & on_l_f1 --working-dir experiment-2-blocksworld-det/p4p-fd-ff/p-080 --algorithm astar --heuristic ff
p-081	timeout	 -1.000000	 -1.000000	300.004247	None	/home/marcofavorito/planning-for-past-temporal-goals/bin/plan4past -t fd --domain data/deterministic/blocksworld/domain.pddl --problem data/deterministic/blocksworld/p-081.pddl --formula on_a_b1 & on_b1_s & on_s_i1 & on_i1_a1 & on_a1_y & on_y_r & on_r_k & on_k_j1 & on_j1_d & on_d_n & on_n_f & on_f_g & on_g_e & on_e_n1 & on_n1_t & on_t_u & on_u_c & on_c_l1 & on_l1_d1 & on_d1_p & on_p_v & on_v_q & on_q_m1 & on_m1_h & on_h_k1 & on_k1_e1 & on_e1_w & on_w_f1 & on_f1_o & on_o_j & on_j_z & on_z_c1 & on_c1_m & on_m_x & on_x_l & on_l_h1 & on_h1_b & on_b_i & on_i_g1 --working-dir experiment-2-blocksworld-det/p4p-fd-ff/p-081 --algorithm astar --heuristic ff
p-082	timeout	 -1.000000	 -1.000000	300.004392	None	/home/marcofavorito/planning-for-past-temporal-goals/bin/plan4past -t fd --domain data/deterministic/blocksworld/domain.pddl --problem data/deterministic/blocksworld/p-082.pddl --formula on_n1_i & on_i_l1 & on_l1_d & on_d_q & on_q_a1 & on_a1_v & on_v_b1 & on_b1_j & on_j_n & on_n_c & on_c_m & on_m_s & on_s_k1 & on_k1_u & on_u_z & on_z_l & on_l_f & on_f_w & on_w_x & on_x_j1 & on_j1_e1 & on_e1_g & on_g_a & on_a_o & on_o_t & on_t_h & on_h_f1 & on_f1_i1 & on_i1_p & on_p_g1 & on_g1_k & on_k_y & on_y_h1 & on_h1_b & on_b_c1 & on_c1_m1 & on_m1_e & on_e_d1 & on_d1_r --working-dir experiment-2-blocksworld-det/p4p-fd-ff/p-082 --algorithm astar --heuristic ff
p-083	timeout	 -1.000000	 -1.000000	300.004243	None	/home/marcofavorito/planning-for-past-temporal-goals/bin/plan4past -t fd --domain data/deterministic/blocksworld/domain.pddl --problem data/deterministic/blocksworld/p-083.pddl --formula on_q_c & on_c_a1 & on_a1_h & on_h_v & on_v_f1 & on_f1_o1 & on_o1_e & on_e_w & on_w_i1 & on_i1_l & on_l_n1 & on_n1_g & on_g_p & on_p_f & on_f_b & on_b_h1 & on_h1_k & on_k_n & on_n_z & on_z_m1 & on_m1_m & on_m_s & on_s_i & on_i_y & on_y_r & on_r_x & on_x_j & on_j_e1 & on_e1_t & on_t_o & on_o_k1 & on_k1_l1 & on_l1_c1 & on_c1_d1 & on_d1_d & on_d_g1 & on_g1_b1 & on_b1_j1 & on_j1_a & on_a_u --working-dir experiment-2-blocksworld-det/p4p-fd-ff/p-083 --algorithm astar --heuristic ff
p-084	timeout	 -1.000000	 -1.000000	300.004292	None	/home/marcofavorito/planning-for-past-temporal-goals/bin/plan4past -t fd --domain data/deterministic/blocksworld/domain.pddl --problem data/deterministic/blocksworld/p-084.pddl --formula on_j1_k1 & on_k1_v & on_v_j & on_j_h1 & on_h1_a1 & on_a1_p & on_p_c1 & on_c1_y & on_y_k & on_k_s & on_s_n1 & on_n1_h & on_h_d & on_d_g & on_g_i1 & on_i1_o & on_o_n & on_n_x & on_x_o1 & on_o1_f1 & on_f1_f & on_f_z & on_z_e & on_e_g1 & on_g1_l & on_l_w & on_w_l1 & on_l1_q & on_q_e1 & on_e1_b1 & on_b1_r & on_r_t & on_t_m & on_m_u & on_u_m1 & on_m1_d1 & on_d1_b & on_b_c & on_c_i & on_i_a --working-dir experiment-2-blocksworld-det/p4p-fd-ff/p-084 --algorithm astar --heuristic ff
p-085	timeout	 -1.000000	 -1.000000	300.005189	None	/home/marcofavorito/planning-for-past-temporal-goals/bin/plan4past -t fd --domain data/deterministic/blocksworld/domain.pddl --problem data/deterministic/blocksworld/p-085.pddl --formula on_o_e & on_e_n1 & on_n1_u & on_u_j & on_j_l & on_l_q & on_q_k & on_k_o1 & on_o1_d1 & on_d1_i1 & on_i1_p1 & on_p1_m & on_m_f & on_f_i & on_i_t & on_t_s & on_s_h1 & on_h1_a1 & on_a1_b1 & on_b1_w & on_w_c & on_c_f1 & on_f1_b & on_b_d & on_d_h & on_h_p & on_p_l1 & on_l1_x & on_x_y & on_y_k1 & on_k1_z & on_z_v & on_v_m1 & on_m1_n & on_n_g & on_g_e1 & on_e1_c1 & on_c1_j1 & on_j1_g1 & on_g1_r & on_r_a --working-dir experiment-2-blocksworld-det/p4p-fd-ff/p-085 --algorithm astar --heuristic ff
p-086	timeout	 -1.000000	 -1.000000	300.004986	None	/home/marcofavorito/planning-for-past-temporal-goals/bin/plan4past -t fd --domain data/deterministic/blocksworld/domain.pddl --problem data/deterministic/blocksworld/p-086.pddl --formula on_u_q & on_q_a & on_a_k1 & on_k1_m1 & on_m1_g & on_g_p1 & on_p1_m & on_m_w & on_w_g1 & on_g1_j1 & on_j1_e1 & on_e1_y & on_y_l & on_l_n1 & on_n1_n & on_n_j & on_j_i & on_i_l1 & on_l1_e & on_e_c & on_c_b1 & on_b1_d & on_d_h & on_h_h1 & on_h1_f1 & on_f1_p & on_p_o & on_o_d1 & on_d1_i1 & on_i1_k & on_k_z & on_z_t & on_t_s & on_s_c1 & on_c1_a1 & on_a1_v & on_v_f & on_f_r & on_r_b & on_b_o1 & on_o1_x --working-dir experiment-2-blocksworld-det/p4p-fd-ff/p-086 --algorithm astar --heuristic ff
p-087	timeout	 -1.000000	 -1.000000	300.004719	None	/home/marcofavorito/planning-for-past-temporal-goals/bin/plan4past -t fd --domain data/deterministic/blocksworld/domain.pddl --problem data/deterministic/blocksworld/p-087.pddl --formula on_j_d & on_d_f & on_f_q1 & on_q1_g & on_g_a1 & on_a1_n & on_n_g1 & on_g1_p1 & on_p1_f1 & on_f1_l1 & on_l1_i1 & on_i1_u & on_u_b1 & on_b1_c1 & on_c1_y & on_y_k1 & on_k1_h1 & on_h1_v & on_v_c & on_c_l & on_l_e & on_e_t & on_t_o1 & on_o1_o & on_o_s & on_s_h & on_h_w & on_w_i & on_i_d1 & on_d1_e1 & on_e1_z & on_z_a & on_a_x & on_x_p & on_p_m & on_m_k & on_k_m1 & on_m1_r & on_r_j1 & on_j1_b & on_b_q & on_q_n1 --working-dir experiment-2-blocksworld-det/p4p-fd-ff/p-087 --algorithm astar --heuristic ff
p-088	timeout	 -1.000000	 -1.000000	300.004260	None	/home/marcofavorito/planning-for-past-temporal-goals/bin/plan4past -t fd --domain data/deterministic/blocksworld/domain.pddl --problem data/deterministic/blocksworld/p-088.pddl --formula on_l_n1 & on_n1_w & on_w_g1 & on_g1_o1 & on_o1_e1 & on_e1_u & on_u_i1 & on_i1_q1 & on_q1_x & on_x_v & on_v_y & on_y_a1 & on_a1_l1 & on_l1_j1 & on_j1_c & on_c_h1 & on_h1_m & on_m_h & on_h_k1 & on_k1_k & on_k_o & on_o_f1 & on_f1_q & on_q_p & on_p_b1 & on_b1_m1 & on_m1_b & on_b_p1 & on_p1_s & on_s_a & on_a_c1 & on_c1_z & on_z_e & on_e_f & on_f_n & on_n_d1 & on_d1_g & on_g_r & on_r_d & on_d_i & on_i_t & on_t_j --working-dir experiment-2-blocksworld-det/p4p-fd-ff/p-088 --algorithm astar --heuristic ff
p-089	timeout	 -1.000000	 -1.000000	300.004531	None	/home/marcofavorito/planning-for-past-temporal-goals/bin/plan4past -t fd --domain data/deterministic/blocksworld/domain.pddl --problem data/deterministic/blocksworld/p-089.pddl --formula on_i_x & on_x_n1 & on_n1_i1 & on_i1_o1 & on_o1_g1 & on_g1_j & on_j_a & on_a_q & on_q_p1 & on_p1_l & on_l_g & on_g_z & on_z_m & on_m_j1 & on_j1_k & on_k_e1 & on_e1_p & on_p_k1 & on_k1_h & on_h_b1 & on_b1_c & on_c_u & on_u_f1 & on_f1_d & on_d_a1 & on_a1_w & on_w_q1 & on_q1_e & on_e_l1 & on_l1_t & on_t_m1 & on_m1_n & on_n_s & on_s_f & on_f_o & on_o_h1 & on_h1_b & on_b_y & on_y_d1 & on_d1_r1 & on_r1_v & on_v_r & on_r_c1 --working-dir experiment-2-blocksworld-det/p4p-fd-ff/p-089 --algorithm astar --heuristic ff
p-090	timeout	 -1.000000	 -1.000000	300.004462	None	/home/marcofavorito/planning-for-past-temporal-goals/bin/plan4past -t fd --domain data/deterministic/blocksworld/domain.pddl --problem data/deterministic/blocksworld/p-090.pddl --formula on_o_x & on_x_f & on_f_t & on_t_e & on_e_f1 & on_f1_g1 & on_g1_g & on_g_w & on_w_u & on_u_p1 & on_p1_q1 & on_q1_n & on_n_v & on_v_r1 & on_r1_h1 & on_h1_r & on_r_q & on_q_a & on_a_i & on_i_l & on_l_d1 & on_d1_o1 & on_o1_m & on_m_d & on_d_c & on_c_b & on_b_a1 & on_a1_y & on_y_k & on_k_j & on_j_m1 & on_m1_e1 & on_e1_l1 & on_l1_k1 & on_k1_h & on_h_p & on_p_n1 & on_n1_b1 & on_b1_s & on_s_z & on_z_j1 & on_j1_c1 & on_c1_i1 --working-dir experiment-2-blocksworld-det/p4p-fd-ff/p-090 --algorithm astar --heuristic ff
p-091	timeout	 -1.000000	 -1.000000	300.004767	None	/home/marcofavorito/planning-for-past-temporal-goals/bin/plan4past -t fd --domain data/deterministic/blocksworld/domain.pddl --problem data/deterministic/blocksworld/p-091.pddl --formula on_w_p & on_p_q & on_q_r1 & on_r1_h1 & on_h1_s & on_s_q1 & on_q1_a1 & on_a1_j1 & on_j1_v & on_v_g & on_g_k1 & on_k1_d & on_d_m & on_m_e & on_e_a & on_a_d1 & on_d1_f & on_f_g1 & on_g1_p1 & on_p1_c & on_c_f1 & on_f1_y & on_y_l & on_l_m1 & on_m1_e1 & on_e1_b & on_b_l1 & on_l1_o & on_o_z & on_z_h & on_h_x & on_x_k & on_k_r & on_r_t & on_t_i & on_i_c1 & on_c1_s1 & on_s1_o1 & on_o1_u & on_u_j & on_j_b1 & on_b1_n1 & on_n1_n & on_n_i1 --working-dir experiment-2-blocksworld-det/p4p-fd-ff/p-091 --algorithm astar --heuristic ff
p-092	timeout	 -1.000000	 -1.000000	300.005164	None	/home/marcofavorito/planning-for-past-temporal-goals/bin/plan4past -t fd --domain data/deterministic/blocksworld/domain.pddl --problem data/deterministic/blocksworld/p-092.pddl --formula on_m_c & on_c_t & on_t_o & on_o_a1 & on_a1_n & on_n_l & on_l_x & on_x_h & on_h_s & on_s_y & on_y_n1 & on_n1_f & on_f_g & on_g_k1 & on_k1_a & on_a_p & on_p_d1 & on_d1_i1 & on_i1_p1 & on_p1_r1 & on_r1_b1 & on_b1_e & on_e_i & on_i_w & on_w_e1 & on_e1_f1 & on_f1_d & on_d_k & on_k_c1 & on_c1_g1 & on_g1_o1 & on_o1_s1 & on_s1_j & on_j_u & on_u_r & on_r_b & on_b_q1 & on_q1_h1 & on_h1_v & on_v_q & on_q_m1 & on_m1_j1 & on_j1_l1 & on_l1_z --working-dir experiment-2-blocksworld-det/p4p-fd-ff/p-092 --algorithm astar --heuristic ff
p-093	timeout	 -1.000000	 -1.000000	300.004382	None	/home/marcofavorito/planning-for-past-temporal-goals/bin/plan4past -t fd --domain data/deterministic/blocksworld/domain.pddl --problem data/deterministic/blocksworld/p-093.pddl --formula on_c1_c & on_c_o & on_o_a & on_a_f & on_f_f1 & on_f1_k & on_k_n1 & on_n1_l1 & on_l1_j1 & on_j1_i & on_i_l & on_l_y & on_y_h1 & on_h1_m & on_m_x & on_x_s1 & on_s1_r & on_r_n & on_n_b1 & on_b1_i1 & on_i1_t1 & on_t1_d & on_d_b & on_b_h & on_h_s & on_s_d1 & on_d1_r1 & on_r1_g & on_g_w & on_w_m1 & on_m1_q & on_q_p1 & on_p1_t & on_t_a1 & on_a1_e1 & on_e1_e & on_e_z & on_z_g1 & on_g1_q1 & on_q1_j & on_j_k1 & on_k1_v & on_v_o1 & on_o1_p & on_p_u --working-dir experiment-2-blocksworld-det/p4p-fd-ff/p-093 --algorithm astar --heuristic ff
p-094	timeout	 -1.000000	 -1.000000	300.004635	None	/home/marcofavorito/planning-for-past-temporal-goals/bin/plan4past -t fd --domain data/deterministic/blocksworld/domain.pddl --problem data/deterministic/blocksworld/p-094.pddl --formula on_i1_f & on_f_f1 & on_f1_y & on_y_o1 & on_o1_i & on_i_q & on_q_j1 & on_j1_r1 & on_r1_w & on_w_e & on_e_q1 & on_q1_r & on_r_v & on_v_n1 & on_n1_e1 & on_e1_g1 & on_g1_o & on_o_d1 & on_d1_k1 & on_k1_t1 & on_t1_l & on_l_c & on_c_u & on_u_x & on_x_m1 & on_m1_d & on_d_g & on_g_s1 & on_s1_n & on_n_a1 & on_a1_l1 & on_l1_p1 & on_p1_s & on_s_z & on_z_b1 & on_b1_c1 & on_c1_b & on_b_m & on_m_t & on_t_j & on_j_k & on_k_h1 & on_h1_p & on_p_h & on_h_a --working-dir experiment-2-blocksworld-det/p4p-fd-ff/p-094 --algorithm astar --heuristic ff
p-095	timeout	 -1.000000	 -1.000000	300.004134	None	/home/marcofavorito/planning-for-past-temporal-goals/bin/plan4past -t fd --domain data/deterministic/blocksworld/domain.pddl --problem data/deterministic/blocksworld/p-095.pddl --formula on_r_b1 & on_b1_r1 & on_r1_f & on_f_c & on_c_i & on_i_u & on_u_p & on_p_u1 & on_u1_j & on_j_q & on_q_l1 & on_l1_n & on_n_f1 & on_f1_h1 & on_h1_z & on_z_y & on_y_g & on_g_a1 & on_a1_e & on_e_m & on_m_g1 & on_g1_d1 & on_d1_o1 & on_o1_k & on_k_k1 & on_k1_c1 & on_c1_v & on_v_j1 & on_j1_p1 & on_p1_l & on_l_t1 & on_t1_q1 & on_q1_b & on_b_a & on_a_h & on_h_w & on_w_s1 & on_s1_e1 & on_e1_d & on_d_s & on_s_x & on_x_i1 & on_i1_t & on_t_o & on_o_n1 & on_n1_m1 --working-dir experiment-2-blocksworld-det/p4p-fd-ff/p-095 --algorithm astar --heuristic ff
p-096	timeout	 -1.000000	 -1.000000	300.004577	None	/home/marcofavorito/planning-for-past-temporal-goals/bin/plan4past -t fd --domain data/deterministic/blocksworld/domain.pddl --problem data/deterministic/blocksworld/p-096.pddl --formula on_q_l1 & on_l1_u & on_u_t1 & on_t1_b1 & on_b1_n & on_n_i1 & on_i1_c & on_c_i & on_i_d1 & on_d1_y & on_y_p1 & on_p1_o1 & on_o1_m1 & on_m1_f & on_f_j1 & on_j1_e1 & on_e1_h & on_h_s & on_s_b & on_b_p & on_p_k1 & on_k1_e & on_e_t & on_t_k & on_k_w & on_w_u1 & on_u1_r & on_r_d & on_d_m & on_m_x & on_x_s1 & on_s1_l & on_l_c1 & on_c1_h1 & on_h1_n1 & on_n1_z & on_z_f1 & on_f1_q1 & on_q1_a1 & on_a1_o & on_o_v & on_v_a & on_a_j & on_j_g & on_g_g1 & on_g1_r1 --working-dir experiment-2-blocksworld-det/p4p-fd-ff/p-096 --algorithm astar --heuristic ff
p-097	timeout	 -1.000000	 -1.000000	300.004352	None	/home/marcofavorito/planning-for-past-temporal-goals/bin/plan4past -t fd --domain data/deterministic/blocksworld/domain.pddl --problem data/deterministic/blocksworld/p-097.pddl --formula on_j1_d & on_d_a & on_a_m & on_m_s & on_s_l & on_l_q1 & on_q1_h1 & on_h1_y & on_y_j & on_j_o & on_o_g & on_g_x & on_x_h & on_h_p & on_p_v1 & on_v1_t & on_t_u1 & on_u1_l1 & on_l1_k1 & on_k1_n1 & on_n1_v & on_v_c & on_c_e & on_e_o1 & on_o1_e1 & on_e1_r & on_r_c1 & on_c1_q & on_q_n & on_n_i1 & on_i1_w & on_w_r1 & on_r1_z & on_z_g1 & on_g1_d1 & on_d1_s1 & on_s1_m1 & on_m1_i & on_i_b1 & on_b1_b & on_b_t1 & on_t1_a1 & on_a1_u & on_u_f & on_f_p1 & on_p1_f1 & on_f1_k --working-dir experiment-2-blocksworld-det/p4p-fd-ff/p-097 --algorithm astar --heuristic ff
p-098	timeout	 -1.000000	 -1.000000	300.004145	None	/home/marcofavorito/planning-for-past-temporal-goals/bin/plan4past -t fd --domain data/deterministic/blocksworld/domain.pddl --problem data/deterministic/blocksworld/p-098.pddl --formula on_w_o & on_o_m & on_m_x & on_x_n1 & on_n1_s & on_s_l & on_l_i1 & on_i1_u & on_u_g & on_g_q & on_q_e1 & on_e1_o1 & on_o1_j & on_j_p & on_p_c1 & on_c1_b1 & on_b1_q1 & on_q1_c & on_c_v & on_v_i & on_i_b & on_b_l1 & on_l1_k & on_k_k1 & on_k1_t & on_t_a1 & on_a1_v1 & on_v1_f & on_f_d1 & on_d1_m1 & on_m1_n & on_n_a & on_a_g1 & on_g1_d & on_d_u1 & on_u1_r & on_r_j1 & on_j1_p1 & on_p1_t1 & on_t1_h1 & on_h1_f1 & on_f1_s1 & on_s1_e & on_e_r1 & on_r1_y & on_y_z & on_z_h --working-dir experiment-2-blocksworld-det/p4p-fd-ff/p-098 --algorithm astar --heuristic ff
p-099	timeout	 -1.000000	 -1.000000	300.004313	None	/home/marcofavorito/planning-for-past-temporal-goals/bin/plan4past -t fd --domain data/deterministic/blocksworld/domain.pddl --problem data/deterministic/blocksworld/p-099.pddl --formula on_q1_v & on_v_j1 & on_j1_c1 & on_c1_d & on_d_o1 & on_o1_s & on_s_k & on_k_y & on_y_f & on_f_i1 & on_i1_a1 & on_a1_t1 & on_t1_g1 & on_g1_z & on_z_x & on_x_u1 & on_u1_m1 & on_m1_b & on_b_m & on_m_k1 & on_k1_f1 & on_f1_r1 & on_r1_e1 & on_e1_b1 & on_b1_w & on_w_j & on_j_l & on_l_n & on_n_h1 & on_h1_o & on_o_i & on_i_h & on_h_p & on_p_c & on_c_l1 & on_l1_p1 & on_p1_t & on_t_w1 & on_w1_u & on_u_s1 & on_s1_d1 & on_d1_v1 & on_v1_a & on_a_n1 & on_n1_q & on_q_e & on_e_g & on_g_r --working-dir experiment-2-blocksworld-det/p4p-fd-ff/p-099 --algorithm astar --heuristic ff
p-100	timeout	 -1.000000	 -1.000000	300.004279	None	/home/marcofavorito/planning-for-past-temporal-goals/bin/plan4past -t fd --domain data/deterministic/blocksworld/domain.pddl --problem data/deterministic/blocksworld/p-100.pddl --formula on_q_l1 & on_l1_h1 & on_h1_e1 & on_e1_n & on_n_b & on_b_p & on_p_f1 & on_f1_t1 & on_t1_g & on_g_g1 & on_g1_a1 & on_a1_s & on_s_s1 & on_s1_r & on_r_i1 & on_i1_h & on_h_k1 & on_k1_d1 & on_d1_m1 & on_m1_j & on_j_n1 & on_n1_q1 & on_q1_b1 & on_b1_f & on_f_i & on_i_p1 & on_p1_z & on_z_t & on_t_x & on_x_y & on_y_v1 & on_v1_u & on_u_e & on_e_d & on_d_w1 & on_w1_w & on_w_c & on_c_r1 & on_r1_o1 & on_o1_k & on_k_u1 & on_u1_v & on_v_o & on_o_j1 & on_j1_c1 & on_c1_m & on_m_l & on_l_a --working-dir experiment-2-blocksworld-det/p4p-fd-ff/p-100 --algorithm astar --heuristic ff
p-101	timeout	 -1.000000	 -1.000000	300.004124	None	/home/marcofavorito/planning-for-past-temporal-goals/bin/plan4past -t fd --domain data/deterministic/blocksworld/domain.pddl --problem data/deterministic/blocksworld/p-101.pddl --formula on_l1_q & on_q_g & on_g_k1 & on_k1_w1 & on_w1_t & on_t_a1 & on_a1_j1 & on_j1_c & on_c_e & on_e_s1 & on_s1_r1 & on_r1_q1 & on_q1_s & on_s_h & on_h_g1 & on_g1_m & on_m_n1 & on_n1_b & on_b_p1 & on_p1_n & on_n_l & on_l_b1 & on_b1_j & on_j_v1 & on_v1_t1 & on_t1_d1 & on_d1_i & on_i_h1 & on_h1_p & on_p_f1 & on_f1_u1 & on_u1_o & on_o_x & on_x_k & on_k_y & on_y_c1 & on_c1_m1 & on_m1_a & on_a_v & on_v_u & on_u_i1 & on_i1_r & on_r_o1 & on_o1_e1 & on_e1_d & on_d_w & on_w_f & on_f_x1 & on_x1_z --working-dir experiment-2-blocksworld-det/p4p-fd-ff/p-101 --algorithm astar --heuristic ff
p-102	timeout	 -1.000000	 -1.000000	300.004636	None	/home/marcofavorito/planning-for-past-temporal-goals/bin/plan4past -t fd --domain data/deterministic/blocksworld/domain.pddl --problem data/deterministic/blocksworld/p-102.pddl --formula on_c_a & on_a_u1 & on_u1_n & on_n_m1 & on_m1_x1 & on_x1_k & on_k_h1 & on_h1_t1 & on_t1_v & on_v_e & on_e_q & on_q_r1 & on_r1_s & on_s_l1 & on_l1_i1 & on_i1_d1 & on_d1_w & on_w_m & on_m_r & on_r_g & on_g_s1 & on_s1_y & on_y_n1 & on_n1_b & on_b_h & on_h_e1 & on_e1_f1 & on_f1_p & on_p_f & on_f_d & on_d_c1 & on_c1_a1 & on_a1_o & on_o_u & on_u_l & on_l_b1 & on_b1_v1 & on_v1_w1 & on_w1_k1 & on_k1_i & on_i_o1 & on_o1_x & on_x_j & on_j_j1 & on_j1_t & on_t_g1 & on_g1_z & on_z_p1 & on_p1_q1 --working-dir experiment-2-blocksworld-det/p4p-fd-ff/p-102 --algorithm astar --heuristic ff
