name	status	time_compilation	time_tool	time_end2end	nb_node_expanded	command
p03	success	  0.661132	  0.004421	  1.638914	297	/home/francesco/Projects/planning-for-past-temporal-goals/bin/fond4ltlfpltlf_wrapper -t fd -d experiment-1a-elevator/domain.pddl -p experiment-1a-elevator/p03.pddl -g O(served_p0) & O(served_p1) & O(served_p2) --working-dir experiment-1a-elevator/f4lp-fd-ff/p03 --algorithm astar --heuristic ff
p04	success	  0.631512	  0.006822	  1.570112	609	/home/francesco/Projects/planning-for-past-temporal-goals/bin/fond4ltlfpltlf_wrapper -t fd -d experiment-1a-elevator/domain.pddl -p experiment-1a-elevator/p04.pddl -g O(served_p0) & O(served_p1) & O(served_p2) --working-dir experiment-1a-elevator/f4lp-fd-ff/p04 --algorithm astar --heuristic ff
p05	success	  0.625392	  0.010807	  1.608926	1124	/home/francesco/Projects/planning-for-past-temporal-goals/bin/fond4ltlfpltlf_wrapper -t fd -d experiment-1a-elevator/domain.pddl -p experiment-1a-elevator/p05.pddl -g O(served_p0) & O(served_p1) & O(served_p2) --working-dir experiment-1a-elevator/f4lp-fd-ff/p05 --algorithm astar --heuristic ff
p06	success	  0.632303	  0.034699	  1.773174	1908	/home/francesco/Projects/planning-for-past-temporal-goals/bin/fond4ltlfpltlf_wrapper -t fd -d experiment-1a-elevator/domain.pddl -p experiment-1a-elevator/p06.pddl -g O(served_p0) & O(served_p1) & O(served_p2) --working-dir experiment-1a-elevator/f4lp-fd-ff/p06 --algorithm astar --heuristic ff
p07	success	  0.667791	  0.036397	  1.730977	3029	/home/francesco/Projects/planning-for-past-temporal-goals/bin/fond4ltlfpltlf_wrapper -t fd -d experiment-1a-elevator/domain.pddl -p experiment-1a-elevator/p07.pddl -g O(served_p0) & O(served_p1) & O(served_p2) --working-dir experiment-1a-elevator/f4lp-fd-ff/p07 --algorithm astar --heuristic ff
p08	success	  0.653270	  0.057723	  1.872973	4557	/home/francesco/Projects/planning-for-past-temporal-goals/bin/fond4ltlfpltlf_wrapper -t fd -d experiment-1a-elevator/domain.pddl -p experiment-1a-elevator/p08.pddl -g O(served_p0) & O(served_p1) & O(served_p2) --working-dir experiment-1a-elevator/f4lp-fd-ff/p08 --algorithm astar --heuristic ff
p09	success	  0.656067	  0.099724	  1.889688	6564	/home/francesco/Projects/planning-for-past-temporal-goals/bin/fond4ltlfpltlf_wrapper -t fd -d experiment-1a-elevator/domain.pddl -p experiment-1a-elevator/p09.pddl -g O(served_p0) & O(served_p1) & O(served_p2) --working-dir experiment-1a-elevator/f4lp-fd-ff/p09 --algorithm astar --heuristic ff
p10	success	  0.696137	  0.146279	  2.113994	9124	/home/francesco/Projects/planning-for-past-temporal-goals/bin/fond4ltlfpltlf_wrapper -t fd -d experiment-1a-elevator/domain.pddl -p experiment-1a-elevator/p10.pddl -g O(served_p0) & O(served_p1) & O(served_p2) --working-dir experiment-1a-elevator/f4lp-fd-ff/p10 --algorithm astar --heuristic ff
p11	success	  0.728189	  0.204746	  2.076996	12313	/home/francesco/Projects/planning-for-past-temporal-goals/bin/fond4ltlfpltlf_wrapper -t fd -d experiment-1a-elevator/domain.pddl -p experiment-1a-elevator/p11.pddl -g O(served_p0) & O(served_p1) & O(served_p2) --working-dir experiment-1a-elevator/f4lp-fd-ff/p11 --algorithm astar --heuristic ff
p12	success	  0.666345	  0.319419	  2.155435	16209	/home/francesco/Projects/planning-for-past-temporal-goals/bin/fond4ltlfpltlf_wrapper -t fd -d experiment-1a-elevator/domain.pddl -p experiment-1a-elevator/p12.pddl -g O(served_p0) & O(served_p1) & O(served_p2) --working-dir experiment-1a-elevator/f4lp-fd-ff/p12 --algorithm astar --heuristic ff
p13	success	  0.673959	  0.493835	  2.237340	20892	/home/francesco/Projects/planning-for-past-temporal-goals/bin/fond4ltlfpltlf_wrapper -t fd -d experiment-1a-elevator/domain.pddl -p experiment-1a-elevator/p13.pddl -g O(served_p0) & O(served_p1) & O(served_p2) --working-dir experiment-1a-elevator/f4lp-fd-ff/p13 --algorithm astar --heuristic ff
p14	success	  0.697518	  0.873162	  2.912277	26444	/home/francesco/Projects/planning-for-past-temporal-goals/bin/fond4ltlfpltlf_wrapper -t fd -d experiment-1a-elevator/domain.pddl -p experiment-1a-elevator/p14.pddl -g O(served_p0) & O(served_p1) & O(served_p2) --working-dir experiment-1a-elevator/f4lp-fd-ff/p14 --algorithm astar --heuristic ff
p15	success	  0.730672	  1.235890	  3.189899	32949	/home/francesco/Projects/planning-for-past-temporal-goals/bin/fond4ltlfpltlf_wrapper -t fd -d experiment-1a-elevator/domain.pddl -p experiment-1a-elevator/p15.pddl -g O(served_p0) & O(served_p1) & O(served_p2) --working-dir experiment-1a-elevator/f4lp-fd-ff/p15 --algorithm astar --heuristic ff
p16	success	  0.675352	  1.750010	  3.841248	40493	/home/francesco/Projects/planning-for-past-temporal-goals/bin/fond4ltlfpltlf_wrapper -t fd -d experiment-1a-elevator/domain.pddl -p experiment-1a-elevator/p16.pddl -g O(served_p0) & O(served_p1) & O(served_p2) --working-dir experiment-1a-elevator/f4lp-fd-ff/p16 --algorithm astar --heuristic ff
p17	success	  0.731523	  2.470560	  4.418809	49164	/home/francesco/Projects/planning-for-past-temporal-goals/bin/fond4ltlfpltlf_wrapper -t fd -d experiment-1a-elevator/domain.pddl -p experiment-1a-elevator/p17.pddl -g O(served_p0) & O(served_p1) & O(served_p2) --working-dir experiment-1a-elevator/f4lp-fd-ff/p17 --algorithm astar --heuristic ff
p18	success	  0.719899	  3.388430	  5.387417	59052	/home/francesco/Projects/planning-for-past-temporal-goals/bin/fond4ltlfpltlf_wrapper -t fd -d experiment-1a-elevator/domain.pddl -p experiment-1a-elevator/p18.pddl -g O(served_p0) & O(served_p1) & O(served_p2) --working-dir experiment-1a-elevator/f4lp-fd-ff/p18 --algorithm astar --heuristic ff
p19	success	  0.686712	  4.961820	  6.919019	70249	/home/francesco/Projects/planning-for-past-temporal-goals/bin/fond4ltlfpltlf_wrapper -t fd -d experiment-1a-elevator/domain.pddl -p experiment-1a-elevator/p19.pddl -g O(served_p0) & O(served_p1) & O(served_p2) --working-dir experiment-1a-elevator/f4lp-fd-ff/p19 --algorithm astar --heuristic ff
p20	success	  0.683880	  6.430330	  8.406678	82849	/home/francesco/Projects/planning-for-past-temporal-goals/bin/fond4ltlfpltlf_wrapper -t fd -d experiment-1a-elevator/domain.pddl -p experiment-1a-elevator/p20.pddl -g O(served_p0) & O(served_p1) & O(served_p2) --working-dir experiment-1a-elevator/f4lp-fd-ff/p20 --algorithm astar --heuristic ff
