name	status	time_compilation	time_tool	time_end2end	nb_node_expanded	command
p02	success	  0.791025	  0.601774	  1.392799	2	/home/marcofavorito/planning-for-past-temporal-goals/bin/plan4past -t mynd --domain experiment-1b-blocksworld-nondet/domain.pddl --problem experiment-1b-blocksworld-nondet/p02.pddl --formula O(on_b1_b2) --working-dir experiment-1b-blocksworld-nondet/p4p-mynd-sc-ff/p02 --algorithm laostar --heuristic ff
p03	success	  0.695049	  0.867402	  1.562451	5	/home/marcofavorito/planning-for-past-temporal-goals/bin/plan4past -t mynd --domain experiment-1b-blocksworld-nondet/domain.pddl --problem experiment-1b-blocksworld-nondet/p03.pddl --formula O(on_b1_b2 & Y(O(on_b2_b3))) --working-dir experiment-1b-blocksworld-nondet/p4p-mynd-sc-ff/p03 --algorithm laostar --heuristic ff
p04	success	  0.657333	  1.072805	  1.730138	58	/home/marcofavorito/planning-for-past-temporal-goals/bin/plan4past -t mynd --domain experiment-1b-blocksworld-nondet/domain.pddl --problem experiment-1b-blocksworld-nondet/p04.pddl --formula O(on_b1_b2 & Y(O(on_b2_b3 & Y(O(on_b3_b4))))) --working-dir experiment-1b-blocksworld-nondet/p4p-mynd-sc-ff/p04 --algorithm laostar --heuristic ff
p05	success	  0.686933	  3.783635	  4.470568	374	/home/marcofavorito/planning-for-past-temporal-goals/bin/plan4past -t mynd --domain experiment-1b-blocksworld-nondet/domain.pddl --problem experiment-1b-blocksworld-nondet/p05.pddl --formula O(on_b1_b2 & Y(O(on_b2_b3 & Y(O(on_b3_b4 & Y(O(on_b4_b5))))))) --working-dir experiment-1b-blocksworld-nondet/p4p-mynd-sc-ff/p05 --algorithm laostar --heuristic ff
p06	success	  0.534009	 22.010191	 22.544200	710	/home/marcofavorito/planning-for-past-temporal-goals/bin/plan4past -t mynd --domain experiment-1b-blocksworld-nondet/domain.pddl --problem experiment-1b-blocksworld-nondet/p06.pddl --formula O(on_b1_b2 & Y(O(on_b2_b3 & Y(O(on_b3_b4 & Y(O(on_b4_b5 & Y(O(on_b5_b6))))))))) --working-dir experiment-1b-blocksworld-nondet/p4p-mynd-sc-ff/p06 --algorithm laostar --heuristic ff
p07	timeout	 -1.000000	 -1.000000	300.005266	None	/home/marcofavorito/planning-for-past-temporal-goals/bin/plan4past -t mynd --domain experiment-1b-blocksworld-nondet/domain.pddl --problem experiment-1b-blocksworld-nondet/p07.pddl --formula O(on_b1_b2 & Y(O(on_b2_b3 & Y(O(on_b3_b4 & Y(O(on_b4_b5 & Y(O(on_b5_b6 & Y(O(on_b6_b7))))))))))) --working-dir experiment-1b-blocksworld-nondet/p4p-mynd-sc-ff/p07 --algorithm laostar --heuristic ff
