name	status	time_compilation	time_tool	time_end2end	nb_node_expanded	command
p02	success	  0.588180	  0.480260	  1.068440	15	/home/francesco/Projects/planning-for-past-temporal-goals/bin/plan4past -t mynd --domain experiment-1a-triangletireworld-nondet/domain.pddl --problem experiment-1a-triangletireworld-nondet/p02.pddl --formula O(vehicleat_l1x2 & Y(O(vehicleat_l2x1 & Y(O(vehicleat_l1x1))))) --working-dir experiment-1a-triangletireworld-nondet/p4p-mynd-sc-ff/p02 --algorithm laostar --heuristic ff
p03	success	  0.547063	  0.490580	  1.037643	15	/home/francesco/Projects/planning-for-past-temporal-goals/bin/plan4past -t mynd --domain experiment-1a-triangletireworld-nondet/domain.pddl --problem experiment-1a-triangletireworld-nondet/p03.pddl --formula O(vehicleat_l1x2 & Y(O(vehicleat_l2x1 & Y(O(vehicleat_l1x1))))) --working-dir experiment-1a-triangletireworld-nondet/p4p-mynd-sc-ff/p03 --algorithm laostar --heuristic ff
p04	success	  0.623646	  0.509856	  1.133502	15	/home/francesco/Projects/planning-for-past-temporal-goals/bin/plan4past -t mynd --domain experiment-1a-triangletireworld-nondet/domain.pddl --problem experiment-1a-triangletireworld-nondet/p04.pddl --formula O(vehicleat_l1x2 & Y(O(vehicleat_l2x1 & Y(O(vehicleat_l1x1))))) --working-dir experiment-1a-triangletireworld-nondet/p4p-mynd-sc-ff/p04 --algorithm laostar --heuristic ff
p05	success	  0.568641	  0.495459	  1.064100	15	/home/francesco/Projects/planning-for-past-temporal-goals/bin/plan4past -t mynd --domain experiment-1a-triangletireworld-nondet/domain.pddl --problem experiment-1a-triangletireworld-nondet/p05.pddl --formula O(vehicleat_l1x2 & Y(O(vehicleat_l2x1 & Y(O(vehicleat_l1x1))))) --working-dir experiment-1a-triangletireworld-nondet/p4p-mynd-sc-ff/p05 --algorithm laostar --heuristic ff
p06	success	  0.644759	  0.531412	  1.176171	15	/home/francesco/Projects/planning-for-past-temporal-goals/bin/plan4past -t mynd --domain experiment-1a-triangletireworld-nondet/domain.pddl --problem experiment-1a-triangletireworld-nondet/p06.pddl --formula O(vehicleat_l1x2 & Y(O(vehicleat_l2x1 & Y(O(vehicleat_l1x1))))) --working-dir experiment-1a-triangletireworld-nondet/p4p-mynd-sc-ff/p06 --algorithm laostar --heuristic ff
p07	success	  0.600925	  0.623358	  1.224283	15	/home/francesco/Projects/planning-for-past-temporal-goals/bin/plan4past -t mynd --domain experiment-1a-triangletireworld-nondet/domain.pddl --problem experiment-1a-triangletireworld-nondet/p07.pddl --formula O(vehicleat_l1x2 & Y(O(vehicleat_l2x1 & Y(O(vehicleat_l1x1))))) --working-dir experiment-1a-triangletireworld-nondet/p4p-mynd-sc-ff/p07 --algorithm laostar --heuristic ff
p08	success	  0.610794	  0.641555	  1.252349	15	/home/francesco/Projects/planning-for-past-temporal-goals/bin/plan4past -t mynd --domain experiment-1a-triangletireworld-nondet/domain.pddl --problem experiment-1a-triangletireworld-nondet/p08.pddl --formula O(vehicleat_l1x2 & Y(O(vehicleat_l2x1 & Y(O(vehicleat_l1x1))))) --working-dir experiment-1a-triangletireworld-nondet/p4p-mynd-sc-ff/p08 --algorithm laostar --heuristic ff
p09	success	  0.623698	  0.693967	  1.317665	15	/home/francesco/Projects/planning-for-past-temporal-goals/bin/plan4past -t mynd --domain experiment-1a-triangletireworld-nondet/domain.pddl --problem experiment-1a-triangletireworld-nondet/p09.pddl --formula O(vehicleat_l1x2 & Y(O(vehicleat_l2x1 & Y(O(vehicleat_l1x1))))) --working-dir experiment-1a-triangletireworld-nondet/p4p-mynd-sc-ff/p09 --algorithm laostar --heuristic ff
p10	success	  0.716102	  0.784953	  1.501055	15	/home/francesco/Projects/planning-for-past-temporal-goals/bin/plan4past -t mynd --domain experiment-1a-triangletireworld-nondet/domain.pddl --problem experiment-1a-triangletireworld-nondet/p10.pddl --formula O(vehicleat_l1x2 & Y(O(vehicleat_l2x1 & Y(O(vehicleat_l1x1))))) --working-dir experiment-1a-triangletireworld-nondet/p4p-mynd-sc-ff/p10 --algorithm laostar --heuristic ff
