name	status	time_compilation	time_tool	time_end2end	nb_node_expanded	command
p03	success	  1.477452	  0.521896	  1.999348	21	/home/francesco/Projects/planning-for-past-temporal-goals/bin/fond4ltlfpltlf_wrapper -t mynd -d experiment-1a-blocksworld-nondet-new35/domain.pddl -p experiment-1a-blocksworld-nondet-new35/p03.pddl -g O(on_b1_b2 & Y(O(on_b2_b3))) --working-dir experiment-1a-blocksworld-nondet-new35/f4lp-mynd-sc-ff/p03 --algorithm laostar --heuristic ff
p04	success	  0.655334	  0.611179	  1.266513	38	/home/francesco/Projects/planning-for-past-temporal-goals/bin/fond4ltlfpltlf_wrapper -t mynd -d experiment-1a-blocksworld-nondet-new35/domain.pddl -p experiment-1a-blocksworld-nondet-new35/p04.pddl -g O(on_b1_b2 & Y(O(on_b2_b3))) --working-dir experiment-1a-blocksworld-nondet-new35/f4lp-mynd-sc-ff/p04 --algorithm laostar --heuristic ff
p05	success	  0.632280	  0.682515	  1.314795	23	/home/francesco/Projects/planning-for-past-temporal-goals/bin/fond4ltlfpltlf_wrapper -t mynd -d experiment-1a-blocksworld-nondet-new35/domain.pddl -p experiment-1a-blocksworld-nondet-new35/p05.pddl -g O(on_b1_b2 & Y(O(on_b2_b3))) --working-dir experiment-1a-blocksworld-nondet-new35/f4lp-mynd-sc-ff/p05 --algorithm laostar --heuristic ff
p06	success	  0.648303	  0.755884	  1.404187	21	/home/francesco/Projects/planning-for-past-temporal-goals/bin/fond4ltlfpltlf_wrapper -t mynd -d experiment-1a-blocksworld-nondet-new35/domain.pddl -p experiment-1a-blocksworld-nondet-new35/p06.pddl -g O(on_b1_b2 & Y(O(on_b2_b3))) --working-dir experiment-1a-blocksworld-nondet-new35/f4lp-mynd-sc-ff/p06 --algorithm laostar --heuristic ff
p07	success	  0.672761	  0.897854	  1.570615	62	/home/francesco/Projects/planning-for-past-temporal-goals/bin/fond4ltlfpltlf_wrapper -t mynd -d experiment-1a-blocksworld-nondet-new35/domain.pddl -p experiment-1a-blocksworld-nondet-new35/p07.pddl -g O(on_b1_b2 & Y(O(on_b2_b3))) --working-dir experiment-1a-blocksworld-nondet-new35/f4lp-mynd-sc-ff/p07 --algorithm laostar --heuristic ff
p08	success	  0.629927	  1.064491	  1.694418	55	/home/francesco/Projects/planning-for-past-temporal-goals/bin/fond4ltlfpltlf_wrapper -t mynd -d experiment-1a-blocksworld-nondet-new35/domain.pddl -p experiment-1a-blocksworld-nondet-new35/p08.pddl -g O(on_b1_b2 & Y(O(on_b2_b3))) --working-dir experiment-1a-blocksworld-nondet-new35/f4lp-mynd-sc-ff/p08 --algorithm laostar --heuristic ff
p09	success	  0.617779	  1.191910	  1.809689	27	/home/francesco/Projects/planning-for-past-temporal-goals/bin/fond4ltlfpltlf_wrapper -t mynd -d experiment-1a-blocksworld-nondet-new35/domain.pddl -p experiment-1a-blocksworld-nondet-new35/p09.pddl -g O(on_b1_b2 & Y(O(on_b2_b3))) --working-dir experiment-1a-blocksworld-nondet-new35/f4lp-mynd-sc-ff/p09 --algorithm laostar --heuristic ff
p10	success	  0.630075	  1.572693	  2.202768	23	/home/francesco/Projects/planning-for-past-temporal-goals/bin/fond4ltlfpltlf_wrapper -t mynd -d experiment-1a-blocksworld-nondet-new35/domain.pddl -p experiment-1a-blocksworld-nondet-new35/p10.pddl -g O(on_b1_b2 & Y(O(on_b2_b3))) --working-dir experiment-1a-blocksworld-nondet-new35/f4lp-mynd-sc-ff/p10 --algorithm laostar --heuristic ff
p11	success	  0.612392	  1.768143	  2.380535	25	/home/francesco/Projects/planning-for-past-temporal-goals/bin/fond4ltlfpltlf_wrapper -t mynd -d experiment-1a-blocksworld-nondet-new35/domain.pddl -p experiment-1a-blocksworld-nondet-new35/p11.pddl -g O(on_b1_b2 & Y(O(on_b2_b3))) --working-dir experiment-1a-blocksworld-nondet-new35/f4lp-mynd-sc-ff/p11 --algorithm laostar --heuristic ff
p12	success	  0.655993	  2.309220	  2.965213	57	/home/francesco/Projects/planning-for-past-temporal-goals/bin/fond4ltlfpltlf_wrapper -t mynd -d experiment-1a-blocksworld-nondet-new35/domain.pddl -p experiment-1a-blocksworld-nondet-new35/p12.pddl -g O(on_b1_b2 & Y(O(on_b2_b3))) --working-dir experiment-1a-blocksworld-nondet-new35/f4lp-mynd-sc-ff/p12 --algorithm laostar --heuristic ff
p13	success	  0.673708	  3.250092	  3.923800	93	/home/francesco/Projects/planning-for-past-temporal-goals/bin/fond4ltlfpltlf_wrapper -t mynd -d experiment-1a-blocksworld-nondet-new35/domain.pddl -p experiment-1a-blocksworld-nondet-new35/p13.pddl -g O(on_b1_b2 & Y(O(on_b2_b3))) --working-dir experiment-1a-blocksworld-nondet-new35/f4lp-mynd-sc-ff/p13 --algorithm laostar --heuristic ff
p14	success	  0.656565	  5.375639	  6.032204	179	/home/francesco/Projects/planning-for-past-temporal-goals/bin/fond4ltlfpltlf_wrapper -t mynd -d experiment-1a-blocksworld-nondet-new35/domain.pddl -p experiment-1a-blocksworld-nondet-new35/p14.pddl -g O(on_b1_b2 & Y(O(on_b2_b3))) --working-dir experiment-1a-blocksworld-nondet-new35/f4lp-mynd-sc-ff/p14 --algorithm laostar --heuristic ff
p15	success	  0.626735	  4.032353	  4.659088	39	/home/francesco/Projects/planning-for-past-temporal-goals/bin/fond4ltlfpltlf_wrapper -t mynd -d experiment-1a-blocksworld-nondet-new35/domain.pddl -p experiment-1a-blocksworld-nondet-new35/p15.pddl -g O(on_b1_b2 & Y(O(on_b2_b3))) --working-dir experiment-1a-blocksworld-nondet-new35/f4lp-mynd-sc-ff/p15 --algorithm laostar --heuristic ff
p16	success	  0.668292	  6.491717	  7.160009	135	/home/francesco/Projects/planning-for-past-temporal-goals/bin/fond4ltlfpltlf_wrapper -t mynd -d experiment-1a-blocksworld-nondet-new35/domain.pddl -p experiment-1a-blocksworld-nondet-new35/p16.pddl -g O(on_b1_b2 & Y(O(on_b2_b3))) --working-dir experiment-1a-blocksworld-nondet-new35/f4lp-mynd-sc-ff/p16 --algorithm laostar --heuristic ff
p17	success	  0.632492	  5.333148	  5.965640	39	/home/francesco/Projects/planning-for-past-temporal-goals/bin/fond4ltlfpltlf_wrapper -t mynd -d experiment-1a-blocksworld-nondet-new35/domain.pddl -p experiment-1a-blocksworld-nondet-new35/p17.pddl -g O(on_b1_b2 & Y(O(on_b2_b3))) --working-dir experiment-1a-blocksworld-nondet-new35/f4lp-mynd-sc-ff/p17 --algorithm laostar --heuristic ff
p18	success	  0.651979	  9.649987	 10.301966	129	/home/francesco/Projects/planning-for-past-temporal-goals/bin/fond4ltlfpltlf_wrapper -t mynd -d experiment-1a-blocksworld-nondet-new35/domain.pddl -p experiment-1a-blocksworld-nondet-new35/p18.pddl -g O(on_b1_b2 & Y(O(on_b2_b3))) --working-dir experiment-1a-blocksworld-nondet-new35/f4lp-mynd-sc-ff/p18 --algorithm laostar --heuristic ff
p19	success	  0.638862	 13.504786	 14.143648	171	/home/francesco/Projects/planning-for-past-temporal-goals/bin/fond4ltlfpltlf_wrapper -t mynd -d experiment-1a-blocksworld-nondet-new35/domain.pddl -p experiment-1a-blocksworld-nondet-new35/p19.pddl -g O(on_b1_b2 & Y(O(on_b2_b3))) --working-dir experiment-1a-blocksworld-nondet-new35/f4lp-mynd-sc-ff/p19 --algorithm laostar --heuristic ff
p20	success	  0.677592	 24.236183	 24.913775	329	/home/francesco/Projects/planning-for-past-temporal-goals/bin/fond4ltlfpltlf_wrapper -t mynd -d experiment-1a-blocksworld-nondet-new35/domain.pddl -p experiment-1a-blocksworld-nondet-new35/p20.pddl -g O(on_b1_b2 & Y(O(on_b2_b3))) --working-dir experiment-1a-blocksworld-nondet-new35/f4lp-mynd-sc-ff/p20 --algorithm laostar --heuristic ff
p21	success	  0.656877	 11.691404	 12.348281	91	/home/francesco/Projects/planning-for-past-temporal-goals/bin/fond4ltlfpltlf_wrapper -t mynd -d experiment-1a-blocksworld-nondet-new35/domain.pddl -p experiment-1a-blocksworld-nondet-new35/p21.pddl -g O(on_b1_b2 & Y(O(on_b2_b3))) --working-dir experiment-1a-blocksworld-nondet-new35/f4lp-mynd-sc-ff/p21 --algorithm laostar --heuristic ff
p22	success	  0.644837	 27.144580	 27.789417	201	/home/francesco/Projects/planning-for-past-temporal-goals/bin/fond4ltlfpltlf_wrapper -t mynd -d experiment-1a-blocksworld-nondet-new35/domain.pddl -p experiment-1a-blocksworld-nondet-new35/p22.pddl -g O(on_b1_b2 & Y(O(on_b2_b3))) --working-dir experiment-1a-blocksworld-nondet-new35/f4lp-mynd-sc-ff/p22 --algorithm laostar --heuristic ff
p23	success	  0.645441	 14.504358	 15.149799	59	/home/francesco/Projects/planning-for-past-temporal-goals/bin/fond4ltlfpltlf_wrapper -t mynd -d experiment-1a-blocksworld-nondet-new35/domain.pddl -p experiment-1a-blocksworld-nondet-new35/p23.pddl -g O(on_b1_b2 & Y(O(on_b2_b3))) --working-dir experiment-1a-blocksworld-nondet-new35/f4lp-mynd-sc-ff/p23 --algorithm laostar --heuristic ff
p24	success	  0.638394	 36.618721	 37.257115	213	/home/francesco/Projects/planning-for-past-temporal-goals/bin/fond4ltlfpltlf_wrapper -t mynd -d experiment-1a-blocksworld-nondet-new35/domain.pddl -p experiment-1a-blocksworld-nondet-new35/p24.pddl -g O(on_b1_b2 & Y(O(on_b2_b3))) --working-dir experiment-1a-blocksworld-nondet-new35/f4lp-mynd-sc-ff/p24 --algorithm laostar --heuristic ff
p25	success	  0.621898	 37.778798	 38.400696	183	/home/francesco/Projects/planning-for-past-temporal-goals/bin/fond4ltlfpltlf_wrapper -t mynd -d experiment-1a-blocksworld-nondet-new35/domain.pddl -p experiment-1a-blocksworld-nondet-new35/p25.pddl -g O(on_b1_b2 & Y(O(on_b2_b3))) --working-dir experiment-1a-blocksworld-nondet-new35/f4lp-mynd-sc-ff/p25 --algorithm laostar --heuristic ff
p26	success	  0.641344	 37.183552	 37.824896	149	/home/francesco/Projects/planning-for-past-temporal-goals/bin/fond4ltlfpltlf_wrapper -t mynd -d experiment-1a-blocksworld-nondet-new35/domain.pddl -p experiment-1a-blocksworld-nondet-new35/p26.pddl -g O(on_b1_b2 & Y(O(on_b2_b3))) --working-dir experiment-1a-blocksworld-nondet-new35/f4lp-mynd-sc-ff/p26 --algorithm laostar --heuristic ff
p27	success	  0.658136	 22.694848	 23.352984	53	/home/francesco/Projects/planning-for-past-temporal-goals/bin/fond4ltlfpltlf_wrapper -t mynd -d experiment-1a-blocksworld-nondet-new35/domain.pddl -p experiment-1a-blocksworld-nondet-new35/p27.pddl -g O(on_b1_b2 & Y(O(on_b2_b3))) --working-dir experiment-1a-blocksworld-nondet-new35/f4lp-mynd-sc-ff/p27 --algorithm laostar --heuristic ff
p28	timeout	 -1.000000	 -1.000000	 60.003966	None	/home/francesco/Projects/planning-for-past-temporal-goals/bin/fond4ltlfpltlf_wrapper -t mynd -d experiment-1a-blocksworld-nondet-new35/domain.pddl -p experiment-1a-blocksworld-nondet-new35/p28.pddl -g O(on_b1_b2 & Y(O(on_b2_b3))) --working-dir experiment-1a-blocksworld-nondet-new35/f4lp-mynd-sc-ff/p28 --algorithm laostar --heuristic ff
p29	timeout	 -1.000000	 -1.000000	 60.004390	None	/home/francesco/Projects/planning-for-past-temporal-goals/bin/fond4ltlfpltlf_wrapper -t mynd -d experiment-1a-blocksworld-nondet-new35/domain.pddl -p experiment-1a-blocksworld-nondet-new35/p29.pddl -g O(on_b1_b2 & Y(O(on_b2_b3))) --working-dir experiment-1a-blocksworld-nondet-new35/f4lp-mynd-sc-ff/p29 --algorithm laostar --heuristic ff
p30	timeout	 -1.000000	 -1.000000	 60.004301	None	/home/francesco/Projects/planning-for-past-temporal-goals/bin/fond4ltlfpltlf_wrapper -t mynd -d experiment-1a-blocksworld-nondet-new35/domain.pddl -p experiment-1a-blocksworld-nondet-new35/p30.pddl -g O(on_b1_b2 & Y(O(on_b2_b3))) --working-dir experiment-1a-blocksworld-nondet-new35/f4lp-mynd-sc-ff/p30 --algorithm laostar --heuristic ff
p31	timeout	 -1.000000	 -1.000000	 60.003845	None	/home/francesco/Projects/planning-for-past-temporal-goals/bin/fond4ltlfpltlf_wrapper -t mynd -d experiment-1a-blocksworld-nondet-new35/domain.pddl -p experiment-1a-blocksworld-nondet-new35/p31.pddl -g O(on_b1_b2 & Y(O(on_b2_b3))) --working-dir experiment-1a-blocksworld-nondet-new35/f4lp-mynd-sc-ff/p31 --algorithm laostar --heuristic ff
p32	timeout	 -1.000000	 -1.000000	 60.004053	None	/home/francesco/Projects/planning-for-past-temporal-goals/bin/fond4ltlfpltlf_wrapper -t mynd -d experiment-1a-blocksworld-nondet-new35/domain.pddl -p experiment-1a-blocksworld-nondet-new35/p32.pddl -g O(on_b1_b2 & Y(O(on_b2_b3))) --working-dir experiment-1a-blocksworld-nondet-new35/f4lp-mynd-sc-ff/p32 --algorithm laostar --heuristic ff
p33	timeout	 -1.000000	 -1.000000	 60.004059	None	/home/francesco/Projects/planning-for-past-temporal-goals/bin/fond4ltlfpltlf_wrapper -t mynd -d experiment-1a-blocksworld-nondet-new35/domain.pddl -p experiment-1a-blocksworld-nondet-new35/p33.pddl -g O(on_b1_b2 & Y(O(on_b2_b3))) --working-dir experiment-1a-blocksworld-nondet-new35/f4lp-mynd-sc-ff/p33 --algorithm laostar --heuristic ff
p34	timeout	 -1.000000	 -1.000000	 60.004091	None	/home/francesco/Projects/planning-for-past-temporal-goals/bin/fond4ltlfpltlf_wrapper -t mynd -d experiment-1a-blocksworld-nondet-new35/domain.pddl -p experiment-1a-blocksworld-nondet-new35/p34.pddl -g O(on_b1_b2 & Y(O(on_b2_b3))) --working-dir experiment-1a-blocksworld-nondet-new35/f4lp-mynd-sc-ff/p34 --algorithm laostar --heuristic ff
p35	timeout	 -1.000000	 -1.000000	 60.003735	None	/home/francesco/Projects/planning-for-past-temporal-goals/bin/fond4ltlfpltlf_wrapper -t mynd -d experiment-1a-blocksworld-nondet-new35/domain.pddl -p experiment-1a-blocksworld-nondet-new35/p35.pddl -g O(on_b1_b2 & Y(O(on_b2_b3))) --working-dir experiment-1a-blocksworld-nondet-new35/f4lp-mynd-sc-ff/p35 --algorithm laostar --heuristic ff
