name	status	time_compilation	time_tool	time_end2end	nb_node_expanded	command
p02	success	  0.657877	  0.494283	  1.152160	1	/home/marcofavorito/planning-for-past-temporal-goals/bin/plan4past -t mynd --domain experiment-1b-triangle-tireworld-nondet/domain.pddl --problem experiment-1b-triangle-tireworld-nondet/p02.pddl --formula O(vehicleat_l2x1 & Y(O(vehicleat_l1x1))) --working-dir experiment-1b-triangle-tireworld-nondet/p4p-mynd-sc-ff/p02 --algorithm laostar --heuristic ff
p03	success	  0.653508	  0.537003	  1.190511	4	/home/marcofavorito/planning-for-past-temporal-goals/bin/plan4past -t mynd --domain experiment-1b-triangle-tireworld-nondet/domain.pddl --problem experiment-1b-triangle-tireworld-nondet/p03.pddl --formula O(vehicleat_l2x2 & Y(O(vehicleat_l2x1 & Y(O(vehicleat_l1x1))))) --working-dir experiment-1b-triangle-tireworld-nondet/p4p-mynd-sc-ff/p03 --algorithm laostar --heuristic ff
p04	success	  0.439965	  0.577225	  1.017190	10	/home/marcofavorito/planning-for-past-temporal-goals/bin/plan4past -t mynd --domain experiment-1b-triangle-tireworld-nondet/domain.pddl --problem experiment-1b-triangle-tireworld-nondet/p04.pddl --formula O(vehicleat_l3x2 & Y(O(vehicleat_l2x2 & Y(O(vehicleat_l2x1 & Y(O(vehicleat_l1x1))))))) --working-dir experiment-1b-triangle-tireworld-nondet/p4p-mynd-sc-ff/p04 --algorithm laostar --heuristic ff
p05	success	  0.643640	111.374718	112.018358	12239	/home/marcofavorito/planning-for-past-temporal-goals/bin/plan4past -t mynd --domain experiment-1b-triangle-tireworld-nondet/domain.pddl --problem experiment-1b-triangle-tireworld-nondet/p05.pddl --formula O(vehicleat_l3x3 & Y(O(vehicleat_l3x2 & Y(O(vehicleat_l2x2 & Y(O(vehicleat_l2x1 & Y(O(vehicleat_l1x1))))))))) --working-dir experiment-1b-triangle-tireworld-nondet/p4p-mynd-sc-ff/p05 --algorithm laostar --heuristic ff
p06	timeout	 -1.000000	 -1.000000	300.005006	None	/home/marcofavorito/planning-for-past-temporal-goals/bin/plan4past -t mynd --domain experiment-1b-triangle-tireworld-nondet/domain.pddl --problem experiment-1b-triangle-tireworld-nondet/p06.pddl --formula O(vehicleat_l4x3 & Y(O(vehicleat_l3x3 & Y(O(vehicleat_l3x2 & Y(O(vehicleat_l2x2 & Y(O(vehicleat_l2x1 & Y(O(vehicleat_l1x1))))))))))) --working-dir experiment-1b-triangle-tireworld-nondet/p4p-mynd-sc-ff/p06 --algorithm laostar --heuristic ff
