name	status	time_compilation	time_tool	time_end2end	nb_node_expanded	command
p02	success	  0.427050	  0.002350	  0.622463	7	/home/marcofavorito/planning-for-past-temporal-goals/bin/plan4past -t fd --domain experiment-1b-elevator/domain.pddl --problem experiment-1b-elevator/p02.pddl --formula O(served_p0) & O(served_p1) --working-dir experiment-1b-elevator/p4p-fd-ff/p02 --algorithm astar --heuristic ff
p03	success	  0.416277	  0.002897	  0.614893	10	/home/marcofavorito/planning-for-past-temporal-goals/bin/plan4past -t fd --domain experiment-1b-elevator/domain.pddl --problem experiment-1b-elevator/p03.pddl --formula O(served_p0) & O(served_p1) & O(served_p2) --working-dir experiment-1b-elevator/p4p-fd-ff/p03 --algorithm astar --heuristic ff
p04	success	  0.420771	  0.003436	  0.630293	13	/home/marcofavorito/planning-for-past-temporal-goals/bin/plan4past -t fd --domain experiment-1b-elevator/domain.pddl --problem experiment-1b-elevator/p04.pddl --formula O(served_p0) & O(served_p1) & O(served_p2) & O(served_p3) --working-dir experiment-1b-elevator/p4p-fd-ff/p04 --algorithm astar --heuristic ff
p05	success	  0.433156	  0.004278	  0.652644	16	/home/marcofavorito/planning-for-past-temporal-goals/bin/plan4past -t fd --domain experiment-1b-elevator/domain.pddl --problem experiment-1b-elevator/p05.pddl --formula O(served_p0) & O(served_p1) & O(served_p2) & O(served_p3) & O(served_p4) --working-dir experiment-1b-elevator/p4p-fd-ff/p05 --algorithm astar --heuristic ff
p06	success	  0.437363	  0.005730	  0.670196	19	/home/marcofavorito/planning-for-past-temporal-goals/bin/plan4past -t fd --domain experiment-1b-elevator/domain.pddl --problem experiment-1b-elevator/p06.pddl --formula O(served_p0) & O(served_p1) & O(served_p2) & O(served_p3) & O(served_p4) & O(served_p5) --working-dir experiment-1b-elevator/p4p-fd-ff/p06 --algorithm astar --heuristic ff
p07	success	  0.451134	  0.007078	  0.710416	22	/home/marcofavorito/planning-for-past-temporal-goals/bin/plan4past -t fd --domain experiment-1b-elevator/domain.pddl --problem experiment-1b-elevator/p07.pddl --formula O(served_p0) & O(served_p1) & O(served_p2) & O(served_p3) & O(served_p4) & O(served_p5) & O(served_p6) --working-dir experiment-1b-elevator/p4p-fd-ff/p07 --algorithm astar --heuristic ff
p08	success	  0.439185	  0.009225	  0.723596	25	/home/marcofavorito/planning-for-past-temporal-goals/bin/plan4past -t fd --domain experiment-1b-elevator/domain.pddl --problem experiment-1b-elevator/p08.pddl --formula O(served_p0) & O(served_p1) & O(served_p2) & O(served_p3) & O(served_p4) & O(served_p5) & O(served_p6) & O(served_p7) --working-dir experiment-1b-elevator/p4p-fd-ff/p08 --algorithm astar --heuristic ff
p09	success	  0.458090	  0.012853	  0.799551	28	/home/marcofavorito/planning-for-past-temporal-goals/bin/plan4past -t fd --domain experiment-1b-elevator/domain.pddl --problem experiment-1b-elevator/p09.pddl --formula O(served_p0) & O(served_p1) & O(served_p2) & O(served_p3) & O(served_p4) & O(served_p5) & O(served_p6) & O(served_p7) & O(served_p8) --working-dir experiment-1b-elevator/p4p-fd-ff/p09 --algorithm astar --heuristic ff
p10	success	  0.462336	  0.015374	  0.820335	31	/home/marcofavorito/planning-for-past-temporal-goals/bin/plan4past -t fd --domain experiment-1b-elevator/domain.pddl --problem experiment-1b-elevator/p10.pddl --formula O(served_p0) & O(served_p1) & O(served_p2) & O(served_p3) & O(served_p4) & O(served_p5) & O(served_p6) & O(served_p7) & O(served_p8) & O(served_p9) --working-dir experiment-1b-elevator/p4p-fd-ff/p10 --algorithm astar --heuristic ff
p11	success	  0.454845	  0.018747	  0.859621	34	/home/marcofavorito/planning-for-past-temporal-goals/bin/plan4past -t fd --domain experiment-1b-elevator/domain.pddl --problem experiment-1b-elevator/p11.pddl --formula O(served_p0) & O(served_p1) & O(served_p2) & O(served_p3) & O(served_p4) & O(served_p5) & O(served_p6) & O(served_p7) & O(served_p8) & O(served_p9) & O(served_p10) --working-dir experiment-1b-elevator/p4p-fd-ff/p11 --algorithm astar --heuristic ff
p12	success	  0.458245	  0.024133	  0.920774	37	/home/marcofavorito/planning-for-past-temporal-goals/bin/plan4past -t fd --domain experiment-1b-elevator/domain.pddl --problem experiment-1b-elevator/p12.pddl --formula O(served_p0) & O(served_p1) & O(served_p2) & O(served_p3) & O(served_p4) & O(served_p5) & O(served_p6) & O(served_p7) & O(served_p8) & O(served_p9) & O(served_p10) & O(served_p11) --working-dir experiment-1b-elevator/p4p-fd-ff/p12 --algorithm astar --heuristic ff
p13	success	  0.454337	  0.029803	  0.979703	40	/home/marcofavorito/planning-for-past-temporal-goals/bin/plan4past -t fd --domain experiment-1b-elevator/domain.pddl --problem experiment-1b-elevator/p13.pddl --formula O(served_p0) & O(served_p1) & O(served_p2) & O(served_p3) & O(served_p4) & O(served_p5) & O(served_p6) & O(served_p7) & O(served_p8) & O(served_p9) & O(served_p10) & O(served_p11) & O(served_p12) --working-dir experiment-1b-elevator/p4p-fd-ff/p13 --algorithm astar --heuristic ff
p14	success	  0.457761	  0.036974	  1.048775	43	/home/marcofavorito/planning-for-past-temporal-goals/bin/plan4past -t fd --domain experiment-1b-elevator/domain.pddl --problem experiment-1b-elevator/p14.pddl --formula O(served_p0) & O(served_p1) & O(served_p2) & O(served_p3) & O(served_p4) & O(served_p5) & O(served_p6) & O(served_p7) & O(served_p8) & O(served_p9) & O(served_p10) & O(served_p11) & O(served_p12) & O(served_p13) --working-dir experiment-1b-elevator/p4p-fd-ff/p14 --algorithm astar --heuristic ff
p15	success	  0.468405	  0.044388	  1.188295	46	/home/marcofavorito/planning-for-past-temporal-goals/bin/plan4past -t fd --domain experiment-1b-elevator/domain.pddl --problem experiment-1b-elevator/p15.pddl --formula O(served_p0) & O(served_p1) & O(served_p2) & O(served_p3) & O(served_p4) & O(served_p5) & O(served_p6) & O(served_p7) & O(served_p8) & O(served_p9) & O(served_p10) & O(served_p11) & O(served_p12) & O(served_p13) & O(served_p14) --working-dir experiment-1b-elevator/p4p-fd-ff/p15 --algorithm astar --heuristic ff
p16	success	  0.473531	  0.053632	  1.273512	49	/home/marcofavorito/planning-for-past-temporal-goals/bin/plan4past -t fd --domain experiment-1b-elevator/domain.pddl --problem experiment-1b-elevator/p16.pddl --formula O(served_p0) & O(served_p1) & O(served_p2) & O(served_p3) & O(served_p4) & O(served_p5) & O(served_p6) & O(served_p7) & O(served_p8) & O(served_p9) & O(served_p10) & O(served_p11) & O(served_p12) & O(served_p13) & O(served_p14) & O(served_p15) --working-dir experiment-1b-elevator/p4p-fd-ff/p16 --algorithm astar --heuristic ff
p17	success	  0.498151	  0.062718	  1.411809	52	/home/marcofavorito/planning-for-past-temporal-goals/bin/plan4past -t fd --domain experiment-1b-elevator/domain.pddl --problem experiment-1b-elevator/p17.pddl --formula O(served_p0) & O(served_p1) & O(served_p2) & O(served_p3) & O(served_p4) & O(served_p5) & O(served_p6) & O(served_p7) & O(served_p8) & O(served_p9) & O(served_p10) & O(served_p11) & O(served_p12) & O(served_p13) & O(served_p14) & O(served_p15) & O(served_p16) --working-dir experiment-1b-elevator/p4p-fd-ff/p17 --algorithm astar --heuristic ff
p18	success	  0.481086	  0.074410	  1.559322	55	/home/marcofavorito/planning-for-past-temporal-goals/bin/plan4past -t fd --domain experiment-1b-elevator/domain.pddl --problem experiment-1b-elevator/p18.pddl --formula O(served_p0) & O(served_p1) & O(served_p2) & O(served_p3) & O(served_p4) & O(served_p5) & O(served_p6) & O(served_p7) & O(served_p8) & O(served_p9) & O(served_p10) & O(served_p11) & O(served_p12) & O(served_p13) & O(served_p14) & O(served_p15) & O(served_p16) & O(served_p17) --working-dir experiment-1b-elevator/p4p-fd-ff/p18 --algorithm astar --heuristic ff
p19	success	  0.492115	  0.088387	  1.685405	58	/home/marcofavorito/planning-for-past-temporal-goals/bin/plan4past -t fd --domain experiment-1b-elevator/domain.pddl --problem experiment-1b-elevator/p19.pddl --formula O(served_p0) & O(served_p1) & O(served_p2) & O(served_p3) & O(served_p4) & O(served_p5) & O(served_p6) & O(served_p7) & O(served_p8) & O(served_p9) & O(served_p10) & O(served_p11) & O(served_p12) & O(served_p13) & O(served_p14) & O(served_p15) & O(served_p16) & O(served_p17) & O(served_p18) --working-dir experiment-1b-elevator/p4p-fd-ff/p19 --algorithm astar --heuristic ff
p20	success	  0.497207	  0.101184	  1.865628	61	/home/marcofavorito/planning-for-past-temporal-goals/bin/plan4past -t fd --domain experiment-1b-elevator/domain.pddl --problem experiment-1b-elevator/p20.pddl --formula O(served_p0) & O(served_p1) & O(served_p2) & O(served_p3) & O(served_p4) & O(served_p5) & O(served_p6) & O(served_p7) & O(served_p8) & O(served_p9) & O(served_p10) & O(served_p11) & O(served_p12) & O(served_p13) & O(served_p14) & O(served_p15) & O(served_p16) & O(served_p17) & O(served_p18) & O(served_p19) --working-dir experiment-1b-elevator/p4p-fd-ff/p20 --algorithm astar --heuristic ff
