name	status	time_compilation	time_tool	time_end2end	nb_node_expanded	command
p02	success	  0.103599	  0.440604	  0.544203	4	/home/francesco/Projects/planning-for-past-temporal-goals/bin/ltlfond2fond_wrapper -t mynd -d results/experiment-1b-triangle-tireworld-nondet/domain.pddl -p results/experiment-1b-triangle-tireworld-nondet/p02.pddl -g F("vehicleat l1x1"&X(F("vehicleat l2x1"))) --working-dir results/experiment-1b-triangle-tireworld-nondet/lf2f-mynd-sc-ff/p02 --algorithm laostar --heuristic ff
p03	success	  0.138587	  0.535298	  0.673885	10	/home/francesco/Projects/planning-for-past-temporal-goals/bin/ltlfond2fond_wrapper -t mynd -d results/experiment-1b-triangle-tireworld-nondet/domain.pddl -p results/experiment-1b-triangle-tireworld-nondet/p03.pddl -g F("vehicleat l1x1"&X(F("vehicleat l2x1"&X(F("vehicleat l2x2"))))) --working-dir results/experiment-1b-triangle-tireworld-nondet/lf2f-mynd-sc-ff/p03 --algorithm laostar --heuristic ff
p04	success	  0.160915	  0.740906	  0.901821	22	/home/francesco/Projects/planning-for-past-temporal-goals/bin/ltlfond2fond_wrapper -t mynd -d results/experiment-1b-triangle-tireworld-nondet/domain.pddl -p results/experiment-1b-triangle-tireworld-nondet/p04.pddl -g F("vehicleat l1x1"&X(F("vehicleat l2x1"&X(F("vehicleat l2x2"&X(F("vehicleat l3x2"))))))) --working-dir results/experiment-1b-triangle-tireworld-nondet/lf2f-mynd-sc-ff/p04 --algorithm laostar --heuristic ff
p05	timeout	 -1.000000	 -1.000000	300.005549	None	/home/francesco/Projects/planning-for-past-temporal-goals/bin/ltlfond2fond_wrapper -t mynd -d results/experiment-1b-triangle-tireworld-nondet/domain.pddl -p results/experiment-1b-triangle-tireworld-nondet/p05.pddl -g F("vehicleat l1x1"&X(F("vehicleat l2x1"&X(F("vehicleat l2x2"&X(F("vehicleat l3x2"&X(F("vehicleat l3x3"))))))))) --working-dir results/experiment-1b-triangle-tireworld-nondet/lf2f-mynd-sc-ff/p05 --algorithm laostar --heuristic ff
