name	status	time_compilation	time_tool	time_end2end	nb_node_expanded	command
p03	success	  0.608448	  0.002452	  0.854693	6	/home/anonymousauthor/planning-for-past-temporal-goals/bin/plan4past -t fd --domain experiment-1a-blocksworld-det/domain.pddl --problem experiment-1a-blocksworld-det/p03.pddl --formula O(on_b1_b2 & Y(O(on_b2_b3))) --working-dir experiment-1a-blocksworld-det/p4p-fd-ff/p03 --algorithm astar --heuristic ff
p04	success	  0.566830	  0.004099	  0.846041	6	/home/anonymousauthor/planning-for-past-temporal-goals/bin/plan4past -t fd --domain experiment-1a-blocksworld-det/domain.pddl --problem experiment-1a-blocksworld-det/p04.pddl --formula O(on_b1_b2 & Y(O(on_b2_b3))) --working-dir experiment-1a-blocksworld-det/p4p-fd-ff/p04 --algorithm astar --heuristic ff
p05	success	  0.708049	  0.003015	  0.958418	6	/home/anonymousauthor/planning-for-past-temporal-goals/bin/plan4past -t fd --domain experiment-1a-blocksworld-det/domain.pddl --problem experiment-1a-blocksworld-det/p05.pddl --formula O(on_b1_b2 & Y(O(on_b2_b3))) --working-dir experiment-1a-blocksworld-det/p4p-fd-ff/p05 --algorithm astar --heuristic ff
p06	success	  0.468417	  0.003331	  0.695812	6	/home/anonymousauthor/planning-for-past-temporal-goals/bin/plan4past -t fd --domain experiment-1a-blocksworld-det/domain.pddl --problem experiment-1a-blocksworld-det/p06.pddl --formula O(on_b1_b2 & Y(O(on_b2_b3))) --working-dir experiment-1a-blocksworld-det/p4p-fd-ff/p06 --algorithm astar --heuristic ff
p07	success	  0.456398	  0.003757	  0.685703	6	/home/anonymousauthor/planning-for-past-temporal-goals/bin/plan4past -t fd --domain experiment-1a-blocksworld-det/domain.pddl --problem experiment-1a-blocksworld-det/p07.pddl --formula O(on_b1_b2 & Y(O(on_b2_b3))) --working-dir experiment-1a-blocksworld-det/p4p-fd-ff/p07 --algorithm astar --heuristic ff
p08	success	  0.437404	  0.004271	  0.677656	6	/home/anonymousauthor/planning-for-past-temporal-goals/bin/plan4past -t fd --domain experiment-1a-blocksworld-det/domain.pddl --problem experiment-1a-blocksworld-det/p08.pddl --formula O(on_b1_b2 & Y(O(on_b2_b3))) --working-dir experiment-1a-blocksworld-det/p4p-fd-ff/p08 --algorithm astar --heuristic ff
p09	success	  0.450491	  0.004952	  0.705473	6	/home/anonymousauthor/planning-for-past-temporal-goals/bin/plan4past -t fd --domain experiment-1a-blocksworld-det/domain.pddl --problem experiment-1a-blocksworld-det/p09.pddl --formula O(on_b1_b2 & Y(O(on_b2_b3))) --working-dir experiment-1a-blocksworld-det/p4p-fd-ff/p09 --algorithm astar --heuristic ff
p10	success	  0.459486	  0.005318	  0.713217	6	/home/anonymousauthor/planning-for-past-temporal-goals/bin/plan4past -t fd --domain experiment-1a-blocksworld-det/domain.pddl --problem experiment-1a-blocksworld-det/p10.pddl --formula O(on_b1_b2 & Y(O(on_b2_b3))) --working-dir experiment-1a-blocksworld-det/p4p-fd-ff/p10 --algorithm astar --heuristic ff
p11	success	  0.438249	  0.006030	  0.701957	6	/home/anonymousauthor/planning-for-past-temporal-goals/bin/plan4past -t fd --domain experiment-1a-blocksworld-det/domain.pddl --problem experiment-1a-blocksworld-det/p11.pddl --formula O(on_b1_b2 & Y(O(on_b2_b3))) --working-dir experiment-1a-blocksworld-det/p4p-fd-ff/p11 --algorithm astar --heuristic ff
p12	success	  0.439327	  0.006883	  0.709664	6	/home/anonymousauthor/planning-for-past-temporal-goals/bin/plan4past -t fd --domain experiment-1a-blocksworld-det/domain.pddl --problem experiment-1a-blocksworld-det/p12.pddl --formula O(on_b1_b2 & Y(O(on_b2_b3))) --working-dir experiment-1a-blocksworld-det/p4p-fd-ff/p12 --algorithm astar --heuristic ff
p13	success	  0.436784	  0.007684	  0.719140	6	/home/anonymousauthor/planning-for-past-temporal-goals/bin/plan4past -t fd --domain experiment-1a-blocksworld-det/domain.pddl --problem experiment-1a-blocksworld-det/p13.pddl --formula O(on_b1_b2 & Y(O(on_b2_b3))) --working-dir experiment-1a-blocksworld-det/p4p-fd-ff/p13 --algorithm astar --heuristic ff
p14	success	  0.428829	  0.008801	  0.730530	6	/home/anonymousauthor/planning-for-past-temporal-goals/bin/plan4past -t fd --domain experiment-1a-blocksworld-det/domain.pddl --problem experiment-1a-blocksworld-det/p14.pddl --formula O(on_b1_b2 & Y(O(on_b2_b3))) --working-dir experiment-1a-blocksworld-det/p4p-fd-ff/p14 --algorithm astar --heuristic ff
p15	success	  0.421938	  0.009689	  0.721602	6	/home/anonymousauthor/planning-for-past-temporal-goals/bin/plan4past -t fd --domain experiment-1a-blocksworld-det/domain.pddl --problem experiment-1a-blocksworld-det/p15.pddl --formula O(on_b1_b2 & Y(O(on_b2_b3))) --working-dir experiment-1a-blocksworld-det/p4p-fd-ff/p15 --algorithm astar --heuristic ff
p16	success	  0.439173	  0.011284	  0.765852	6	/home/anonymousauthor/planning-for-past-temporal-goals/bin/plan4past -t fd --domain experiment-1a-blocksworld-det/domain.pddl --problem experiment-1a-blocksworld-det/p16.pddl --formula O(on_b1_b2 & Y(O(on_b2_b3))) --working-dir experiment-1a-blocksworld-det/p4p-fd-ff/p16 --algorithm astar --heuristic ff
p17	success	  0.433077	  0.012078	  0.771358	6	/home/anonymousauthor/planning-for-past-temporal-goals/bin/plan4past -t fd --domain experiment-1a-blocksworld-det/domain.pddl --problem experiment-1a-blocksworld-det/p17.pddl --formula O(on_b1_b2 & Y(O(on_b2_b3))) --working-dir experiment-1a-blocksworld-det/p4p-fd-ff/p17 --algorithm astar --heuristic ff
p18	success	  0.450890	  0.013223	  0.793147	6	/home/anonymousauthor/planning-for-past-temporal-goals/bin/plan4past -t fd --domain experiment-1a-blocksworld-det/domain.pddl --problem experiment-1a-blocksworld-det/p18.pddl --formula O(on_b1_b2 & Y(O(on_b2_b3))) --working-dir experiment-1a-blocksworld-det/p4p-fd-ff/p18 --algorithm astar --heuristic ff
p19	success	  0.431931	  0.014962	  0.794496	6	/home/anonymousauthor/planning-for-past-temporal-goals/bin/plan4past -t fd --domain experiment-1a-blocksworld-det/domain.pddl --problem experiment-1a-blocksworld-det/p19.pddl --formula O(on_b1_b2 & Y(O(on_b2_b3))) --working-dir experiment-1a-blocksworld-det/p4p-fd-ff/p19 --algorithm astar --heuristic ff
p20	success	  0.429930	  0.019437	  0.843264	6	/home/anonymousauthor/planning-for-past-temporal-goals/bin/plan4past -t fd --domain experiment-1a-blocksworld-det/domain.pddl --problem experiment-1a-blocksworld-det/p20.pddl --formula O(on_b1_b2 & Y(O(on_b2_b3))) --working-dir experiment-1a-blocksworld-det/p4p-fd-ff/p20 --algorithm astar --heuristic ff
