name	status	time_compilation	time_tool	time_end2end	nb_node_expanded	command
p-001	success	  0.647698	  0.002409	  0.888769	5	/home/francesco/Projects/planning-for-past-temporal-goals/bin/plan4past -t fd --domain data/deterministic/elevator/domain.pddl --problem data/deterministic/elevator/p-001.pddl --formula served_p0 --working-dir results/experiment-2-2021-12-14T23:47:54.512044/p4p-fd-ff/p-001 --algorithm astar --heuristic ff
p-002	success	  0.689788	  0.003041	  0.943489	4	/home/francesco/Projects/planning-for-past-temporal-goals/bin/plan4past -t fd --domain data/deterministic/elevator/domain.pddl --problem data/deterministic/elevator/p-002.pddl --formula served_p0 --working-dir results/experiment-2-2021-12-14T23:47:54.512044/p4p-fd-ff/p-002 --algorithm astar --heuristic ff
p-003	success	  0.674300	  0.002492	  0.907969	5	/home/francesco/Projects/planning-for-past-temporal-goals/bin/plan4past -t fd --domain data/deterministic/elevator/domain.pddl --problem data/deterministic/elevator/p-003.pddl --formula served_p0 --working-dir results/experiment-2-2021-12-14T23:47:54.512044/p4p-fd-ff/p-003 --algorithm astar --heuristic ff
p-004	success	  0.655035	  0.003329	  0.937891	5	/home/francesco/Projects/planning-for-past-temporal-goals/bin/plan4past -t fd --domain data/deterministic/elevator/domain.pddl --problem data/deterministic/elevator/p-004.pddl --formula served_p0 --working-dir results/experiment-2-2021-12-14T23:47:54.512044/p4p-fd-ff/p-004 --algorithm astar --heuristic ff
p-005	success	  0.648491	  0.002756	  0.900938	5	/home/francesco/Projects/planning-for-past-temporal-goals/bin/plan4past -t fd --domain data/deterministic/elevator/domain.pddl --problem data/deterministic/elevator/p-005.pddl --formula served_p0 --working-dir results/experiment-2-2021-12-14T23:47:54.512044/p4p-fd-ff/p-005 --algorithm astar --heuristic ff
p-006	success	  0.656827	  0.003598	  0.917282	9	/home/francesco/Projects/planning-for-past-temporal-goals/bin/plan4past -t fd --domain data/deterministic/elevator/domain.pddl --problem data/deterministic/elevator/p-006.pddl --formula served_p0 & served_p1 --working-dir results/experiment-2-2021-12-14T23:47:54.512044/p4p-fd-ff/p-006 --algorithm astar --heuristic ff
p-007	success	  0.634567	  0.003237	  0.883538	9	/home/francesco/Projects/planning-for-past-temporal-goals/bin/plan4past -t fd --domain data/deterministic/elevator/domain.pddl --problem data/deterministic/elevator/p-007.pddl --formula served_p0 & served_p1 --working-dir results/experiment-2-2021-12-14T23:47:54.512044/p4p-fd-ff/p-007 --algorithm astar --heuristic ff
p-008	success	  0.643839	  0.003036	  0.891593	9	/home/francesco/Projects/planning-for-past-temporal-goals/bin/plan4past -t fd --domain data/deterministic/elevator/domain.pddl --problem data/deterministic/elevator/p-008.pddl --formula served_p0 & served_p1 --working-dir results/experiment-2-2021-12-14T23:47:54.512044/p4p-fd-ff/p-008 --algorithm astar --heuristic ff
p-009	success	  0.645078	  0.003618	  0.911918	8	/home/francesco/Projects/planning-for-past-temporal-goals/bin/plan4past -t fd --domain data/deterministic/elevator/domain.pddl --problem data/deterministic/elevator/p-009.pddl --formula served_p0 & served_p1 --working-dir results/experiment-2-2021-12-14T23:47:54.512044/p4p-fd-ff/p-009 --algorithm astar --heuristic ff
p-010	success	  0.657503	  0.002766	  0.884663	11	/home/francesco/Projects/planning-for-past-temporal-goals/bin/plan4past -t fd --domain data/deterministic/elevator/domain.pddl --problem data/deterministic/elevator/p-010.pddl --formula served_p0 & served_p1 --working-dir results/experiment-2-2021-12-14T23:47:54.512044/p4p-fd-ff/p-010 --algorithm astar --heuristic ff
p-011	success	  0.676926	  0.002982	  0.934102	18	/home/francesco/Projects/planning-for-past-temporal-goals/bin/plan4past -t fd --domain data/deterministic/elevator/domain.pddl --problem data/deterministic/elevator/p-011.pddl --formula served_p0 & served_p1 & served_p2 --working-dir results/experiment-2-2021-12-14T23:47:54.512044/p4p-fd-ff/p-011 --algorithm astar --heuristic ff
p-012	success	  0.673979	  0.003053	  0.957016	23	/home/francesco/Projects/planning-for-past-temporal-goals/bin/plan4past -t fd --domain data/deterministic/elevator/domain.pddl --problem data/deterministic/elevator/p-012.pddl --formula served_p0 & served_p1 & served_p2 --working-dir results/experiment-2-2021-12-14T23:47:54.512044/p4p-fd-ff/p-012 --algorithm astar --heuristic ff
p-013	success	  0.673269	  0.003253	  0.910121	17	/home/francesco/Projects/planning-for-past-temporal-goals/bin/plan4past -t fd --domain data/deterministic/elevator/domain.pddl --problem data/deterministic/elevator/p-013.pddl --formula served_p0 & served_p1 & served_p2 --working-dir results/experiment-2-2021-12-14T23:47:54.512044/p4p-fd-ff/p-013 --algorithm astar --heuristic ff
p-014	success	  0.654429	  0.003135	  0.901216	13	/home/francesco/Projects/planning-for-past-temporal-goals/bin/plan4past -t fd --domain data/deterministic/elevator/domain.pddl --problem data/deterministic/elevator/p-014.pddl --formula served_p0 & served_p1 & served_p2 --working-dir results/experiment-2-2021-12-14T23:47:54.512044/p4p-fd-ff/p-014 --algorithm astar --heuristic ff
p-015	success	  0.664666	  0.002849	  0.893189	13	/home/francesco/Projects/planning-for-past-temporal-goals/bin/plan4past -t fd --domain data/deterministic/elevator/domain.pddl --problem data/deterministic/elevator/p-015.pddl --formula served_p0 & served_p1 & served_p2 --working-dir results/experiment-2-2021-12-14T23:47:54.512044/p4p-fd-ff/p-015 --algorithm astar --heuristic ff
p-016	success	  0.646288	  0.003786	  0.929886	16	/home/francesco/Projects/planning-for-past-temporal-goals/bin/plan4past -t fd --domain data/deterministic/elevator/domain.pddl --problem data/deterministic/elevator/p-016.pddl --formula served_p0 & served_p1 & served_p2 & served_p3 --working-dir results/experiment-2-2021-12-14T23:47:54.512044/p4p-fd-ff/p-016 --algorithm astar --heuristic ff
p-017	success	  0.651851	  0.003512	  0.913095	17	/home/francesco/Projects/planning-for-past-temporal-goals/bin/plan4past -t fd --domain data/deterministic/elevator/domain.pddl --problem data/deterministic/elevator/p-017.pddl --formula served_p0 & served_p1 & served_p2 & served_p3 --working-dir results/experiment-2-2021-12-14T23:47:54.512044/p4p-fd-ff/p-017 --algorithm astar --heuristic ff
p-018	success	  0.663647	  0.003565	  0.932052	19	/home/francesco/Projects/planning-for-past-temporal-goals/bin/plan4past -t fd --domain data/deterministic/elevator/domain.pddl --problem data/deterministic/elevator/p-018.pddl --formula served_p0 & served_p1 & served_p2 & served_p3 --working-dir results/experiment-2-2021-12-14T23:47:54.512044/p4p-fd-ff/p-018 --algorithm astar --heuristic ff
p-019	success	  0.683161	  0.003524	  0.932942	23	/home/francesco/Projects/planning-for-past-temporal-goals/bin/plan4past -t fd --domain data/deterministic/elevator/domain.pddl --problem data/deterministic/elevator/p-019.pddl --formula served_p0 & served_p1 & served_p2 & served_p3 --working-dir results/experiment-2-2021-12-14T23:47:54.512044/p4p-fd-ff/p-019 --algorithm astar --heuristic ff
p-020	success	  0.676106	  0.003457	  0.919393	30	/home/francesco/Projects/planning-for-past-temporal-goals/bin/plan4past -t fd --domain data/deterministic/elevator/domain.pddl --problem data/deterministic/elevator/p-020.pddl --formula served_p0 & served_p1 & served_p2 & served_p3 --working-dir results/experiment-2-2021-12-14T23:47:54.512044/p4p-fd-ff/p-020 --algorithm astar --heuristic ff
p-021	success	  0.650673	  0.004505	  0.910390	30	/home/francesco/Projects/planning-for-past-temporal-goals/bin/plan4past -t fd --domain data/deterministic/elevator/domain.pddl --problem data/deterministic/elevator/p-021.pddl --formula served_p0 & served_p1 & served_p2 & served_p3 & served_p4 --working-dir results/experiment-2-2021-12-14T23:47:54.512044/p4p-fd-ff/p-021 --algorithm astar --heuristic ff
p-022	success	  0.677412	  0.004465	  0.950651	25	/home/francesco/Projects/planning-for-past-temporal-goals/bin/plan4past -t fd --domain data/deterministic/elevator/domain.pddl --problem data/deterministic/elevator/p-022.pddl --formula served_p0 & served_p1 & served_p2 & served_p3 & served_p4 --working-dir results/experiment-2-2021-12-14T23:47:54.512044/p4p-fd-ff/p-022 --algorithm astar --heuristic ff
p-023	success	  0.642352	  0.003868	  0.922265	24	/home/francesco/Projects/planning-for-past-temporal-goals/bin/plan4past -t fd --domain data/deterministic/elevator/domain.pddl --problem data/deterministic/elevator/p-023.pddl --formula served_p0 & served_p1 & served_p2 & served_p3 & served_p4 --working-dir results/experiment-2-2021-12-14T23:47:54.512044/p4p-fd-ff/p-023 --algorithm astar --heuristic ff
p-024	success	  0.651881	  0.004679	  0.914176	20	/home/francesco/Projects/planning-for-past-temporal-goals/bin/plan4past -t fd --domain data/deterministic/elevator/domain.pddl --problem data/deterministic/elevator/p-024.pddl --formula served_p0 & served_p1 & served_p2 & served_p3 & served_p4 --working-dir results/experiment-2-2021-12-14T23:47:54.512044/p4p-fd-ff/p-024 --algorithm astar --heuristic ff
p-025	success	  0.641734	  0.005208	  0.911262	28	/home/francesco/Projects/planning-for-past-temporal-goals/bin/plan4past -t fd --domain data/deterministic/elevator/domain.pddl --problem data/deterministic/elevator/p-025.pddl --formula served_p0 & served_p1 & served_p2 & served_p3 & served_p4 --working-dir results/experiment-2-2021-12-14T23:47:54.512044/p4p-fd-ff/p-025 --algorithm astar --heuristic ff
p-026	success	  0.670187	  0.006718	  0.955474	44	/home/francesco/Projects/planning-for-past-temporal-goals/bin/plan4past -t fd --domain data/deterministic/elevator/domain.pddl --problem data/deterministic/elevator/p-026.pddl --formula served_p0 & served_p1 & served_p2 & served_p3 & served_p4 & served_p5 --working-dir results/experiment-2-2021-12-14T23:47:54.512044/p4p-fd-ff/p-026 --algorithm astar --heuristic ff
p-027	success	  0.671861	  0.004646	  0.953674	22	/home/francesco/Projects/planning-for-past-temporal-goals/bin/plan4past -t fd --domain data/deterministic/elevator/domain.pddl --problem data/deterministic/elevator/p-027.pddl --formula served_p0 & served_p1 & served_p2 & served_p3 & served_p4 & served_p5 --working-dir results/experiment-2-2021-12-14T23:47:54.512044/p4p-fd-ff/p-027 --algorithm astar --heuristic ff
p-028	success	  0.678055	  0.004788	  0.928990	31	/home/francesco/Projects/planning-for-past-temporal-goals/bin/plan4past -t fd --domain data/deterministic/elevator/domain.pddl --problem data/deterministic/elevator/p-028.pddl --formula served_p0 & served_p1 & served_p2 & served_p3 & served_p4 & served_p5 --working-dir results/experiment-2-2021-12-14T23:47:54.512044/p4p-fd-ff/p-028 --algorithm astar --heuristic ff
p-029	success	  0.654743	  0.008185	  0.964713	132	/home/francesco/Projects/planning-for-past-temporal-goals/bin/plan4past -t fd --domain data/deterministic/elevator/domain.pddl --problem data/deterministic/elevator/p-029.pddl --formula served_p0 & served_p1 & served_p2 & served_p3 & served_p4 & served_p5 --working-dir results/experiment-2-2021-12-14T23:47:54.512044/p4p-fd-ff/p-029 --algorithm astar --heuristic ff
p-030	success	  0.655811	  0.005800	  0.930144	30	/home/francesco/Projects/planning-for-past-temporal-goals/bin/plan4past -t fd --domain data/deterministic/elevator/domain.pddl --problem data/deterministic/elevator/p-030.pddl --formula served_p0 & served_p1 & served_p2 & served_p3 & served_p4 & served_p5 --working-dir results/experiment-2-2021-12-14T23:47:54.512044/p4p-fd-ff/p-030 --algorithm astar --heuristic ff
p-031	success	  0.669764	  0.005474	  0.973385	33	/home/francesco/Projects/planning-for-past-temporal-goals/bin/plan4past -t fd --domain data/deterministic/elevator/domain.pddl --problem data/deterministic/elevator/p-031.pddl --formula served_p0 & served_p1 & served_p2 & served_p3 & served_p4 & served_p5 & served_p6 --working-dir results/experiment-2-2021-12-14T23:47:54.512044/p4p-fd-ff/p-031 --algorithm astar --heuristic ff
p-032	success	  0.673179	  0.006448	  0.945971	50	/home/francesco/Projects/planning-for-past-temporal-goals/bin/plan4past -t fd --domain data/deterministic/elevator/domain.pddl --problem data/deterministic/elevator/p-032.pddl --formula served_p0 & served_p1 & served_p2 & served_p3 & served_p4 & served_p5 & served_p6 --working-dir results/experiment-2-2021-12-14T23:47:54.512044/p4p-fd-ff/p-032 --algorithm astar --heuristic ff
p-033	success	  0.658401	  0.006395	  0.949956	24	/home/francesco/Projects/planning-for-past-temporal-goals/bin/plan4past -t fd --domain data/deterministic/elevator/domain.pddl --problem data/deterministic/elevator/p-033.pddl --formula served_p0 & served_p1 & served_p2 & served_p3 & served_p4 & served_p5 & served_p6 --working-dir results/experiment-2-2021-12-14T23:47:54.512044/p4p-fd-ff/p-033 --algorithm astar --heuristic ff
p-034	success	  0.690793	  0.006638	  0.980755	34	/home/francesco/Projects/planning-for-past-temporal-goals/bin/plan4past -t fd --domain data/deterministic/elevator/domain.pddl --problem data/deterministic/elevator/p-034.pddl --formula served_p0 & served_p1 & served_p2 & served_p3 & served_p4 & served_p5 & served_p6 --working-dir results/experiment-2-2021-12-14T23:47:54.512044/p4p-fd-ff/p-034 --algorithm astar --heuristic ff
p-035	success	  0.678490	  0.005741	  0.972487	46	/home/francesco/Projects/planning-for-past-temporal-goals/bin/plan4past -t fd --domain data/deterministic/elevator/domain.pddl --problem data/deterministic/elevator/p-035.pddl --formula served_p0 & served_p1 & served_p2 & served_p3 & served_p4 & served_p5 & served_p6 --working-dir results/experiment-2-2021-12-14T23:47:54.512044/p4p-fd-ff/p-035 --algorithm astar --heuristic ff
p-036	success	  0.674228	  0.006856	  0.955145	39	/home/francesco/Projects/planning-for-past-temporal-goals/bin/plan4past -t fd --domain data/deterministic/elevator/domain.pddl --problem data/deterministic/elevator/p-036.pddl --formula served_p0 & served_p1 & served_p2 & served_p3 & served_p4 & served_p5 & served_p6 & served_p7 --working-dir results/experiment-2-2021-12-14T23:47:54.512044/p4p-fd-ff/p-036 --algorithm astar --heuristic ff
p-037	success	  0.682363	  0.034414	  1.032709	556	/home/francesco/Projects/planning-for-past-temporal-goals/bin/plan4past -t fd --domain data/deterministic/elevator/domain.pddl --problem data/deterministic/elevator/p-037.pddl --formula served_p0 & served_p1 & served_p2 & served_p3 & served_p4 & served_p5 & served_p6 & served_p7 --working-dir results/experiment-2-2021-12-14T23:47:54.512044/p4p-fd-ff/p-037 --algorithm astar --heuristic ff
p-038	success	  0.670514	  0.007879	  0.990626	56	/home/francesco/Projects/planning-for-past-temporal-goals/bin/plan4past -t fd --domain data/deterministic/elevator/domain.pddl --problem data/deterministic/elevator/p-038.pddl --formula served_p0 & served_p1 & served_p2 & served_p3 & served_p4 & served_p5 & served_p6 & served_p7 --working-dir results/experiment-2-2021-12-14T23:47:54.512044/p4p-fd-ff/p-038 --algorithm astar --heuristic ff
p-039	success	  0.681670	  0.008040	  0.965879	50	/home/francesco/Projects/planning-for-past-temporal-goals/bin/plan4past -t fd --domain data/deterministic/elevator/domain.pddl --problem data/deterministic/elevator/p-039.pddl --formula served_p0 & served_p1 & served_p2 & served_p3 & served_p4 & served_p5 & served_p6 & served_p7 --working-dir results/experiment-2-2021-12-14T23:47:54.512044/p4p-fd-ff/p-039 --algorithm astar --heuristic ff
p-040	success	  0.658177	  0.007299	  0.960369	45	/home/francesco/Projects/planning-for-past-temporal-goals/bin/plan4past -t fd --domain data/deterministic/elevator/domain.pddl --problem data/deterministic/elevator/p-040.pddl --formula served_p0 & served_p1 & served_p2 & served_p3 & served_p4 & served_p5 & served_p6 & served_p7 --working-dir results/experiment-2-2021-12-14T23:47:54.512044/p4p-fd-ff/p-040 --algorithm astar --heuristic ff
p-041	success	  0.658935	  0.012167	  0.933998	62	/home/francesco/Projects/planning-for-past-temporal-goals/bin/plan4past -t fd --domain data/deterministic/elevator/domain.pddl --problem data/deterministic/elevator/p-041.pddl --formula served_p0 & served_p1 & served_p2 & served_p3 & served_p4 & served_p5 & served_p6 & served_p7 & served_p8 --working-dir results/experiment-2-2021-12-14T23:47:54.512044/p4p-fd-ff/p-041 --algorithm astar --heuristic ff
p-042	success	  0.688615	  0.008764	  0.980455	67	/home/francesco/Projects/planning-for-past-temporal-goals/bin/plan4past -t fd --domain data/deterministic/elevator/domain.pddl --problem data/deterministic/elevator/p-042.pddl --formula served_p0 & served_p1 & served_p2 & served_p3 & served_p4 & served_p5 & served_p6 & served_p7 & served_p8 --working-dir results/experiment-2-2021-12-14T23:47:54.512044/p4p-fd-ff/p-042 --algorithm astar --heuristic ff
p-043	success	  0.677459	  0.009036	  1.000623	58	/home/francesco/Projects/planning-for-past-temporal-goals/bin/plan4past -t fd --domain data/deterministic/elevator/domain.pddl --problem data/deterministic/elevator/p-043.pddl --formula served_p0 & served_p1 & served_p2 & served_p3 & served_p4 & served_p5 & served_p6 & served_p7 & served_p8 --working-dir results/experiment-2-2021-12-14T23:47:54.512044/p4p-fd-ff/p-043 --algorithm astar --heuristic ff
p-044	success	  0.683691	  0.008082	  1.015420	37	/home/francesco/Projects/planning-for-past-temporal-goals/bin/plan4past -t fd --domain data/deterministic/elevator/domain.pddl --problem data/deterministic/elevator/p-044.pddl --formula served_p0 & served_p1 & served_p2 & served_p3 & served_p4 & served_p5 & served_p6 & served_p7 & served_p8 --working-dir results/experiment-2-2021-12-14T23:47:54.512044/p4p-fd-ff/p-044 --algorithm astar --heuristic ff
p-045	success	  0.682117	  0.050307	  1.022685	478	/home/francesco/Projects/planning-for-past-temporal-goals/bin/plan4past -t fd --domain data/deterministic/elevator/domain.pddl --problem data/deterministic/elevator/p-045.pddl --formula served_p0 & served_p1 & served_p2 & served_p3 & served_p4 & served_p5 & served_p6 & served_p7 & served_p8 --working-dir results/experiment-2-2021-12-14T23:47:54.512044/p4p-fd-ff/p-045 --algorithm astar --heuristic ff
p-046	success	  0.683046	  0.010522	  0.999702	58	/home/francesco/Projects/planning-for-past-temporal-goals/bin/plan4past -t fd --domain data/deterministic/elevator/domain.pddl --problem data/deterministic/elevator/p-046.pddl --formula served_p0 & served_p1 & served_p2 & served_p3 & served_p4 & served_p5 & served_p6 & served_p7 & served_p8 & served_p9 --working-dir results/experiment-2-2021-12-14T23:47:54.512044/p4p-fd-ff/p-046 --algorithm astar --heuristic ff
p-047	success	  0.695887	  0.011556	  0.993169	65	/home/francesco/Projects/planning-for-past-temporal-goals/bin/plan4past -t fd --domain data/deterministic/elevator/domain.pddl --problem data/deterministic/elevator/p-047.pddl --formula served_p0 & served_p1 & served_p2 & served_p3 & served_p4 & served_p5 & served_p6 & served_p7 & served_p8 & served_p9 --working-dir results/experiment-2-2021-12-14T23:47:54.512044/p4p-fd-ff/p-047 --algorithm astar --heuristic ff
p-048	success	  0.693984	  0.012443	  1.006279	75	/home/francesco/Projects/planning-for-past-temporal-goals/bin/plan4past -t fd --domain data/deterministic/elevator/domain.pddl --problem data/deterministic/elevator/p-048.pddl --formula served_p0 & served_p1 & served_p2 & served_p3 & served_p4 & served_p5 & served_p6 & served_p7 & served_p8 & served_p9 --working-dir results/experiment-2-2021-12-14T23:47:54.512044/p4p-fd-ff/p-048 --algorithm astar --heuristic ff
p-049	success	  0.686796	  0.009915	  1.013378	53	/home/francesco/Projects/planning-for-past-temporal-goals/bin/plan4past -t fd --domain data/deterministic/elevator/domain.pddl --problem data/deterministic/elevator/p-049.pddl --formula served_p0 & served_p1 & served_p2 & served_p3 & served_p4 & served_p5 & served_p6 & served_p7 & served_p8 & served_p9 --working-dir results/experiment-2-2021-12-14T23:47:54.512044/p4p-fd-ff/p-049 --algorithm astar --heuristic ff
p-050	success	  0.657547	  0.009673	  0.997583	45	/home/francesco/Projects/planning-for-past-temporal-goals/bin/plan4past -t fd --domain data/deterministic/elevator/domain.pddl --problem data/deterministic/elevator/p-050.pddl --formula served_p0 & served_p1 & served_p2 & served_p3 & served_p4 & served_p5 & served_p6 & served_p7 & served_p8 & served_p9 --working-dir results/experiment-2-2021-12-14T23:47:54.512044/p4p-fd-ff/p-050 --algorithm astar --heuristic ff
p-051	success	  0.696676	  0.013027	  1.033557	79	/home/francesco/Projects/planning-for-past-temporal-goals/bin/plan4past -t fd --domain data/deterministic/elevator/domain.pddl --problem data/deterministic/elevator/p-051.pddl --formula served_p0 & served_p1 & served_p2 & served_p3 & served_p4 & served_p5 & served_p6 & served_p7 & served_p8 & served_p9 & served_p10 --working-dir results/experiment-2-2021-12-14T23:47:54.512044/p4p-fd-ff/p-051 --algorithm astar --heuristic ff
p-052	success	  0.700824	  0.022117	  1.131494	58	/home/francesco/Projects/planning-for-past-temporal-goals/bin/plan4past -t fd --domain data/deterministic/elevator/domain.pddl --problem data/deterministic/elevator/p-052.pddl --formula served_p0 & served_p1 & served_p2 & served_p3 & served_p4 & served_p5 & served_p6 & served_p7 & served_p8 & served_p9 & served_p10 --working-dir results/experiment-2-2021-12-14T23:47:54.512044/p4p-fd-ff/p-052 --algorithm astar --heuristic ff
p-053	success	  0.776906	  0.014640	  1.103123	96	/home/francesco/Projects/planning-for-past-temporal-goals/bin/plan4past -t fd --domain data/deterministic/elevator/domain.pddl --problem data/deterministic/elevator/p-053.pddl --formula served_p0 & served_p1 & served_p2 & served_p3 & served_p4 & served_p5 & served_p6 & served_p7 & served_p8 & served_p9 & served_p10 --working-dir results/experiment-2-2021-12-14T23:47:54.512044/p4p-fd-ff/p-053 --algorithm astar --heuristic ff
p-054	success	  0.671669	  1.459190	  2.430319	18048	/home/francesco/Projects/planning-for-past-temporal-goals/bin/plan4past -t fd --domain data/deterministic/elevator/domain.pddl --problem data/deterministic/elevator/p-054.pddl --formula served_p0 & served_p1 & served_p2 & served_p3 & served_p4 & served_p5 & served_p6 & served_p7 & served_p8 & served_p9 & served_p10 --working-dir results/experiment-2-2021-12-14T23:47:54.512044/p4p-fd-ff/p-054 --algorithm astar --heuristic ff
p-055	success	  0.671645	  0.013391	  0.974555	77	/home/francesco/Projects/planning-for-past-temporal-goals/bin/plan4past -t fd --domain data/deterministic/elevator/domain.pddl --problem data/deterministic/elevator/p-055.pddl --formula served_p0 & served_p1 & served_p2 & served_p3 & served_p4 & served_p5 & served_p6 & served_p7 & served_p8 & served_p9 & served_p10 --working-dir results/experiment-2-2021-12-14T23:47:54.512044/p4p-fd-ff/p-055 --algorithm astar --heuristic ff
p-056	success	  0.690307	  0.013674	  1.020537	55	/home/francesco/Projects/planning-for-past-temporal-goals/bin/plan4past -t fd --domain data/deterministic/elevator/domain.pddl --problem data/deterministic/elevator/p-056.pddl --formula served_p0 & served_p1 & served_p2 & served_p3 & served_p4 & served_p5 & served_p6 & served_p7 & served_p8 & served_p9 & served_p10 & served_p11 --working-dir results/experiment-2-2021-12-14T23:47:54.512044/p4p-fd-ff/p-056 --algorithm astar --heuristic ff
p-057	success	  0.671847	  0.017146	  1.011650	86	/home/francesco/Projects/planning-for-past-temporal-goals/bin/plan4past -t fd --domain data/deterministic/elevator/domain.pddl --problem data/deterministic/elevator/p-057.pddl --formula served_p0 & served_p1 & served_p2 & served_p3 & served_p4 & served_p5 & served_p6 & served_p7 & served_p8 & served_p9 & served_p10 & served_p11 --working-dir results/experiment-2-2021-12-14T23:47:54.512044/p4p-fd-ff/p-057 --algorithm astar --heuristic ff
p-058	success	  0.675992	  0.018711	  1.020299	103	/home/francesco/Projects/planning-for-past-temporal-goals/bin/plan4past -t fd --domain data/deterministic/elevator/domain.pddl --problem data/deterministic/elevator/p-058.pddl --formula served_p0 & served_p1 & served_p2 & served_p3 & served_p4 & served_p5 & served_p6 & served_p7 & served_p8 & served_p9 & served_p10 & served_p11 --working-dir results/experiment-2-2021-12-14T23:47:54.512044/p4p-fd-ff/p-058 --algorithm astar --heuristic ff
p-059	success	  0.682466	  0.016872	  1.032056	81	/home/francesco/Projects/planning-for-past-temporal-goals/bin/plan4past -t fd --domain data/deterministic/elevator/domain.pddl --problem data/deterministic/elevator/p-059.pddl --formula served_p0 & served_p1 & served_p2 & served_p3 & served_p4 & served_p5 & served_p6 & served_p7 & served_p8 & served_p9 & served_p10 & served_p11 --working-dir results/experiment-2-2021-12-14T23:47:54.512044/p4p-fd-ff/p-059 --algorithm astar --heuristic ff
p-060	success	  0.660389	  0.013521	  0.985195	62	/home/francesco/Projects/planning-for-past-temporal-goals/bin/plan4past -t fd --domain data/deterministic/elevator/domain.pddl --problem data/deterministic/elevator/p-060.pddl --formula served_p0 & served_p1 & served_p2 & served_p3 & served_p4 & served_p5 & served_p6 & served_p7 & served_p8 & served_p9 & served_p10 & served_p11 --working-dir results/experiment-2-2021-12-14T23:47:54.512044/p4p-fd-ff/p-060 --algorithm astar --heuristic ff
p-061	success	  0.711853	  0.017853	  1.043306	80	/home/francesco/Projects/planning-for-past-temporal-goals/bin/plan4past -t fd --domain data/deterministic/elevator/domain.pddl --problem data/deterministic/elevator/p-061.pddl --formula served_p0 & served_p1 & served_p2 & served_p3 & served_p4 & served_p5 & served_p6 & served_p7 & served_p8 & served_p9 & served_p10 & served_p11 & served_p12 --working-dir results/experiment-2-2021-12-14T23:47:54.512044/p4p-fd-ff/p-061 --algorithm astar --heuristic ff
p-062	success	  0.686850	  3.331000	  4.391077	19829	/home/francesco/Projects/planning-for-past-temporal-goals/bin/plan4past -t fd --domain data/deterministic/elevator/domain.pddl --problem data/deterministic/elevator/p-062.pddl --formula served_p0 & served_p1 & served_p2 & served_p3 & served_p4 & served_p5 & served_p6 & served_p7 & served_p8 & served_p9 & served_p10 & served_p11 & served_p12 --working-dir results/experiment-2-2021-12-14T23:47:54.512044/p4p-fd-ff/p-062 --algorithm astar --heuristic ff
p-063	success	  0.732370	  0.019280	  1.126195	118	/home/francesco/Projects/planning-for-past-temporal-goals/bin/plan4past -t fd --domain data/deterministic/elevator/domain.pddl --problem data/deterministic/elevator/p-063.pddl --formula served_p0 & served_p1 & served_p2 & served_p3 & served_p4 & served_p5 & served_p6 & served_p7 & served_p8 & served_p9 & served_p10 & served_p11 & served_p12 --working-dir results/experiment-2-2021-12-14T23:47:54.512044/p4p-fd-ff/p-063 --algorithm astar --heuristic ff
p-064	success	  0.698525	  0.016244	  1.033678	75	/home/francesco/Projects/planning-for-past-temporal-goals/bin/plan4past -t fd --domain data/deterministic/elevator/domain.pddl --problem data/deterministic/elevator/p-064.pddl --formula served_p0 & served_p1 & served_p2 & served_p3 & served_p4 & served_p5 & served_p6 & served_p7 & served_p8 & served_p9 & served_p10 & served_p11 & served_p12 --working-dir results/experiment-2-2021-12-14T23:47:54.512044/p4p-fd-ff/p-064 --algorithm astar --heuristic ff
p-065	success	  0.685474	  0.018921	  1.046705	75	/home/francesco/Projects/planning-for-past-temporal-goals/bin/plan4past -t fd --domain data/deterministic/elevator/domain.pddl --problem data/deterministic/elevator/p-065.pddl --formula served_p0 & served_p1 & served_p2 & served_p3 & served_p4 & served_p5 & served_p6 & served_p7 & served_p8 & served_p9 & served_p10 & served_p11 & served_p12 --working-dir results/experiment-2-2021-12-14T23:47:54.512044/p4p-fd-ff/p-065 --algorithm astar --heuristic ff
p-066	success	  0.682756	  0.019763	  1.012778	71	/home/francesco/Projects/planning-for-past-temporal-goals/bin/plan4past -t fd --domain data/deterministic/elevator/domain.pddl --problem data/deterministic/elevator/p-066.pddl --formula served_p0 & served_p1 & served_p2 & served_p3 & served_p4 & served_p5 & served_p6 & served_p7 & served_p8 & served_p9 & served_p10 & served_p11 & served_p12 & served_p13 --working-dir results/experiment-2-2021-12-14T23:47:54.512044/p4p-fd-ff/p-066 --algorithm astar --heuristic ff
p-067	success	  0.743093	  0.023680	  1.179981	84	/home/francesco/Projects/planning-for-past-temporal-goals/bin/plan4past -t fd --domain data/deterministic/elevator/domain.pddl --problem data/deterministic/elevator/p-067.pddl --formula served_p0 & served_p1 & served_p2 & served_p3 & served_p4 & served_p5 & served_p6 & served_p7 & served_p8 & served_p9 & served_p10 & served_p11 & served_p12 & served_p13 --working-dir results/experiment-2-2021-12-14T23:47:54.512044/p4p-fd-ff/p-067 --algorithm astar --heuristic ff
p-068	success	  0.703552	  0.033788	  1.081388	128	/home/francesco/Projects/planning-for-past-temporal-goals/bin/plan4past -t fd --domain data/deterministic/elevator/domain.pddl --problem data/deterministic/elevator/p-068.pddl --formula served_p0 & served_p1 & served_p2 & served_p3 & served_p4 & served_p5 & served_p6 & served_p7 & served_p8 & served_p9 & served_p10 & served_p11 & served_p12 & served_p13 --working-dir results/experiment-2-2021-12-14T23:47:54.512044/p4p-fd-ff/p-068 --algorithm astar --heuristic ff
p-069	success	  0.703120	  0.026558	  1.074887	102	/home/francesco/Projects/planning-for-past-temporal-goals/bin/plan4past -t fd --domain data/deterministic/elevator/domain.pddl --problem data/deterministic/elevator/p-069.pddl --formula served_p0 & served_p1 & served_p2 & served_p3 & served_p4 & served_p5 & served_p6 & served_p7 & served_p8 & served_p9 & served_p10 & served_p11 & served_p12 & served_p13 --working-dir results/experiment-2-2021-12-14T23:47:54.512044/p4p-fd-ff/p-069 --algorithm astar --heuristic ff
p-070	success	  0.678969	  0.030188	  1.052546	119	/home/francesco/Projects/planning-for-past-temporal-goals/bin/plan4past -t fd --domain data/deterministic/elevator/domain.pddl --problem data/deterministic/elevator/p-070.pddl --formula served_p0 & served_p1 & served_p2 & served_p3 & served_p4 & served_p5 & served_p6 & served_p7 & served_p8 & served_p9 & served_p10 & served_p11 & served_p12 & served_p13 --working-dir results/experiment-2-2021-12-14T23:47:54.512044/p4p-fd-ff/p-070 --algorithm astar --heuristic ff
p-071	success	  0.693102	  0.030857	  1.098344	110	/home/francesco/Projects/planning-for-past-temporal-goals/bin/plan4past -t fd --domain data/deterministic/elevator/domain.pddl --problem data/deterministic/elevator/p-071.pddl --formula served_p0 & served_p1 & served_p2 & served_p3 & served_p4 & served_p5 & served_p6 & served_p7 & served_p8 & served_p9 & served_p10 & served_p11 & served_p12 & served_p13 & served_p14 --working-dir results/experiment-2-2021-12-14T23:47:54.512044/p4p-fd-ff/p-071 --algorithm astar --heuristic ff
p-072	success	  0.795550	  0.052703	  1.262228	184	/home/francesco/Projects/planning-for-past-temporal-goals/bin/plan4past -t fd --domain data/deterministic/elevator/domain.pddl --problem data/deterministic/elevator/p-072.pddl --formula served_p0 & served_p1 & served_p2 & served_p3 & served_p4 & served_p5 & served_p6 & served_p7 & served_p8 & served_p9 & served_p10 & served_p11 & served_p12 & served_p13 & served_p14 --working-dir results/experiment-2-2021-12-14T23:47:54.512044/p4p-fd-ff/p-072 --algorithm astar --heuristic ff
p-073	success	  0.692043	  0.040416	  1.100423	155	/home/francesco/Projects/planning-for-past-temporal-goals/bin/plan4past -t fd --domain data/deterministic/elevator/domain.pddl --problem data/deterministic/elevator/p-073.pddl --formula served_p0 & served_p1 & served_p2 & served_p3 & served_p4 & served_p5 & served_p6 & served_p7 & served_p8 & served_p9 & served_p10 & served_p11 & served_p12 & served_p13 & served_p14 --working-dir results/experiment-2-2021-12-14T23:47:54.512044/p4p-fd-ff/p-073 --algorithm astar --heuristic ff
p-074	success	  0.697833	  0.044527	  1.125934	168	/home/francesco/Projects/planning-for-past-temporal-goals/bin/plan4past -t fd --domain data/deterministic/elevator/domain.pddl --problem data/deterministic/elevator/p-074.pddl --formula served_p0 & served_p1 & served_p2 & served_p3 & served_p4 & served_p5 & served_p6 & served_p7 & served_p8 & served_p9 & served_p10 & served_p11 & served_p12 & served_p13 & served_p14 --working-dir results/experiment-2-2021-12-14T23:47:54.512044/p4p-fd-ff/p-074 --algorithm astar --heuristic ff
p-075	success	  0.697033	  0.044229	  1.123099	157	/home/francesco/Projects/planning-for-past-temporal-goals/bin/plan4past -t fd --domain data/deterministic/elevator/domain.pddl --problem data/deterministic/elevator/p-075.pddl --formula served_p0 & served_p1 & served_p2 & served_p3 & served_p4 & served_p5 & served_p6 & served_p7 & served_p8 & served_p9 & served_p10 & served_p11 & served_p12 & served_p13 & served_p14 --working-dir results/experiment-2-2021-12-14T23:47:54.512044/p4p-fd-ff/p-075 --algorithm astar --heuristic ff
p-076	success	  0.714684	  0.031732	  1.143226	112	/home/francesco/Projects/planning-for-past-temporal-goals/bin/plan4past -t fd --domain data/deterministic/elevator/domain.pddl --problem data/deterministic/elevator/p-076.pddl --formula served_p0 & served_p1 & served_p2 & served_p3 & served_p4 & served_p5 & served_p6 & served_p7 & served_p8 & served_p9 & served_p10 & served_p11 & served_p12 & served_p13 & served_p14 & served_p15 --working-dir results/experiment-2-2021-12-14T23:47:54.512044/p4p-fd-ff/p-076 --algorithm astar --heuristic ff
p-077	success	  0.693818	  0.031447	  1.094908	112	/home/francesco/Projects/planning-for-past-temporal-goals/bin/plan4past -t fd --domain data/deterministic/elevator/domain.pddl --problem data/deterministic/elevator/p-077.pddl --formula served_p0 & served_p1 & served_p2 & served_p3 & served_p4 & served_p5 & served_p6 & served_p7 & served_p8 & served_p9 & served_p10 & served_p11 & served_p12 & served_p13 & served_p14 & served_p15 --working-dir results/experiment-2-2021-12-14T23:47:54.512044/p4p-fd-ff/p-077 --algorithm astar --heuristic ff
p-078	success	  0.701374	  0.041219	  1.105767	137	/home/francesco/Projects/planning-for-past-temporal-goals/bin/plan4past -t fd --domain data/deterministic/elevator/domain.pddl --problem data/deterministic/elevator/p-078.pddl --formula served_p0 & served_p1 & served_p2 & served_p3 & served_p4 & served_p5 & served_p6 & served_p7 & served_p8 & served_p9 & served_p10 & served_p11 & served_p12 & served_p13 & served_p14 & served_p15 --working-dir results/experiment-2-2021-12-14T23:47:54.512044/p4p-fd-ff/p-078 --algorithm astar --heuristic ff
p-079	success	  0.685317	  0.071452	  1.149382	212	/home/francesco/Projects/planning-for-past-temporal-goals/bin/plan4past -t fd --domain data/deterministic/elevator/domain.pddl --problem data/deterministic/elevator/p-079.pddl --formula served_p0 & served_p1 & served_p2 & served_p3 & served_p4 & served_p5 & served_p6 & served_p7 & served_p8 & served_p9 & served_p10 & served_p11 & served_p12 & served_p13 & served_p14 & served_p15 --working-dir results/experiment-2-2021-12-14T23:47:54.512044/p4p-fd-ff/p-079 --algorithm astar --heuristic ff
p-080	success	  0.677236	  0.040252	  1.117074	138	/home/francesco/Projects/planning-for-past-temporal-goals/bin/plan4past -t fd --domain data/deterministic/elevator/domain.pddl --problem data/deterministic/elevator/p-080.pddl --formula served_p0 & served_p1 & served_p2 & served_p3 & served_p4 & served_p5 & served_p6 & served_p7 & served_p8 & served_p9 & served_p10 & served_p11 & served_p12 & served_p13 & served_p14 & served_p15 --working-dir results/experiment-2-2021-12-14T23:47:54.512044/p4p-fd-ff/p-080 --algorithm astar --heuristic ff
p-081	success	  0.712747	  0.060385	  1.187616	168	/home/francesco/Projects/planning-for-past-temporal-goals/bin/plan4past -t fd --domain data/deterministic/elevator/domain.pddl --problem data/deterministic/elevator/p-081.pddl --formula served_p0 & served_p1 & served_p2 & served_p3 & served_p4 & served_p5 & served_p6 & served_p7 & served_p8 & served_p9 & served_p10 & served_p11 & served_p12 & served_p13 & served_p14 & served_p15 & served_p16 --working-dir results/experiment-2-2021-12-14T23:47:54.512044/p4p-fd-ff/p-081 --algorithm astar --heuristic ff
p-082	success	  0.692373	  0.069734	  1.167533	175	/home/francesco/Projects/planning-for-past-temporal-goals/bin/plan4past -t fd --domain data/deterministic/elevator/domain.pddl --problem data/deterministic/elevator/p-082.pddl --formula served_p0 & served_p1 & served_p2 & served_p3 & served_p4 & served_p5 & served_p6 & served_p7 & served_p8 & served_p9 & served_p10 & served_p11 & served_p12 & served_p13 & served_p14 & served_p15 & served_p16 --working-dir results/experiment-2-2021-12-14T23:47:54.512044/p4p-fd-ff/p-082 --algorithm astar --heuristic ff
p-083	success	  0.705216	  0.061053	  1.168111	180	/home/francesco/Projects/planning-for-past-temporal-goals/bin/plan4past -t fd --domain data/deterministic/elevator/domain.pddl --problem data/deterministic/elevator/p-083.pddl --formula served_p0 & served_p1 & served_p2 & served_p3 & served_p4 & served_p5 & served_p6 & served_p7 & served_p8 & served_p9 & served_p10 & served_p11 & served_p12 & served_p13 & served_p14 & served_p15 & served_p16 --working-dir results/experiment-2-2021-12-14T23:47:54.512044/p4p-fd-ff/p-083 --algorithm astar --heuristic ff
p-084	success	  0.697236	  0.031958	  1.132053	116	/home/francesco/Projects/planning-for-past-temporal-goals/bin/plan4past -t fd --domain data/deterministic/elevator/domain.pddl --problem data/deterministic/elevator/p-084.pddl --formula served_p0 & served_p1 & served_p2 & served_p3 & served_p4 & served_p5 & served_p6 & served_p7 & served_p8 & served_p9 & served_p10 & served_p11 & served_p12 & served_p13 & served_p14 & served_p15 & served_p16 --working-dir results/experiment-2-2021-12-14T23:47:54.512044/p4p-fd-ff/p-084 --algorithm astar --heuristic ff
p-085	success	  0.706514	 23.334000	 24.429813	86653	/home/francesco/Projects/planning-for-past-temporal-goals/bin/plan4past -t fd --domain data/deterministic/elevator/domain.pddl --problem data/deterministic/elevator/p-085.pddl --formula served_p0 & served_p1 & served_p2 & served_p3 & served_p4 & served_p5 & served_p6 & served_p7 & served_p8 & served_p9 & served_p10 & served_p11 & served_p12 & served_p13 & served_p14 & served_p15 & served_p16 --working-dir results/experiment-2-2021-12-14T23:47:54.512044/p4p-fd-ff/p-085 --algorithm astar --heuristic ff
p-086	success	  0.691460	  0.073379	  1.201256	183	/home/francesco/Projects/planning-for-past-temporal-goals/bin/plan4past -t fd --domain data/deterministic/elevator/domain.pddl --problem data/deterministic/elevator/p-086.pddl --formula served_p0 & served_p1 & served_p2 & served_p3 & served_p4 & served_p5 & served_p6 & served_p7 & served_p8 & served_p9 & served_p10 & served_p11 & served_p12 & served_p13 & served_p14 & served_p15 & served_p16 & served_p17 --working-dir results/experiment-2-2021-12-14T23:47:54.512044/p4p-fd-ff/p-086 --algorithm astar --heuristic ff
p-087	success	  0.734405	  0.083692	  1.273292	214	/home/francesco/Projects/planning-for-past-temporal-goals/bin/plan4past -t fd --domain data/deterministic/elevator/domain.pddl --problem data/deterministic/elevator/p-087.pddl --formula served_p0 & served_p1 & served_p2 & served_p3 & served_p4 & served_p5 & served_p6 & served_p7 & served_p8 & served_p9 & served_p10 & served_p11 & served_p12 & served_p13 & served_p14 & served_p15 & served_p16 & served_p17 --working-dir results/experiment-2-2021-12-14T23:47:54.512044/p4p-fd-ff/p-087 --algorithm astar --heuristic ff
p-088	success	  0.717091	  0.081969	  1.185170	188	/home/francesco/Projects/planning-for-past-temporal-goals/bin/plan4past -t fd --domain data/deterministic/elevator/domain.pddl --problem data/deterministic/elevator/p-088.pddl --formula served_p0 & served_p1 & served_p2 & served_p3 & served_p4 & served_p5 & served_p6 & served_p7 & served_p8 & served_p9 & served_p10 & served_p11 & served_p12 & served_p13 & served_p14 & served_p15 & served_p16 & served_p17 --working-dir results/experiment-2-2021-12-14T23:47:54.512044/p4p-fd-ff/p-088 --algorithm astar --heuristic ff
p-089	success	  0.711262	  0.059421	  1.182442	166	/home/francesco/Projects/planning-for-past-temporal-goals/bin/plan4past -t fd --domain data/deterministic/elevator/domain.pddl --problem data/deterministic/elevator/p-089.pddl --formula served_p0 & served_p1 & served_p2 & served_p3 & served_p4 & served_p5 & served_p6 & served_p7 & served_p8 & served_p9 & served_p10 & served_p11 & served_p12 & served_p13 & served_p14 & served_p15 & served_p16 & served_p17 --working-dir results/experiment-2-2021-12-14T23:47:54.512044/p4p-fd-ff/p-089 --algorithm astar --heuristic ff
p-090	success	  0.709577	  0.062888	  1.154535	145	/home/francesco/Projects/planning-for-past-temporal-goals/bin/plan4past -t fd --domain data/deterministic/elevator/domain.pddl --problem data/deterministic/elevator/p-090.pddl --formula served_p0 & served_p1 & served_p2 & served_p3 & served_p4 & served_p5 & served_p6 & served_p7 & served_p8 & served_p9 & served_p10 & served_p11 & served_p12 & served_p13 & served_p14 & served_p15 & served_p16 & served_p17 --working-dir results/experiment-2-2021-12-14T23:47:54.512044/p4p-fd-ff/p-090 --algorithm astar --heuristic ff
p-091	success	  0.721382	  0.074680	  1.206143	203	/home/francesco/Projects/planning-for-past-temporal-goals/bin/plan4past -t fd --domain data/deterministic/elevator/domain.pddl --problem data/deterministic/elevator/p-091.pddl --formula served_p0 & served_p1 & served_p2 & served_p3 & served_p4 & served_p5 & served_p6 & served_p7 & served_p8 & served_p9 & served_p10 & served_p11 & served_p12 & served_p13 & served_p14 & served_p15 & served_p16 & served_p17 & served_p18 --working-dir results/experiment-2-2021-12-14T23:47:54.512044/p4p-fd-ff/p-091 --algorithm astar --heuristic ff
p-092	success	  0.726896	  0.083296	  1.205008	217	/home/francesco/Projects/planning-for-past-temporal-goals/bin/plan4past -t fd --domain data/deterministic/elevator/domain.pddl --problem data/deterministic/elevator/p-092.pddl --formula served_p0 & served_p1 & served_p2 & served_p3 & served_p4 & served_p5 & served_p6 & served_p7 & served_p8 & served_p9 & served_p10 & served_p11 & served_p12 & served_p13 & served_p14 & served_p15 & served_p16 & served_p17 & served_p18 --working-dir results/experiment-2-2021-12-14T23:47:54.512044/p4p-fd-ff/p-092 --algorithm astar --heuristic ff
p-093	timeout	 -1.000000	 -1.000000	300.004295	None	/home/francesco/Projects/planning-for-past-temporal-goals/bin/plan4past -t fd --domain data/deterministic/elevator/domain.pddl --problem data/deterministic/elevator/p-093.pddl --formula served_p0 & served_p1 & served_p2 & served_p3 & served_p4 & served_p5 & served_p6 & served_p7 & served_p8 & served_p9 & served_p10 & served_p11 & served_p12 & served_p13 & served_p14 & served_p15 & served_p16 & served_p17 & served_p18 --working-dir results/experiment-2-2021-12-14T23:47:54.512044/p4p-fd-ff/p-093 --algorithm astar --heuristic ff
p-094	success	  0.745007	  0.075067	  1.223053	207	/home/francesco/Projects/planning-for-past-temporal-goals/bin/plan4past -t fd --domain data/deterministic/elevator/domain.pddl --problem data/deterministic/elevator/p-094.pddl --formula served_p0 & served_p1 & served_p2 & served_p3 & served_p4 & served_p5 & served_p6 & served_p7 & served_p8 & served_p9 & served_p10 & served_p11 & served_p12 & served_p13 & served_p14 & served_p15 & served_p16 & served_p17 & served_p18 --working-dir results/experiment-2-2021-12-14T23:47:54.512044/p4p-fd-ff/p-094 --algorithm astar --heuristic ff
p-095	success	  0.713004	  0.073767	  1.221727	161	/home/francesco/Projects/planning-for-past-temporal-goals/bin/plan4past -t fd --domain data/deterministic/elevator/domain.pddl --problem data/deterministic/elevator/p-095.pddl --formula served_p0 & served_p1 & served_p2 & served_p3 & served_p4 & served_p5 & served_p6 & served_p7 & served_p8 & served_p9 & served_p10 & served_p11 & served_p12 & served_p13 & served_p14 & served_p15 & served_p16 & served_p17 & served_p18 --working-dir results/experiment-2-2021-12-14T23:47:54.512044/p4p-fd-ff/p-095 --algorithm astar --heuristic ff
p-096	success	  0.736167	181.206000	182.532425	496091	/home/francesco/Projects/planning-for-past-temporal-goals/bin/plan4past -t fd --domain data/deterministic/elevator/domain.pddl --problem data/deterministic/elevator/p-096.pddl --formula served_p0 & served_p1 & served_p2 & served_p3 & served_p4 & served_p5 & served_p6 & served_p7 & served_p8 & served_p9 & served_p10 & served_p11 & served_p12 & served_p13 & served_p14 & served_p15 & served_p16 & served_p17 & served_p18 & served_p19 --working-dir results/experiment-2-2021-12-14T23:47:54.512044/p4p-fd-ff/p-096 --algorithm astar --heuristic ff
p-097	success	  0.744889	  0.061256	  1.267442	159	/home/francesco/Projects/planning-for-past-temporal-goals/bin/plan4past -t fd --domain data/deterministic/elevator/domain.pddl --problem data/deterministic/elevator/p-097.pddl --formula served_p0 & served_p1 & served_p2 & served_p3 & served_p4 & served_p5 & served_p6 & served_p7 & served_p8 & served_p9 & served_p10 & served_p11 & served_p12 & served_p13 & served_p14 & served_p15 & served_p16 & served_p17 & served_p18 & served_p19 --working-dir results/experiment-2-2021-12-14T23:47:54.512044/p4p-fd-ff/p-097 --algorithm astar --heuristic ff
p-098	success	  0.730349	  0.306143	  1.483091	482	/home/francesco/Projects/planning-for-past-temporal-goals/bin/plan4past -t fd --domain data/deterministic/elevator/domain.pddl --problem data/deterministic/elevator/p-098.pddl --formula served_p0 & served_p1 & served_p2 & served_p3 & served_p4 & served_p5 & served_p6 & served_p7 & served_p8 & served_p9 & served_p10 & served_p11 & served_p12 & served_p13 & served_p14 & served_p15 & served_p16 & served_p17 & served_p18 & served_p19 --working-dir results/experiment-2-2021-12-14T23:47:54.512044/p4p-fd-ff/p-098 --algorithm astar --heuristic ff
p-099	success	  0.727235	  0.139783	  1.306144	268	/home/francesco/Projects/planning-for-past-temporal-goals/bin/plan4past -t fd --domain data/deterministic/elevator/domain.pddl --problem data/deterministic/elevator/p-099.pddl --formula served_p0 & served_p1 & served_p2 & served_p3 & served_p4 & served_p5 & served_p6 & served_p7 & served_p8 & served_p9 & served_p10 & served_p11 & served_p12 & served_p13 & served_p14 & served_p15 & served_p16 & served_p17 & served_p18 & served_p19 --working-dir results/experiment-2-2021-12-14T23:47:54.512044/p4p-fd-ff/p-099 --algorithm astar --heuristic ff
p-100	success	  0.714834	  0.096607	  1.256110	194	/home/francesco/Projects/planning-for-past-temporal-goals/bin/plan4past -t fd --domain data/deterministic/elevator/domain.pddl --problem data/deterministic/elevator/p-100.pddl --formula served_p0 & served_p1 & served_p2 & served_p3 & served_p4 & served_p5 & served_p6 & served_p7 & served_p8 & served_p9 & served_p10 & served_p11 & served_p12 & served_p13 & served_p14 & served_p15 & served_p16 & served_p17 & served_p18 & served_p19 --working-dir results/experiment-2-2021-12-14T23:47:54.512044/p4p-fd-ff/p-100 --algorithm astar --heuristic ff
p-101	success	  0.757997	  0.149615	  1.398546	251	/home/francesco/Projects/planning-for-past-temporal-goals/bin/plan4past -t fd --domain data/deterministic/elevator/domain.pddl --problem data/deterministic/elevator/p-101.pddl --formula served_p0 & served_p1 & served_p2 & served_p3 & served_p4 & served_p5 & served_p6 & served_p7 & served_p8 & served_p9 & served_p10 & served_p11 & served_p12 & served_p13 & served_p14 & served_p15 & served_p16 & served_p17 & served_p18 & served_p19 & served_p20 --working-dir results/experiment-2-2021-12-14T23:47:54.512044/p4p-fd-ff/p-101 --algorithm astar --heuristic ff
p-102	success	  0.745729	  0.101494	  1.343496	209	/home/francesco/Projects/planning-for-past-temporal-goals/bin/plan4past -t fd --domain data/deterministic/elevator/domain.pddl --problem data/deterministic/elevator/p-102.pddl --formula served_p0 & served_p1 & served_p2 & served_p3 & served_p4 & served_p5 & served_p6 & served_p7 & served_p8 & served_p9 & served_p10 & served_p11 & served_p12 & served_p13 & served_p14 & served_p15 & served_p16 & served_p17 & served_p18 & served_p19 & served_p20 --working-dir results/experiment-2-2021-12-14T23:47:54.512044/p4p-fd-ff/p-102 --algorithm astar --heuristic ff
p-103	success	  0.772991	  0.072231	  1.335176	137	/home/francesco/Projects/planning-for-past-temporal-goals/bin/plan4past -t fd --domain data/deterministic/elevator/domain.pddl --problem data/deterministic/elevator/p-103.pddl --formula served_p0 & served_p1 & served_p2 & served_p3 & served_p4 & served_p5 & served_p6 & served_p7 & served_p8 & served_p9 & served_p10 & served_p11 & served_p12 & served_p13 & served_p14 & served_p15 & served_p16 & served_p17 & served_p18 & served_p19 & served_p20 --working-dir results/experiment-2-2021-12-14T23:47:54.512044/p4p-fd-ff/p-103 --algorithm astar --heuristic ff
p-104	success	  0.771688	  0.102926	  1.335142	197	/home/francesco/Projects/planning-for-past-temporal-goals/bin/plan4past -t fd --domain data/deterministic/elevator/domain.pddl --problem data/deterministic/elevator/p-104.pddl --formula served_p0 & served_p1 & served_p2 & served_p3 & served_p4 & served_p5 & served_p6 & served_p7 & served_p8 & served_p9 & served_p10 & served_p11 & served_p12 & served_p13 & served_p14 & served_p15 & served_p16 & served_p17 & served_p18 & served_p19 & served_p20 --working-dir results/experiment-2-2021-12-14T23:47:54.512044/p4p-fd-ff/p-104 --algorithm astar --heuristic ff
p-105	success	  0.788269	  0.089698	  1.335363	167	/home/francesco/Projects/planning-for-past-temporal-goals/bin/plan4past -t fd --domain data/deterministic/elevator/domain.pddl --problem data/deterministic/elevator/p-105.pddl --formula served_p0 & served_p1 & served_p2 & served_p3 & served_p4 & served_p5 & served_p6 & served_p7 & served_p8 & served_p9 & served_p10 & served_p11 & served_p12 & served_p13 & served_p14 & served_p15 & served_p16 & served_p17 & served_p18 & served_p19 & served_p20 --working-dir results/experiment-2-2021-12-14T23:47:54.512044/p4p-fd-ff/p-105 --algorithm astar --heuristic ff
p-106	success	  0.795007	  0.196921	  1.498879	339	/home/francesco/Projects/planning-for-past-temporal-goals/bin/plan4past -t fd --domain data/deterministic/elevator/domain.pddl --problem data/deterministic/elevator/p-106.pddl --formula served_p0 & served_p1 & served_p2 & served_p3 & served_p4 & served_p5 & served_p6 & served_p7 & served_p8 & served_p9 & served_p10 & served_p11 & served_p12 & served_p13 & served_p14 & served_p15 & served_p16 & served_p17 & served_p18 & served_p19 & served_p20 & served_p21 --working-dir results/experiment-2-2021-12-14T23:47:54.512044/p4p-fd-ff/p-106 --algorithm astar --heuristic ff
p-107	success	  0.748003	  0.174436	  1.405279	289	/home/francesco/Projects/planning-for-past-temporal-goals/bin/plan4past -t fd --domain data/deterministic/elevator/domain.pddl --problem data/deterministic/elevator/p-107.pddl --formula served_p0 & served_p1 & served_p2 & served_p3 & served_p4 & served_p5 & served_p6 & served_p7 & served_p8 & served_p9 & served_p10 & served_p11 & served_p12 & served_p13 & served_p14 & served_p15 & served_p16 & served_p17 & served_p18 & served_p19 & served_p20 & served_p21 --working-dir results/experiment-2-2021-12-14T23:47:54.512044/p4p-fd-ff/p-107 --algorithm astar --heuristic ff
p-108	success	  0.785792	  0.220215	  1.514210	357	/home/francesco/Projects/planning-for-past-temporal-goals/bin/plan4past -t fd --domain data/deterministic/elevator/domain.pddl --problem data/deterministic/elevator/p-108.pddl --formula served_p0 & served_p1 & served_p2 & served_p3 & served_p4 & served_p5 & served_p6 & served_p7 & served_p8 & served_p9 & served_p10 & served_p11 & served_p12 & served_p13 & served_p14 & served_p15 & served_p16 & served_p17 & served_p18 & served_p19 & served_p20 & served_p21 --working-dir results/experiment-2-2021-12-14T23:47:54.512044/p4p-fd-ff/p-108 --algorithm astar --heuristic ff
p-109	success	  0.762241	  0.087002	  1.372269	183	/home/francesco/Projects/planning-for-past-temporal-goals/bin/plan4past -t fd --domain data/deterministic/elevator/domain.pddl --problem data/deterministic/elevator/p-109.pddl --formula served_p0 & served_p1 & served_p2 & served_p3 & served_p4 & served_p5 & served_p6 & served_p7 & served_p8 & served_p9 & served_p10 & served_p11 & served_p12 & served_p13 & served_p14 & served_p15 & served_p16 & served_p17 & served_p18 & served_p19 & served_p20 & served_p21 --working-dir results/experiment-2-2021-12-14T23:47:54.512044/p4p-fd-ff/p-109 --algorithm astar --heuristic ff
p-110	success	  0.788375	  0.112338	  1.387493	188	/home/francesco/Projects/planning-for-past-temporal-goals/bin/plan4past -t fd --domain data/deterministic/elevator/domain.pddl --problem data/deterministic/elevator/p-110.pddl --formula served_p0 & served_p1 & served_p2 & served_p3 & served_p4 & served_p5 & served_p6 & served_p7 & served_p8 & served_p9 & served_p10 & served_p11 & served_p12 & served_p13 & served_p14 & served_p15 & served_p16 & served_p17 & served_p18 & served_p19 & served_p20 & served_p21 --working-dir results/experiment-2-2021-12-14T23:47:54.512044/p4p-fd-ff/p-110 --algorithm astar --heuristic ff
p-111	success	  0.807082	  0.150962	  1.504177	236	/home/francesco/Projects/planning-for-past-temporal-goals/bin/plan4past -t fd --domain data/deterministic/elevator/domain.pddl --problem data/deterministic/elevator/p-111.pddl --formula served_p0 & served_p1 & served_p2 & served_p3 & served_p4 & served_p5 & served_p6 & served_p7 & served_p8 & served_p9 & served_p10 & served_p11 & served_p12 & served_p13 & served_p14 & served_p15 & served_p16 & served_p17 & served_p18 & served_p19 & served_p20 & served_p21 & served_p22 --working-dir results/experiment-2-2021-12-14T23:47:54.512044/p4p-fd-ff/p-111 --algorithm astar --heuristic ff
p-112	timeout	 -1.000000	 -1.000000	300.005280	None	/home/francesco/Projects/planning-for-past-temporal-goals/bin/plan4past -t fd --domain data/deterministic/elevator/domain.pddl --problem data/deterministic/elevator/p-112.pddl --formula served_p0 & served_p1 & served_p2 & served_p3 & served_p4 & served_p5 & served_p6 & served_p7 & served_p8 & served_p9 & served_p10 & served_p11 & served_p12 & served_p13 & served_p14 & served_p15 & served_p16 & served_p17 & served_p18 & served_p19 & served_p20 & served_p21 & served_p22 --working-dir results/experiment-2-2021-12-14T23:47:54.512044/p4p-fd-ff/p-112 --algorithm astar --heuristic ff
p-113	success	  0.805027	  0.170341	  1.512151	245	/home/francesco/Projects/planning-for-past-temporal-goals/bin/plan4past -t fd --domain data/deterministic/elevator/domain.pddl --problem data/deterministic/elevator/p-113.pddl --formula served_p0 & served_p1 & served_p2 & served_p3 & served_p4 & served_p5 & served_p6 & served_p7 & served_p8 & served_p9 & served_p10 & served_p11 & served_p12 & served_p13 & served_p14 & served_p15 & served_p16 & served_p17 & served_p18 & served_p19 & served_p20 & served_p21 & served_p22 --working-dir results/experiment-2-2021-12-14T23:47:54.512044/p4p-fd-ff/p-113 --algorithm astar --heuristic ff
p-114	timeout	 -1.000000	 -1.000000	300.003827	None	/home/francesco/Projects/planning-for-past-temporal-goals/bin/plan4past -t fd --domain data/deterministic/elevator/domain.pddl --problem data/deterministic/elevator/p-114.pddl --formula served_p0 & served_p1 & served_p2 & served_p3 & served_p4 & served_p5 & served_p6 & served_p7 & served_p8 & served_p9 & served_p10 & served_p11 & served_p12 & served_p13 & served_p14 & served_p15 & served_p16 & served_p17 & served_p18 & served_p19 & served_p20 & served_p21 & served_p22 --working-dir results/experiment-2-2021-12-14T23:47:54.512044/p4p-fd-ff/p-114 --algorithm astar --heuristic ff
p-115	success	  0.774579	  0.169985	  1.455844	246	/home/francesco/Projects/planning-for-past-temporal-goals/bin/plan4past -t fd --domain data/deterministic/elevator/domain.pddl --problem data/deterministic/elevator/p-115.pddl --formula served_p0 & served_p1 & served_p2 & served_p3 & served_p4 & served_p5 & served_p6 & served_p7 & served_p8 & served_p9 & served_p10 & served_p11 & served_p12 & served_p13 & served_p14 & served_p15 & served_p16 & served_p17 & served_p18 & served_p19 & served_p20 & served_p21 & served_p22 --working-dir results/experiment-2-2021-12-14T23:47:54.512044/p4p-fd-ff/p-115 --algorithm astar --heuristic ff
p-116	success	  0.796657	  0.187952	  1.514726	224	/home/francesco/Projects/planning-for-past-temporal-goals/bin/plan4past -t fd --domain data/deterministic/elevator/domain.pddl --problem data/deterministic/elevator/p-116.pddl --formula served_p0 & served_p1 & served_p2 & served_p3 & served_p4 & served_p5 & served_p6 & served_p7 & served_p8 & served_p9 & served_p10 & served_p11 & served_p12 & served_p13 & served_p14 & served_p15 & served_p16 & served_p17 & served_p18 & served_p19 & served_p20 & served_p21 & served_p22 & served_p23 --working-dir results/experiment-2-2021-12-14T23:47:54.512044/p4p-fd-ff/p-116 --algorithm astar --heuristic ff
p-117	success	  0.759247	  0.198838	  1.505039	290	/home/francesco/Projects/planning-for-past-temporal-goals/bin/plan4past -t fd --domain data/deterministic/elevator/domain.pddl --problem data/deterministic/elevator/p-117.pddl --formula served_p0 & served_p1 & served_p2 & served_p3 & served_p4 & served_p5 & served_p6 & served_p7 & served_p8 & served_p9 & served_p10 & served_p11 & served_p12 & served_p13 & served_p14 & served_p15 & served_p16 & served_p17 & served_p18 & served_p19 & served_p20 & served_p21 & served_p22 & served_p23 --working-dir results/experiment-2-2021-12-14T23:47:54.512044/p4p-fd-ff/p-117 --algorithm astar --heuristic ff
p-118	success	  0.823798	  0.205374	  1.589048	284	/home/francesco/Projects/planning-for-past-temporal-goals/bin/plan4past -t fd --domain data/deterministic/elevator/domain.pddl --problem data/deterministic/elevator/p-118.pddl --formula served_p0 & served_p1 & served_p2 & served_p3 & served_p4 & served_p5 & served_p6 & served_p7 & served_p8 & served_p9 & served_p10 & served_p11 & served_p12 & served_p13 & served_p14 & served_p15 & served_p16 & served_p17 & served_p18 & served_p19 & served_p20 & served_p21 & served_p22 & served_p23 --working-dir results/experiment-2-2021-12-14T23:47:54.512044/p4p-fd-ff/p-118 --algorithm astar --heuristic ff
p-119	success	  0.760265	  0.139099	  1.406172	274	/home/francesco/Projects/planning-for-past-temporal-goals/bin/plan4past -t fd --domain data/deterministic/elevator/domain.pddl --problem data/deterministic/elevator/p-119.pddl --formula served_p0 & served_p1 & served_p2 & served_p3 & served_p4 & served_p5 & served_p6 & served_p7 & served_p8 & served_p9 & served_p10 & served_p11 & served_p12 & served_p13 & served_p14 & served_p15 & served_p16 & served_p17 & served_p18 & served_p19 & served_p20 & served_p21 & served_p22 & served_p23 --working-dir results/experiment-2-2021-12-14T23:47:54.512044/p4p-fd-ff/p-119 --algorithm astar --heuristic ff
p-120	success	  0.803573	  0.206012	  1.538786	271	/home/francesco/Projects/planning-for-past-temporal-goals/bin/plan4past -t fd --domain data/deterministic/elevator/domain.pddl --problem data/deterministic/elevator/p-120.pddl --formula served_p0 & served_p1 & served_p2 & served_p3 & served_p4 & served_p5 & served_p6 & served_p7 & served_p8 & served_p9 & served_p10 & served_p11 & served_p12 & served_p13 & served_p14 & served_p15 & served_p16 & served_p17 & served_p18 & served_p19 & served_p20 & served_p21 & served_p22 & served_p23 --working-dir results/experiment-2-2021-12-14T23:47:54.512044/p4p-fd-ff/p-120 --algorithm astar --heuristic ff
p-121	success	  0.808930	  0.337364	  1.695149	436	/home/francesco/Projects/planning-for-past-temporal-goals/bin/plan4past -t fd --domain data/deterministic/elevator/domain.pddl --problem data/deterministic/elevator/p-121.pddl --formula served_p0 & served_p1 & served_p2 & served_p3 & served_p4 & served_p5 & served_p6 & served_p7 & served_p8 & served_p9 & served_p10 & served_p11 & served_p12 & served_p13 & served_p14 & served_p15 & served_p16 & served_p17 & served_p18 & served_p19 & served_p20 & served_p21 & served_p22 & served_p23 & served_p24 --working-dir results/experiment-2-2021-12-14T23:47:54.512044/p4p-fd-ff/p-121 --algorithm astar --heuristic ff
p-122	success	  0.770117	  0.471891	  1.805802	552	/home/francesco/Projects/planning-for-past-temporal-goals/bin/plan4past -t fd --domain data/deterministic/elevator/domain.pddl --problem data/deterministic/elevator/p-122.pddl --formula served_p0 & served_p1 & served_p2 & served_p3 & served_p4 & served_p5 & served_p6 & served_p7 & served_p8 & served_p9 & served_p10 & served_p11 & served_p12 & served_p13 & served_p14 & served_p15 & served_p16 & served_p17 & served_p18 & served_p19 & served_p20 & served_p21 & served_p22 & served_p23 & served_p24 --working-dir results/experiment-2-2021-12-14T23:47:54.512044/p4p-fd-ff/p-122 --algorithm astar --heuristic ff
p-123	timeout	 -1.000000	 -1.000000	300.004536	None	/home/francesco/Projects/planning-for-past-temporal-goals/bin/plan4past -t fd --domain data/deterministic/elevator/domain.pddl --problem data/deterministic/elevator/p-123.pddl --formula served_p0 & served_p1 & served_p2 & served_p3 & served_p4 & served_p5 & served_p6 & served_p7 & served_p8 & served_p9 & served_p10 & served_p11 & served_p12 & served_p13 & served_p14 & served_p15 & served_p16 & served_p17 & served_p18 & served_p19 & served_p20 & served_p21 & served_p22 & served_p23 & served_p24 --working-dir results/experiment-2-2021-12-14T23:47:54.512044/p4p-fd-ff/p-123 --algorithm astar --heuristic ff
p-124	success	  0.796610	  0.176581	  1.520900	275	/home/francesco/Projects/planning-for-past-temporal-goals/bin/plan4past -t fd --domain data/deterministic/elevator/domain.pddl --problem data/deterministic/elevator/p-124.pddl --formula served_p0 & served_p1 & served_p2 & served_p3 & served_p4 & served_p5 & served_p6 & served_p7 & served_p8 & served_p9 & served_p10 & served_p11 & served_p12 & served_p13 & served_p14 & served_p15 & served_p16 & served_p17 & served_p18 & served_p19 & served_p20 & served_p21 & served_p22 & served_p23 & served_p24 --working-dir results/experiment-2-2021-12-14T23:47:54.512044/p4p-fd-ff/p-124 --algorithm astar --heuristic ff
p-125	success	  0.783499	  0.280510	  1.598515	333	/home/francesco/Projects/planning-for-past-temporal-goals/bin/plan4past -t fd --domain data/deterministic/elevator/domain.pddl --problem data/deterministic/elevator/p-125.pddl --formula served_p0 & served_p1 & served_p2 & served_p3 & served_p4 & served_p5 & served_p6 & served_p7 & served_p8 & served_p9 & served_p10 & served_p11 & served_p12 & served_p13 & served_p14 & served_p15 & served_p16 & served_p17 & served_p18 & served_p19 & served_p20 & served_p21 & served_p22 & served_p23 & served_p24 --working-dir results/experiment-2-2021-12-14T23:47:54.512044/p4p-fd-ff/p-125 --algorithm astar --heuristic ff
p-126	success	  0.807293	  0.338301	  1.732171	403	/home/francesco/Projects/planning-for-past-temporal-goals/bin/plan4past -t fd --domain data/deterministic/elevator/domain.pddl --problem data/deterministic/elevator/p-126.pddl --formula served_p0 & served_p1 & served_p2 & served_p3 & served_p4 & served_p5 & served_p6 & served_p7 & served_p8 & served_p9 & served_p10 & served_p11 & served_p12 & served_p13 & served_p14 & served_p15 & served_p16 & served_p17 & served_p18 & served_p19 & served_p20 & served_p21 & served_p22 & served_p23 & served_p24 & served_p25 --working-dir results/experiment-2-2021-12-14T23:47:54.512044/p4p-fd-ff/p-126 --algorithm astar --heuristic ff
p-127	timeout	 -1.000000	 -1.000000	300.004289	None	/home/francesco/Projects/planning-for-past-temporal-goals/bin/plan4past -t fd --domain data/deterministic/elevator/domain.pddl --problem data/deterministic/elevator/p-127.pddl --formula served_p0 & served_p1 & served_p2 & served_p3 & served_p4 & served_p5 & served_p6 & served_p7 & served_p8 & served_p9 & served_p10 & served_p11 & served_p12 & served_p13 & served_p14 & served_p15 & served_p16 & served_p17 & served_p18 & served_p19 & served_p20 & served_p21 & served_p22 & served_p23 & served_p24 & served_p25 --working-dir results/experiment-2-2021-12-14T23:47:54.512044/p4p-fd-ff/p-127 --algorithm astar --heuristic ff
p-128	success	  0.973105	  0.251486	  1.894997	306	/home/francesco/Projects/planning-for-past-temporal-goals/bin/plan4past -t fd --domain data/deterministic/elevator/domain.pddl --problem data/deterministic/elevator/p-128.pddl --formula served_p0 & served_p1 & served_p2 & served_p3 & served_p4 & served_p5 & served_p6 & served_p7 & served_p8 & served_p9 & served_p10 & served_p11 & served_p12 & served_p13 & served_p14 & served_p15 & served_p16 & served_p17 & served_p18 & served_p19 & served_p20 & served_p21 & served_p22 & served_p23 & served_p24 & served_p25 --working-dir results/experiment-2-2021-12-14T23:47:54.512044/p4p-fd-ff/p-128 --algorithm astar --heuristic ff
p-129	success	  1.135652	  0.456404	  2.274198	456	/home/francesco/Projects/planning-for-past-temporal-goals/bin/plan4past -t fd --domain data/deterministic/elevator/domain.pddl --problem data/deterministic/elevator/p-129.pddl --formula served_p0 & served_p1 & served_p2 & served_p3 & served_p4 & served_p5 & served_p6 & served_p7 & served_p8 & served_p9 & served_p10 & served_p11 & served_p12 & served_p13 & served_p14 & served_p15 & served_p16 & served_p17 & served_p18 & served_p19 & served_p20 & served_p21 & served_p22 & served_p23 & served_p24 & served_p25 --working-dir results/experiment-2-2021-12-14T23:47:54.512044/p4p-fd-ff/p-129 --algorithm astar --heuristic ff
p-130	success	  0.969790	  0.216296	  1.868538	245	/home/francesco/Projects/planning-for-past-temporal-goals/bin/plan4past -t fd --domain data/deterministic/elevator/domain.pddl --problem data/deterministic/elevator/p-130.pddl --formula served_p0 & served_p1 & served_p2 & served_p3 & served_p4 & served_p5 & served_p6 & served_p7 & served_p8 & served_p9 & served_p10 & served_p11 & served_p12 & served_p13 & served_p14 & served_p15 & served_p16 & served_p17 & served_p18 & served_p19 & served_p20 & served_p21 & served_p22 & served_p23 & served_p24 & served_p25 --working-dir results/experiment-2-2021-12-14T23:47:54.512044/p4p-fd-ff/p-130 --algorithm astar --heuristic ff
p-131	timeout	 -1.000000	 -1.000000	300.004808	None	/home/francesco/Projects/planning-for-past-temporal-goals/bin/plan4past -t fd --domain data/deterministic/elevator/domain.pddl --problem data/deterministic/elevator/p-131.pddl --formula served_p0 & served_p1 & served_p2 & served_p3 & served_p4 & served_p5 & served_p6 & served_p7 & served_p8 & served_p9 & served_p10 & served_p11 & served_p12 & served_p13 & served_p14 & served_p15 & served_p16 & served_p17 & served_p18 & served_p19 & served_p20 & served_p21 & served_p22 & served_p23 & served_p24 & served_p25 & served_p26 --working-dir results/experiment-2-2021-12-14T23:47:54.512044/p4p-fd-ff/p-131 --algorithm astar --heuristic ff
p-132	success	  1.013605	  0.208981	  1.901526	234	/home/francesco/Projects/planning-for-past-temporal-goals/bin/plan4past -t fd --domain data/deterministic/elevator/domain.pddl --problem data/deterministic/elevator/p-132.pddl --formula served_p0 & served_p1 & served_p2 & served_p3 & served_p4 & served_p5 & served_p6 & served_p7 & served_p8 & served_p9 & served_p10 & served_p11 & served_p12 & served_p13 & served_p14 & served_p15 & served_p16 & served_p17 & served_p18 & served_p19 & served_p20 & served_p21 & served_p22 & served_p23 & served_p24 & served_p25 & served_p26 --working-dir results/experiment-2-2021-12-14T23:47:54.512044/p4p-fd-ff/p-132 --algorithm astar --heuristic ff
p-133	success	  0.951295	  1.016650	  2.653105	687	/home/francesco/Projects/planning-for-past-temporal-goals/bin/plan4past -t fd --domain data/deterministic/elevator/domain.pddl --problem data/deterministic/elevator/p-133.pddl --formula served_p0 & served_p1 & served_p2 & served_p3 & served_p4 & served_p5 & served_p6 & served_p7 & served_p8 & served_p9 & served_p10 & served_p11 & served_p12 & served_p13 & served_p14 & served_p15 & served_p16 & served_p17 & served_p18 & served_p19 & served_p20 & served_p21 & served_p22 & served_p23 & served_p24 & served_p25 & served_p26 --working-dir results/experiment-2-2021-12-14T23:47:54.512044/p4p-fd-ff/p-133 --algorithm astar --heuristic ff
p-134	success	  1.058849	  0.354156	  2.093321	340	/home/francesco/Projects/planning-for-past-temporal-goals/bin/plan4past -t fd --domain data/deterministic/elevator/domain.pddl --problem data/deterministic/elevator/p-134.pddl --formula served_p0 & served_p1 & served_p2 & served_p3 & served_p4 & served_p5 & served_p6 & served_p7 & served_p8 & served_p9 & served_p10 & served_p11 & served_p12 & served_p13 & served_p14 & served_p15 & served_p16 & served_p17 & served_p18 & served_p19 & served_p20 & served_p21 & served_p22 & served_p23 & served_p24 & served_p25 & served_p26 --working-dir results/experiment-2-2021-12-14T23:47:54.512044/p4p-fd-ff/p-134 --algorithm astar --heuristic ff
p-135	success	  0.958368	  0.578036	  2.241242	486	/home/francesco/Projects/planning-for-past-temporal-goals/bin/plan4past -t fd --domain data/deterministic/elevator/domain.pddl --problem data/deterministic/elevator/p-135.pddl --formula served_p0 & served_p1 & served_p2 & served_p3 & served_p4 & served_p5 & served_p6 & served_p7 & served_p8 & served_p9 & served_p10 & served_p11 & served_p12 & served_p13 & served_p14 & served_p15 & served_p16 & served_p17 & served_p18 & served_p19 & served_p20 & served_p21 & served_p22 & served_p23 & served_p24 & served_p25 & served_p26 --working-dir results/experiment-2-2021-12-14T23:47:54.512044/p4p-fd-ff/p-135 --algorithm astar --heuristic ff
p-136	success	  0.974605	  0.332010	  2.021286	363	/home/francesco/Projects/planning-for-past-temporal-goals/bin/plan4past -t fd --domain data/deterministic/elevator/domain.pddl --problem data/deterministic/elevator/p-136.pddl --formula served_p0 & served_p1 & served_p2 & served_p3 & served_p4 & served_p5 & served_p6 & served_p7 & served_p8 & served_p9 & served_p10 & served_p11 & served_p12 & served_p13 & served_p14 & served_p15 & served_p16 & served_p17 & served_p18 & served_p19 & served_p20 & served_p21 & served_p22 & served_p23 & served_p24 & served_p25 & served_p26 & served_p27 --working-dir results/experiment-2-2021-12-14T23:47:54.512044/p4p-fd-ff/p-136 --algorithm astar --heuristic ff
p-137	timeout	 -1.000000	 -1.000000	300.004734	None	/home/francesco/Projects/planning-for-past-temporal-goals/bin/plan4past -t fd --domain data/deterministic/elevator/domain.pddl --problem data/deterministic/elevator/p-137.pddl --formula served_p0 & served_p1 & served_p2 & served_p3 & served_p4 & served_p5 & served_p6 & served_p7 & served_p8 & served_p9 & served_p10 & served_p11 & served_p12 & served_p13 & served_p14 & served_p15 & served_p16 & served_p17 & served_p18 & served_p19 & served_p20 & served_p21 & served_p22 & served_p23 & served_p24 & served_p25 & served_p26 & served_p27 --working-dir results/experiment-2-2021-12-14T23:47:54.512044/p4p-fd-ff/p-137 --algorithm astar --heuristic ff
p-138	success	  1.038596	  0.478739	  2.237829	416	/home/francesco/Projects/planning-for-past-temporal-goals/bin/plan4past -t fd --domain data/deterministic/elevator/domain.pddl --problem data/deterministic/elevator/p-138.pddl --formula served_p0 & served_p1 & served_p2 & served_p3 & served_p4 & served_p5 & served_p6 & served_p7 & served_p8 & served_p9 & served_p10 & served_p11 & served_p12 & served_p13 & served_p14 & served_p15 & served_p16 & served_p17 & served_p18 & served_p19 & served_p20 & served_p21 & served_p22 & served_p23 & served_p24 & served_p25 & served_p26 & served_p27 --working-dir results/experiment-2-2021-12-14T23:47:54.512044/p4p-fd-ff/p-138 --algorithm astar --heuristic ff
p-139	success	  1.027844	  0.643273	  2.384680	419	/home/francesco/Projects/planning-for-past-temporal-goals/bin/plan4past -t fd --domain data/deterministic/elevator/domain.pddl --problem data/deterministic/elevator/p-139.pddl --formula served_p0 & served_p1 & served_p2 & served_p3 & served_p4 & served_p5 & served_p6 & served_p7 & served_p8 & served_p9 & served_p10 & served_p11 & served_p12 & served_p13 & served_p14 & served_p15 & served_p16 & served_p17 & served_p18 & served_p19 & served_p20 & served_p21 & served_p22 & served_p23 & served_p24 & served_p25 & served_p26 & served_p27 --working-dir results/experiment-2-2021-12-14T23:47:54.512044/p4p-fd-ff/p-139 --algorithm astar --heuristic ff
p-140	success	  0.975146	  0.414077	  2.113800	345	/home/francesco/Projects/planning-for-past-temporal-goals/bin/plan4past -t fd --domain data/deterministic/elevator/domain.pddl --problem data/deterministic/elevator/p-140.pddl --formula served_p0 & served_p1 & served_p2 & served_p3 & served_p4 & served_p5 & served_p6 & served_p7 & served_p8 & served_p9 & served_p10 & served_p11 & served_p12 & served_p13 & served_p14 & served_p15 & served_p16 & served_p17 & served_p18 & served_p19 & served_p20 & served_p21 & served_p22 & served_p23 & served_p24 & served_p25 & served_p26 & served_p27 --working-dir results/experiment-2-2021-12-14T23:47:54.512044/p4p-fd-ff/p-140 --algorithm astar --heuristic ff
p-141	success	  0.993149	  0.279829	  2.037828	239	/home/francesco/Projects/planning-for-past-temporal-goals/bin/plan4past -t fd --domain data/deterministic/elevator/domain.pddl --problem data/deterministic/elevator/p-141.pddl --formula served_p0 & served_p1 & served_p2 & served_p3 & served_p4 & served_p5 & served_p6 & served_p7 & served_p8 & served_p9 & served_p10 & served_p11 & served_p12 & served_p13 & served_p14 & served_p15 & served_p16 & served_p17 & served_p18 & served_p19 & served_p20 & served_p21 & served_p22 & served_p23 & served_p24 & served_p25 & served_p26 & served_p27 & served_p28 --working-dir results/experiment-2-2021-12-14T23:47:54.512044/p4p-fd-ff/p-141 --algorithm astar --heuristic ff
p-142	success	  0.963397	  0.628213	  2.329534	379	/home/francesco/Projects/planning-for-past-temporal-goals/bin/plan4past -t fd --domain data/deterministic/elevator/domain.pddl --problem data/deterministic/elevator/p-142.pddl --formula served_p0 & served_p1 & served_p2 & served_p3 & served_p4 & served_p5 & served_p6 & served_p7 & served_p8 & served_p9 & served_p10 & served_p11 & served_p12 & served_p13 & served_p14 & served_p15 & served_p16 & served_p17 & served_p18 & served_p19 & served_p20 & served_p21 & served_p22 & served_p23 & served_p24 & served_p25 & served_p26 & served_p27 & served_p28 --working-dir results/experiment-2-2021-12-14T23:47:54.512044/p4p-fd-ff/p-142 --algorithm astar --heuristic ff
p-143	success	  0.976427	  0.570394	  2.282694	428	/home/francesco/Projects/planning-for-past-temporal-goals/bin/plan4past -t fd --domain data/deterministic/elevator/domain.pddl --problem data/deterministic/elevator/p-143.pddl --formula served_p0 & served_p1 & served_p2 & served_p3 & served_p4 & served_p5 & served_p6 & served_p7 & served_p8 & served_p9 & served_p10 & served_p11 & served_p12 & served_p13 & served_p14 & served_p15 & served_p16 & served_p17 & served_p18 & served_p19 & served_p20 & served_p21 & served_p22 & served_p23 & served_p24 & served_p25 & served_p26 & served_p27 & served_p28 --working-dir results/experiment-2-2021-12-14T23:47:54.512044/p4p-fd-ff/p-143 --algorithm astar --heuristic ff
p-144	success	  0.963428	  0.526930	  2.233327	405	/home/francesco/Projects/planning-for-past-temporal-goals/bin/plan4past -t fd --domain data/deterministic/elevator/domain.pddl --problem data/deterministic/elevator/p-144.pddl --formula served_p0 & served_p1 & served_p2 & served_p3 & served_p4 & served_p5 & served_p6 & served_p7 & served_p8 & served_p9 & served_p10 & served_p11 & served_p12 & served_p13 & served_p14 & served_p15 & served_p16 & served_p17 & served_p18 & served_p19 & served_p20 & served_p21 & served_p22 & served_p23 & served_p24 & served_p25 & served_p26 & served_p27 & served_p28 --working-dir results/experiment-2-2021-12-14T23:47:54.512044/p4p-fd-ff/p-144 --algorithm astar --heuristic ff
p-145	success	  1.024312	  0.572895	  2.342272	464	/home/francesco/Projects/planning-for-past-temporal-goals/bin/plan4past -t fd --domain data/deterministic/elevator/domain.pddl --problem data/deterministic/elevator/p-145.pddl --formula served_p0 & served_p1 & served_p2 & served_p3 & served_p4 & served_p5 & served_p6 & served_p7 & served_p8 & served_p9 & served_p10 & served_p11 & served_p12 & served_p13 & served_p14 & served_p15 & served_p16 & served_p17 & served_p18 & served_p19 & served_p20 & served_p21 & served_p22 & served_p23 & served_p24 & served_p25 & served_p26 & served_p27 & served_p28 --working-dir results/experiment-2-2021-12-14T23:47:54.512044/p4p-fd-ff/p-145 --algorithm astar --heuristic ff
p-146	success	  0.976531	  0.494361	  2.245270	355	/home/francesco/Projects/planning-for-past-temporal-goals/bin/plan4past -t fd --domain data/deterministic/elevator/domain.pddl --problem data/deterministic/elevator/p-146.pddl --formula served_p0 & served_p1 & served_p2 & served_p3 & served_p4 & served_p5 & served_p6 & served_p7 & served_p8 & served_p9 & served_p10 & served_p11 & served_p12 & served_p13 & served_p14 & served_p15 & served_p16 & served_p17 & served_p18 & served_p19 & served_p20 & served_p21 & served_p22 & served_p23 & served_p24 & served_p25 & served_p26 & served_p27 & served_p28 & served_p29 --working-dir results/experiment-2-2021-12-14T23:47:54.512044/p4p-fd-ff/p-146 --algorithm astar --heuristic ff
p-147	success	  1.036253	  0.695200	  2.498451	453	/home/francesco/Projects/planning-for-past-temporal-goals/bin/plan4past -t fd --domain data/deterministic/elevator/domain.pddl --problem data/deterministic/elevator/p-147.pddl --formula served_p0 & served_p1 & served_p2 & served_p3 & served_p4 & served_p5 & served_p6 & served_p7 & served_p8 & served_p9 & served_p10 & served_p11 & served_p12 & served_p13 & served_p14 & served_p15 & served_p16 & served_p17 & served_p18 & served_p19 & served_p20 & served_p21 & served_p22 & served_p23 & served_p24 & served_p25 & served_p26 & served_p27 & served_p28 & served_p29 --working-dir results/experiment-2-2021-12-14T23:47:54.512044/p4p-fd-ff/p-147 --algorithm astar --heuristic ff
p-148	success	  0.978356	  0.494363	  2.255808	378	/home/francesco/Projects/planning-for-past-temporal-goals/bin/plan4past -t fd --domain data/deterministic/elevator/domain.pddl --problem data/deterministic/elevator/p-148.pddl --formula served_p0 & served_p1 & served_p2 & served_p3 & served_p4 & served_p5 & served_p6 & served_p7 & served_p8 & served_p9 & served_p10 & served_p11 & served_p12 & served_p13 & served_p14 & served_p15 & served_p16 & served_p17 & served_p18 & served_p19 & served_p20 & served_p21 & served_p22 & served_p23 & served_p24 & served_p25 & served_p26 & served_p27 & served_p28 & served_p29 --working-dir results/experiment-2-2021-12-14T23:47:54.512044/p4p-fd-ff/p-148 --algorithm astar --heuristic ff
p-149	timeout	 -1.000000	 -1.000000	300.004465	None	/home/francesco/Projects/planning-for-past-temporal-goals/bin/plan4past -t fd --domain data/deterministic/elevator/domain.pddl --problem data/deterministic/elevator/p-149.pddl --formula served_p0 & served_p1 & served_p2 & served_p3 & served_p4 & served_p5 & served_p6 & served_p7 & served_p8 & served_p9 & served_p10 & served_p11 & served_p12 & served_p13 & served_p14 & served_p15 & served_p16 & served_p17 & served_p18 & served_p19 & served_p20 & served_p21 & served_p22 & served_p23 & served_p24 & served_p25 & served_p26 & served_p27 & served_p28 & served_p29 --working-dir results/experiment-2-2021-12-14T23:47:54.512044/p4p-fd-ff/p-149 --algorithm astar --heuristic ff
p-150	success	  0.964255	  0.551743	  2.273861	394	/home/francesco/Projects/planning-for-past-temporal-goals/bin/plan4past -t fd --domain data/deterministic/elevator/domain.pddl --problem data/deterministic/elevator/p-150.pddl --formula served_p0 & served_p1 & served_p2 & served_p3 & served_p4 & served_p5 & served_p6 & served_p7 & served_p8 & served_p9 & served_p10 & served_p11 & served_p12 & served_p13 & served_p14 & served_p15 & served_p16 & served_p17 & served_p18 & served_p19 & served_p20 & served_p21 & served_p22 & served_p23 & served_p24 & served_p25 & served_p26 & served_p27 & served_p28 & served_p29 --working-dir results/experiment-2-2021-12-14T23:47:54.512044/p4p-fd-ff/p-150 --algorithm astar --heuristic ff
