name	status	time_compilation	time_tool	time_end2end	nb_node_expanded	command
p-001	success	  0.428870	  0.002153	  0.618594	5	/home/marcofavorito/planning-for-past-temporal-goals/bin/plan4past -t fd --domain data/deterministic/elevator/domain.pddl --problem data/deterministic/elevator/p-001.pddl --formula served_p0 --working-dir results/experiment-2-2021-12-15T00:54:17.482043/p4p-fd-ff/p-001 --algorithm astar --heuristic ff
p-002	success	  0.422753	  0.002055	  0.613252	4	/home/marcofavorito/planning-for-past-temporal-goals/bin/plan4past -t fd --domain data/deterministic/elevator/domain.pddl --problem data/deterministic/elevator/p-002.pddl --formula served_p0 --working-dir results/experiment-2-2021-12-15T00:54:17.482043/p4p-fd-ff/p-002 --algorithm astar --heuristic ff
p-003	success	  0.418302	  0.002049	  0.609165	5	/home/marcofavorito/planning-for-past-temporal-goals/bin/plan4past -t fd --domain data/deterministic/elevator/domain.pddl --problem data/deterministic/elevator/p-003.pddl --formula served_p0 --working-dir results/experiment-2-2021-12-15T00:54:17.482043/p4p-fd-ff/p-003 --algorithm astar --heuristic ff
p-004	success	  0.410573	  0.002082	  0.595019	5	/home/marcofavorito/planning-for-past-temporal-goals/bin/plan4past -t fd --domain data/deterministic/elevator/domain.pddl --problem data/deterministic/elevator/p-004.pddl --formula served_p0 --working-dir results/experiment-2-2021-12-15T00:54:17.482043/p4p-fd-ff/p-004 --algorithm astar --heuristic ff
p-005	success	  0.418093	  0.002191	  0.607152	5	/home/marcofavorito/planning-for-past-temporal-goals/bin/plan4past -t fd --domain data/deterministic/elevator/domain.pddl --problem data/deterministic/elevator/p-005.pddl --formula served_p0 --working-dir results/experiment-2-2021-12-15T00:54:17.482043/p4p-fd-ff/p-005 --algorithm astar --heuristic ff
p-006	success	  0.424717	  0.002331	  0.616020	9	/home/marcofavorito/planning-for-past-temporal-goals/bin/plan4past -t fd --domain data/deterministic/elevator/domain.pddl --problem data/deterministic/elevator/p-006.pddl --formula served_p0 & served_p1 --working-dir results/experiment-2-2021-12-15T00:54:17.482043/p4p-fd-ff/p-006 --algorithm astar --heuristic ff
p-007	success	  0.420798	  0.002336	  0.612971	9	/home/marcofavorito/planning-for-past-temporal-goals/bin/plan4past -t fd --domain data/deterministic/elevator/domain.pddl --problem data/deterministic/elevator/p-007.pddl --formula served_p0 & served_p1 --working-dir results/experiment-2-2021-12-15T00:54:17.482043/p4p-fd-ff/p-007 --algorithm astar --heuristic ff
p-008	success	  0.405312	  0.002263	  0.594300	9	/home/marcofavorito/planning-for-past-temporal-goals/bin/plan4past -t fd --domain data/deterministic/elevator/domain.pddl --problem data/deterministic/elevator/p-008.pddl --formula served_p0 & served_p1 --working-dir results/experiment-2-2021-12-15T00:54:17.482043/p4p-fd-ff/p-008 --algorithm astar --heuristic ff
p-009	success	  0.417891	  0.002258	  0.606242	8	/home/marcofavorito/planning-for-past-temporal-goals/bin/plan4past -t fd --domain data/deterministic/elevator/domain.pddl --problem data/deterministic/elevator/p-009.pddl --formula served_p0 & served_p1 --working-dir results/experiment-2-2021-12-15T00:54:17.482043/p4p-fd-ff/p-009 --algorithm astar --heuristic ff
p-010	success	  0.403064	  0.002319	  0.592230	11	/home/marcofavorito/planning-for-past-temporal-goals/bin/plan4past -t fd --domain data/deterministic/elevator/domain.pddl --problem data/deterministic/elevator/p-010.pddl --formula served_p0 & served_p1 --working-dir results/experiment-2-2021-12-15T00:54:17.482043/p4p-fd-ff/p-010 --algorithm astar --heuristic ff
p-011	success	  0.418139	  0.002932	  0.612298	18	/home/marcofavorito/planning-for-past-temporal-goals/bin/plan4past -t fd --domain data/deterministic/elevator/domain.pddl --problem data/deterministic/elevator/p-011.pddl --formula served_p0 & served_p1 & served_p2 --working-dir results/experiment-2-2021-12-15T00:54:17.482043/p4p-fd-ff/p-011 --algorithm astar --heuristic ff
p-012	success	  0.417189	  0.002763	  0.608761	23	/home/marcofavorito/planning-for-past-temporal-goals/bin/plan4past -t fd --domain data/deterministic/elevator/domain.pddl --problem data/deterministic/elevator/p-012.pddl --formula served_p0 & served_p1 & served_p2 --working-dir results/experiment-2-2021-12-15T00:54:17.482043/p4p-fd-ff/p-012 --algorithm astar --heuristic ff
p-013	success	  0.421778	  0.002616	  0.617411	17	/home/marcofavorito/planning-for-past-temporal-goals/bin/plan4past -t fd --domain data/deterministic/elevator/domain.pddl --problem data/deterministic/elevator/p-013.pddl --formula served_p0 & served_p1 & served_p2 --working-dir results/experiment-2-2021-12-15T00:54:17.482043/p4p-fd-ff/p-013 --algorithm astar --heuristic ff
p-014	success	  0.424451	  0.002566	  0.620346	13	/home/marcofavorito/planning-for-past-temporal-goals/bin/plan4past -t fd --domain data/deterministic/elevator/domain.pddl --problem data/deterministic/elevator/p-014.pddl --formula served_p0 & served_p1 & served_p2 --working-dir results/experiment-2-2021-12-15T00:54:17.482043/p4p-fd-ff/p-014 --algorithm astar --heuristic ff
p-015	success	  0.420700	  0.002590	  0.615657	13	/home/marcofavorito/planning-for-past-temporal-goals/bin/plan4past -t fd --domain data/deterministic/elevator/domain.pddl --problem data/deterministic/elevator/p-015.pddl --formula served_p0 & served_p1 & served_p2 --working-dir results/experiment-2-2021-12-15T00:54:17.482043/p4p-fd-ff/p-015 --algorithm astar --heuristic ff
p-016	success	  0.421305	  0.003002	  0.617136	16	/home/marcofavorito/planning-for-past-temporal-goals/bin/plan4past -t fd --domain data/deterministic/elevator/domain.pddl --problem data/deterministic/elevator/p-016.pddl --formula served_p0 & served_p1 & served_p2 & served_p3 --working-dir results/experiment-2-2021-12-15T00:54:17.482043/p4p-fd-ff/p-016 --algorithm astar --heuristic ff
p-017	success	  0.423472	  0.002929	  0.617791	17	/home/marcofavorito/planning-for-past-temporal-goals/bin/plan4past -t fd --domain data/deterministic/elevator/domain.pddl --problem data/deterministic/elevator/p-017.pddl --formula served_p0 & served_p1 & served_p2 & served_p3 --working-dir results/experiment-2-2021-12-15T00:54:17.482043/p4p-fd-ff/p-017 --algorithm astar --heuristic ff
p-018	success	  0.425616	  0.002980	  0.622981	19	/home/marcofavorito/planning-for-past-temporal-goals/bin/plan4past -t fd --domain data/deterministic/elevator/domain.pddl --problem data/deterministic/elevator/p-018.pddl --formula served_p0 & served_p1 & served_p2 & served_p3 --working-dir results/experiment-2-2021-12-15T00:54:17.482043/p4p-fd-ff/p-018 --algorithm astar --heuristic ff
p-019	success	  0.427827	  0.003122	  0.623445	23	/home/marcofavorito/planning-for-past-temporal-goals/bin/plan4past -t fd --domain data/deterministic/elevator/domain.pddl --problem data/deterministic/elevator/p-019.pddl --formula served_p0 & served_p1 & served_p2 & served_p3 --working-dir results/experiment-2-2021-12-15T00:54:17.482043/p4p-fd-ff/p-019 --algorithm astar --heuristic ff
p-020	success	  0.430507	  0.003100	  0.625003	30	/home/marcofavorito/planning-for-past-temporal-goals/bin/plan4past -t fd --domain data/deterministic/elevator/domain.pddl --problem data/deterministic/elevator/p-020.pddl --formula served_p0 & served_p1 & served_p2 & served_p3 --working-dir results/experiment-2-2021-12-15T00:54:17.482043/p4p-fd-ff/p-020 --algorithm astar --heuristic ff
p-021	success	  0.417186	  0.003518	  0.614311	30	/home/marcofavorito/planning-for-past-temporal-goals/bin/plan4past -t fd --domain data/deterministic/elevator/domain.pddl --problem data/deterministic/elevator/p-021.pddl --formula served_p0 & served_p1 & served_p2 & served_p3 & served_p4 --working-dir results/experiment-2-2021-12-15T00:54:17.482043/p4p-fd-ff/p-021 --algorithm astar --heuristic ff
p-022	success	  0.417069	  0.003749	  0.620457	25	/home/marcofavorito/planning-for-past-temporal-goals/bin/plan4past -t fd --domain data/deterministic/elevator/domain.pddl --problem data/deterministic/elevator/p-022.pddl --formula served_p0 & served_p1 & served_p2 & served_p3 & served_p4 --working-dir results/experiment-2-2021-12-15T00:54:17.482043/p4p-fd-ff/p-022 --algorithm astar --heuristic ff
p-023	success	  0.427954	  0.003636	  0.635949	24	/home/marcofavorito/planning-for-past-temporal-goals/bin/plan4past -t fd --domain data/deterministic/elevator/domain.pddl --problem data/deterministic/elevator/p-023.pddl --formula served_p0 & served_p1 & served_p2 & served_p3 & served_p4 --working-dir results/experiment-2-2021-12-15T00:54:17.482043/p4p-fd-ff/p-023 --algorithm astar --heuristic ff
p-024	success	  0.428649	  0.003424	  0.624647	20	/home/marcofavorito/planning-for-past-temporal-goals/bin/plan4past -t fd --domain data/deterministic/elevator/domain.pddl --problem data/deterministic/elevator/p-024.pddl --formula served_p0 & served_p1 & served_p2 & served_p3 & served_p4 --working-dir results/experiment-2-2021-12-15T00:54:17.482043/p4p-fd-ff/p-024 --algorithm astar --heuristic ff
p-025	success	  0.418029	  0.003500	  0.618406	28	/home/marcofavorito/planning-for-past-temporal-goals/bin/plan4past -t fd --domain data/deterministic/elevator/domain.pddl --problem data/deterministic/elevator/p-025.pddl --formula served_p0 & served_p1 & served_p2 & served_p3 & served_p4 --working-dir results/experiment-2-2021-12-15T00:54:17.482043/p4p-fd-ff/p-025 --algorithm astar --heuristic ff
p-026	success	  0.417048	  0.004642	  0.623217	44	/home/marcofavorito/planning-for-past-temporal-goals/bin/plan4past -t fd --domain data/deterministic/elevator/domain.pddl --problem data/deterministic/elevator/p-026.pddl --formula served_p0 & served_p1 & served_p2 & served_p3 & served_p4 & served_p5 --working-dir results/experiment-2-2021-12-15T00:54:17.482043/p4p-fd-ff/p-026 --algorithm astar --heuristic ff
p-027	success	  0.420850	  0.003999	  0.622052	22	/home/marcofavorito/planning-for-past-temporal-goals/bin/plan4past -t fd --domain data/deterministic/elevator/domain.pddl --problem data/deterministic/elevator/p-027.pddl --formula served_p0 & served_p1 & served_p2 & served_p3 & served_p4 & served_p5 --working-dir results/experiment-2-2021-12-15T00:54:17.482043/p4p-fd-ff/p-027 --algorithm astar --heuristic ff
p-028	success	  0.429201	  0.004062	  0.632842	31	/home/marcofavorito/planning-for-past-temporal-goals/bin/plan4past -t fd --domain data/deterministic/elevator/domain.pddl --problem data/deterministic/elevator/p-028.pddl --formula served_p0 & served_p1 & served_p2 & served_p3 & served_p4 & served_p5 --working-dir results/experiment-2-2021-12-15T00:54:17.482043/p4p-fd-ff/p-028 --algorithm astar --heuristic ff
p-029	success	  0.431335	  0.007155	  0.638400	132	/home/marcofavorito/planning-for-past-temporal-goals/bin/plan4past -t fd --domain data/deterministic/elevator/domain.pddl --problem data/deterministic/elevator/p-029.pddl --formula served_p0 & served_p1 & served_p2 & served_p3 & served_p4 & served_p5 --working-dir results/experiment-2-2021-12-15T00:54:17.482043/p4p-fd-ff/p-029 --algorithm astar --heuristic ff
p-030	success	  0.422994	  0.003986	  0.627060	30	/home/marcofavorito/planning-for-past-temporal-goals/bin/plan4past -t fd --domain data/deterministic/elevator/domain.pddl --problem data/deterministic/elevator/p-030.pddl --formula served_p0 & served_p1 & served_p2 & served_p3 & served_p4 & served_p5 --working-dir results/experiment-2-2021-12-15T00:54:17.482043/p4p-fd-ff/p-030 --algorithm astar --heuristic ff
p-031	success	  0.426016	  0.004821	  0.635136	33	/home/marcofavorito/planning-for-past-temporal-goals/bin/plan4past -t fd --domain data/deterministic/elevator/domain.pddl --problem data/deterministic/elevator/p-031.pddl --formula served_p0 & served_p1 & served_p2 & served_p3 & served_p4 & served_p5 & served_p6 --working-dir results/experiment-2-2021-12-15T00:54:17.482043/p4p-fd-ff/p-031 --algorithm astar --heuristic ff
p-032	success	  0.424127	  0.005374	  0.637760	50	/home/marcofavorito/planning-for-past-temporal-goals/bin/plan4past -t fd --domain data/deterministic/elevator/domain.pddl --problem data/deterministic/elevator/p-032.pddl --formula served_p0 & served_p1 & served_p2 & served_p3 & served_p4 & served_p5 & served_p6 --working-dir results/experiment-2-2021-12-15T00:54:17.482043/p4p-fd-ff/p-032 --algorithm astar --heuristic ff
p-033	success	  0.438622	  0.004572	  0.654944	24	/home/marcofavorito/planning-for-past-temporal-goals/bin/plan4past -t fd --domain data/deterministic/elevator/domain.pddl --problem data/deterministic/elevator/p-033.pddl --formula served_p0 & served_p1 & served_p2 & served_p3 & served_p4 & served_p5 & served_p6 --working-dir results/experiment-2-2021-12-15T00:54:17.482043/p4p-fd-ff/p-033 --algorithm astar --heuristic ff
p-034	success	  0.428723	  0.004803	  0.637814	34	/home/marcofavorito/planning-for-past-temporal-goals/bin/plan4past -t fd --domain data/deterministic/elevator/domain.pddl --problem data/deterministic/elevator/p-034.pddl --formula served_p0 & served_p1 & served_p2 & served_p3 & served_p4 & served_p5 & served_p6 --working-dir results/experiment-2-2021-12-15T00:54:17.482043/p4p-fd-ff/p-034 --algorithm astar --heuristic ff
p-035	success	  0.428935	  0.004851	  0.643551	46	/home/marcofavorito/planning-for-past-temporal-goals/bin/plan4past -t fd --domain data/deterministic/elevator/domain.pddl --problem data/deterministic/elevator/p-035.pddl --formula served_p0 & served_p1 & served_p2 & served_p3 & served_p4 & served_p5 & served_p6 --working-dir results/experiment-2-2021-12-15T00:54:17.482043/p4p-fd-ff/p-035 --algorithm astar --heuristic ff
p-036	success	  0.431923	  0.005959	  0.647224	39	/home/marcofavorito/planning-for-past-temporal-goals/bin/plan4past -t fd --domain data/deterministic/elevator/domain.pddl --problem data/deterministic/elevator/p-036.pddl --formula served_p0 & served_p1 & served_p2 & served_p3 & served_p4 & served_p5 & served_p6 & served_p7 --working-dir results/experiment-2-2021-12-15T00:54:17.482043/p4p-fd-ff/p-036 --algorithm astar --heuristic ff
p-037	success	  0.425705	  0.027672	  0.663753	556	/home/marcofavorito/planning-for-past-temporal-goals/bin/plan4past -t fd --domain data/deterministic/elevator/domain.pddl --problem data/deterministic/elevator/p-037.pddl --formula served_p0 & served_p1 & served_p2 & served_p3 & served_p4 & served_p5 & served_p6 & served_p7 --working-dir results/experiment-2-2021-12-15T00:54:17.482043/p4p-fd-ff/p-037 --algorithm astar --heuristic ff
p-038	success	  0.429561	  0.006721	  0.647407	56	/home/marcofavorito/planning-for-past-temporal-goals/bin/plan4past -t fd --domain data/deterministic/elevator/domain.pddl --problem data/deterministic/elevator/p-038.pddl --formula served_p0 & served_p1 & served_p2 & served_p3 & served_p4 & served_p5 & served_p6 & served_p7 --working-dir results/experiment-2-2021-12-15T00:54:17.482043/p4p-fd-ff/p-038 --algorithm astar --heuristic ff
p-039	success	  0.435330	  0.006691	  0.649281	50	/home/marcofavorito/planning-for-past-temporal-goals/bin/plan4past -t fd --domain data/deterministic/elevator/domain.pddl --problem data/deterministic/elevator/p-039.pddl --formula served_p0 & served_p1 & served_p2 & served_p3 & served_p4 & served_p5 & served_p6 & served_p7 --working-dir results/experiment-2-2021-12-15T00:54:17.482043/p4p-fd-ff/p-039 --algorithm astar --heuristic ff
p-040	success	  0.432980	  0.006376	  0.647505	45	/home/marcofavorito/planning-for-past-temporal-goals/bin/plan4past -t fd --domain data/deterministic/elevator/domain.pddl --problem data/deterministic/elevator/p-040.pddl --formula served_p0 & served_p1 & served_p2 & served_p3 & served_p4 & served_p5 & served_p6 & served_p7 --working-dir results/experiment-2-2021-12-15T00:54:17.482043/p4p-fd-ff/p-040 --algorithm astar --heuristic ff
p-041	success	  0.433815	  0.008037	  0.654390	62	/home/marcofavorito/planning-for-past-temporal-goals/bin/plan4past -t fd --domain data/deterministic/elevator/domain.pddl --problem data/deterministic/elevator/p-041.pddl --formula served_p0 & served_p1 & served_p2 & served_p3 & served_p4 & served_p5 & served_p6 & served_p7 & served_p8 --working-dir results/experiment-2-2021-12-15T00:54:17.482043/p4p-fd-ff/p-041 --algorithm astar --heuristic ff
p-042	success	  0.426694	  0.007929	  0.643777	67	/home/marcofavorito/planning-for-past-temporal-goals/bin/plan4past -t fd --domain data/deterministic/elevator/domain.pddl --problem data/deterministic/elevator/p-042.pddl --formula served_p0 & served_p1 & served_p2 & served_p3 & served_p4 & served_p5 & served_p6 & served_p7 & served_p8 --working-dir results/experiment-2-2021-12-15T00:54:17.482043/p4p-fd-ff/p-042 --algorithm astar --heuristic ff
p-043	success	  0.427352	  0.008086	  0.650736	58	/home/marcofavorito/planning-for-past-temporal-goals/bin/plan4past -t fd --domain data/deterministic/elevator/domain.pddl --problem data/deterministic/elevator/p-043.pddl --formula served_p0 & served_p1 & served_p2 & served_p3 & served_p4 & served_p5 & served_p6 & served_p7 & served_p8 --working-dir results/experiment-2-2021-12-15T00:54:17.482043/p4p-fd-ff/p-043 --algorithm astar --heuristic ff
p-044	success	  0.425487	  0.006524	  0.647364	37	/home/marcofavorito/planning-for-past-temporal-goals/bin/plan4past -t fd --domain data/deterministic/elevator/domain.pddl --problem data/deterministic/elevator/p-044.pddl --formula served_p0 & served_p1 & served_p2 & served_p3 & served_p4 & served_p5 & served_p6 & served_p7 & served_p8 --working-dir results/experiment-2-2021-12-15T00:54:17.482043/p4p-fd-ff/p-044 --algorithm astar --heuristic ff
p-045	success	  0.435485	  0.043149	  0.692398	478	/home/marcofavorito/planning-for-past-temporal-goals/bin/plan4past -t fd --domain data/deterministic/elevator/domain.pddl --problem data/deterministic/elevator/p-045.pddl --formula served_p0 & served_p1 & served_p2 & served_p3 & served_p4 & served_p5 & served_p6 & served_p7 & served_p8 --working-dir results/experiment-2-2021-12-15T00:54:17.482043/p4p-fd-ff/p-045 --algorithm astar --heuristic ff
p-046	success	  0.438337	  0.008698	  0.666578	58	/home/marcofavorito/planning-for-past-temporal-goals/bin/plan4past -t fd --domain data/deterministic/elevator/domain.pddl --problem data/deterministic/elevator/p-046.pddl --formula served_p0 & served_p1 & served_p2 & served_p3 & served_p4 & served_p5 & served_p6 & served_p7 & served_p8 & served_p9 --working-dir results/experiment-2-2021-12-15T00:54:17.482043/p4p-fd-ff/p-046 --algorithm astar --heuristic ff
p-047	success	  0.436193	  0.010461	  0.665736	65	/home/marcofavorito/planning-for-past-temporal-goals/bin/plan4past -t fd --domain data/deterministic/elevator/domain.pddl --problem data/deterministic/elevator/p-047.pddl --formula served_p0 & served_p1 & served_p2 & served_p3 & served_p4 & served_p5 & served_p6 & served_p7 & served_p8 & served_p9 --working-dir results/experiment-2-2021-12-15T00:54:17.482043/p4p-fd-ff/p-047 --algorithm astar --heuristic ff
p-048	success	  0.430235	  0.010789	  0.660212	75	/home/marcofavorito/planning-for-past-temporal-goals/bin/plan4past -t fd --domain data/deterministic/elevator/domain.pddl --problem data/deterministic/elevator/p-048.pddl --formula served_p0 & served_p1 & served_p2 & served_p3 & served_p4 & served_p5 & served_p6 & served_p7 & served_p8 & served_p9 --working-dir results/experiment-2-2021-12-15T00:54:17.482043/p4p-fd-ff/p-048 --algorithm astar --heuristic ff
p-049	success	  0.439347	  0.008743	  0.673120	53	/home/marcofavorito/planning-for-past-temporal-goals/bin/plan4past -t fd --domain data/deterministic/elevator/domain.pddl --problem data/deterministic/elevator/p-049.pddl --formula served_p0 & served_p1 & served_p2 & served_p3 & served_p4 & served_p5 & served_p6 & served_p7 & served_p8 & served_p9 --working-dir results/experiment-2-2021-12-15T00:54:17.482043/p4p-fd-ff/p-049 --algorithm astar --heuristic ff
p-050	success	  0.433086	  0.008651	  0.661668	45	/home/marcofavorito/planning-for-past-temporal-goals/bin/plan4past -t fd --domain data/deterministic/elevator/domain.pddl --problem data/deterministic/elevator/p-050.pddl --formula served_p0 & served_p1 & served_p2 & served_p3 & served_p4 & served_p5 & served_p6 & served_p7 & served_p8 & served_p9 --working-dir results/experiment-2-2021-12-15T00:54:17.482043/p4p-fd-ff/p-050 --algorithm astar --heuristic ff
p-051	success	  0.430773	  0.011595	  0.668064	79	/home/marcofavorito/planning-for-past-temporal-goals/bin/plan4past -t fd --domain data/deterministic/elevator/domain.pddl --problem data/deterministic/elevator/p-051.pddl --formula served_p0 & served_p1 & served_p2 & served_p3 & served_p4 & served_p5 & served_p6 & served_p7 & served_p8 & served_p9 & served_p10 --working-dir results/experiment-2-2021-12-15T00:54:17.482043/p4p-fd-ff/p-051 --algorithm astar --heuristic ff
p-052	success	  0.438410	  0.011166	  0.679163	58	/home/marcofavorito/planning-for-past-temporal-goals/bin/plan4past -t fd --domain data/deterministic/elevator/domain.pddl --problem data/deterministic/elevator/p-052.pddl --formula served_p0 & served_p1 & served_p2 & served_p3 & served_p4 & served_p5 & served_p6 & served_p7 & served_p8 & served_p9 & served_p10 --working-dir results/experiment-2-2021-12-15T00:54:17.482043/p4p-fd-ff/p-052 --algorithm astar --heuristic ff
p-053	success	  0.438854	  0.013159	  0.676623	96	/home/marcofavorito/planning-for-past-temporal-goals/bin/plan4past -t fd --domain data/deterministic/elevator/domain.pddl --problem data/deterministic/elevator/p-053.pddl --formula served_p0 & served_p1 & served_p2 & served_p3 & served_p4 & served_p5 & served_p6 & served_p7 & served_p8 & served_p9 & served_p10 --working-dir results/experiment-2-2021-12-15T00:54:17.482043/p4p-fd-ff/p-053 --algorithm astar --heuristic ff
p-054	success	  0.435835	  1.324880	  1.990869	18048	/home/marcofavorito/planning-for-past-temporal-goals/bin/plan4past -t fd --domain data/deterministic/elevator/domain.pddl --problem data/deterministic/elevator/p-054.pddl --formula served_p0 & served_p1 & served_p2 & served_p3 & served_p4 & served_p5 & served_p6 & served_p7 & served_p8 & served_p9 & served_p10 --working-dir results/experiment-2-2021-12-15T00:54:17.482043/p4p-fd-ff/p-054 --algorithm astar --heuristic ff
p-055	success	  0.440658	  0.012524	  0.684474	77	/home/marcofavorito/planning-for-past-temporal-goals/bin/plan4past -t fd --domain data/deterministic/elevator/domain.pddl --problem data/deterministic/elevator/p-055.pddl --formula served_p0 & served_p1 & served_p2 & served_p3 & served_p4 & served_p5 & served_p6 & served_p7 & served_p8 & served_p9 & served_p10 --working-dir results/experiment-2-2021-12-15T00:54:17.482043/p4p-fd-ff/p-055 --algorithm astar --heuristic ff
p-056	success	  0.435187	  0.012088	  0.681983	55	/home/marcofavorito/planning-for-past-temporal-goals/bin/plan4past -t fd --domain data/deterministic/elevator/domain.pddl --problem data/deterministic/elevator/p-056.pddl --formula served_p0 & served_p1 & served_p2 & served_p3 & served_p4 & served_p5 & served_p6 & served_p7 & served_p8 & served_p9 & served_p10 & served_p11 --working-dir results/experiment-2-2021-12-15T00:54:17.482043/p4p-fd-ff/p-056 --algorithm astar --heuristic ff
p-057	success	  0.439046	  0.014555	  0.686625	86	/home/marcofavorito/planning-for-past-temporal-goals/bin/plan4past -t fd --domain data/deterministic/elevator/domain.pddl --problem data/deterministic/elevator/p-057.pddl --formula served_p0 & served_p1 & served_p2 & served_p3 & served_p4 & served_p5 & served_p6 & served_p7 & served_p8 & served_p9 & served_p10 & served_p11 --working-dir results/experiment-2-2021-12-15T00:54:17.482043/p4p-fd-ff/p-057 --algorithm astar --heuristic ff
p-058	success	  0.446185	  0.016858	  0.699879	103	/home/marcofavorito/planning-for-past-temporal-goals/bin/plan4past -t fd --domain data/deterministic/elevator/domain.pddl --problem data/deterministic/elevator/p-058.pddl --formula served_p0 & served_p1 & served_p2 & served_p3 & served_p4 & served_p5 & served_p6 & served_p7 & served_p8 & served_p9 & served_p10 & served_p11 --working-dir results/experiment-2-2021-12-15T00:54:17.482043/p4p-fd-ff/p-058 --algorithm astar --heuristic ff
p-059	success	  0.438410	  0.014939	  0.688284	81	/home/marcofavorito/planning-for-past-temporal-goals/bin/plan4past -t fd --domain data/deterministic/elevator/domain.pddl --problem data/deterministic/elevator/p-059.pddl --formula served_p0 & served_p1 & served_p2 & served_p3 & served_p4 & served_p5 & served_p6 & served_p7 & served_p8 & served_p9 & served_p10 & served_p11 --working-dir results/experiment-2-2021-12-15T00:54:17.482043/p4p-fd-ff/p-059 --algorithm astar --heuristic ff
p-060	success	  0.436543	  0.011658	  0.682463	62	/home/marcofavorito/planning-for-past-temporal-goals/bin/plan4past -t fd --domain data/deterministic/elevator/domain.pddl --problem data/deterministic/elevator/p-060.pddl --formula served_p0 & served_p1 & served_p2 & served_p3 & served_p4 & served_p5 & served_p6 & served_p7 & served_p8 & served_p9 & served_p10 & served_p11 --working-dir results/experiment-2-2021-12-15T00:54:17.482043/p4p-fd-ff/p-060 --algorithm astar --heuristic ff
p-061	success	  0.448108	  0.016814	  0.709191	80	/home/marcofavorito/planning-for-past-temporal-goals/bin/plan4past -t fd --domain data/deterministic/elevator/domain.pddl --problem data/deterministic/elevator/p-061.pddl --formula served_p0 & served_p1 & served_p2 & served_p3 & served_p4 & served_p5 & served_p6 & served_p7 & served_p8 & served_p9 & served_p10 & served_p11 & served_p12 --working-dir results/experiment-2-2021-12-15T00:54:17.482043/p4p-fd-ff/p-061 --algorithm astar --heuristic ff
p-062	success	  0.450038	  2.956240	  3.650591	19829	/home/marcofavorito/planning-for-past-temporal-goals/bin/plan4past -t fd --domain data/deterministic/elevator/domain.pddl --problem data/deterministic/elevator/p-062.pddl --formula served_p0 & served_p1 & served_p2 & served_p3 & served_p4 & served_p5 & served_p6 & served_p7 & served_p8 & served_p9 & served_p10 & served_p11 & served_p12 --working-dir results/experiment-2-2021-12-15T00:54:17.482043/p4p-fd-ff/p-062 --algorithm astar --heuristic ff
p-063	success	  0.443696	  0.016662	  0.701371	118	/home/marcofavorito/planning-for-past-temporal-goals/bin/plan4past -t fd --domain data/deterministic/elevator/domain.pddl --problem data/deterministic/elevator/p-063.pddl --formula served_p0 & served_p1 & served_p2 & served_p3 & served_p4 & served_p5 & served_p6 & served_p7 & served_p8 & served_p9 & served_p10 & served_p11 & served_p12 --working-dir results/experiment-2-2021-12-15T00:54:17.482043/p4p-fd-ff/p-063 --algorithm astar --heuristic ff
p-064	success	  0.439051	  0.014696	  0.698145	75	/home/marcofavorito/planning-for-past-temporal-goals/bin/plan4past -t fd --domain data/deterministic/elevator/domain.pddl --problem data/deterministic/elevator/p-064.pddl --formula served_p0 & served_p1 & served_p2 & served_p3 & served_p4 & served_p5 & served_p6 & served_p7 & served_p8 & served_p9 & served_p10 & served_p11 & served_p12 --working-dir results/experiment-2-2021-12-15T00:54:17.482043/p4p-fd-ff/p-064 --algorithm astar --heuristic ff
p-065	success	  0.441288	  0.016736	  0.698959	75	/home/marcofavorito/planning-for-past-temporal-goals/bin/plan4past -t fd --domain data/deterministic/elevator/domain.pddl --problem data/deterministic/elevator/p-065.pddl --formula served_p0 & served_p1 & served_p2 & served_p3 & served_p4 & served_p5 & served_p6 & served_p7 & served_p8 & served_p9 & served_p10 & served_p11 & served_p12 --working-dir results/experiment-2-2021-12-15T00:54:17.482043/p4p-fd-ff/p-065 --algorithm astar --heuristic ff
p-066	success	  0.450140	  0.017292	  0.715483	71	/home/marcofavorito/planning-for-past-temporal-goals/bin/plan4past -t fd --domain data/deterministic/elevator/domain.pddl --problem data/deterministic/elevator/p-066.pddl --formula served_p0 & served_p1 & served_p2 & served_p3 & served_p4 & served_p5 & served_p6 & served_p7 & served_p8 & served_p9 & served_p10 & served_p11 & served_p12 & served_p13 --working-dir results/experiment-2-2021-12-15T00:54:17.482043/p4p-fd-ff/p-066 --algorithm astar --heuristic ff
p-067	success	  0.443949	  0.020627	  0.709096	84	/home/marcofavorito/planning-for-past-temporal-goals/bin/plan4past -t fd --domain data/deterministic/elevator/domain.pddl --problem data/deterministic/elevator/p-067.pddl --formula served_p0 & served_p1 & served_p2 & served_p3 & served_p4 & served_p5 & served_p6 & served_p7 & served_p8 & served_p9 & served_p10 & served_p11 & served_p12 & served_p13 --working-dir results/experiment-2-2021-12-15T00:54:17.482043/p4p-fd-ff/p-067 --algorithm astar --heuristic ff
p-068	success	  0.441030	  0.029045	  0.720281	128	/home/marcofavorito/planning-for-past-temporal-goals/bin/plan4past -t fd --domain data/deterministic/elevator/domain.pddl --problem data/deterministic/elevator/p-068.pddl --formula served_p0 & served_p1 & served_p2 & served_p3 & served_p4 & served_p5 & served_p6 & served_p7 & served_p8 & served_p9 & served_p10 & served_p11 & served_p12 & served_p13 --working-dir results/experiment-2-2021-12-15T00:54:17.482043/p4p-fd-ff/p-068 --algorithm astar --heuristic ff
p-069	success	  0.443954	  0.021454	  0.716420	102	/home/marcofavorito/planning-for-past-temporal-goals/bin/plan4past -t fd --domain data/deterministic/elevator/domain.pddl --problem data/deterministic/elevator/p-069.pddl --formula served_p0 & served_p1 & served_p2 & served_p3 & served_p4 & served_p5 & served_p6 & served_p7 & served_p8 & served_p9 & served_p10 & served_p11 & served_p12 & served_p13 --working-dir results/experiment-2-2021-12-15T00:54:17.482043/p4p-fd-ff/p-069 --algorithm astar --heuristic ff
p-070	success	  0.451475	  0.026913	  0.733954	119	/home/marcofavorito/planning-for-past-temporal-goals/bin/plan4past -t fd --domain data/deterministic/elevator/domain.pddl --problem data/deterministic/elevator/p-070.pddl --formula served_p0 & served_p1 & served_p2 & served_p3 & served_p4 & served_p5 & served_p6 & served_p7 & served_p8 & served_p9 & served_p10 & served_p11 & served_p12 & served_p13 --working-dir results/experiment-2-2021-12-15T00:54:17.482043/p4p-fd-ff/p-070 --algorithm astar --heuristic ff
p-071	success	  0.451619	  0.028441	  0.741895	110	/home/marcofavorito/planning-for-past-temporal-goals/bin/plan4past -t fd --domain data/deterministic/elevator/domain.pddl --problem data/deterministic/elevator/p-071.pddl --formula served_p0 & served_p1 & served_p2 & served_p3 & served_p4 & served_p5 & served_p6 & served_p7 & served_p8 & served_p9 & served_p10 & served_p11 & served_p12 & served_p13 & served_p14 --working-dir results/experiment-2-2021-12-15T00:54:17.482043/p4p-fd-ff/p-071 --algorithm astar --heuristic ff
p-072	success	  0.448847	  0.047225	  0.756124	184	/home/marcofavorito/planning-for-past-temporal-goals/bin/plan4past -t fd --domain data/deterministic/elevator/domain.pddl --problem data/deterministic/elevator/p-072.pddl --formula served_p0 & served_p1 & served_p2 & served_p3 & served_p4 & served_p5 & served_p6 & served_p7 & served_p8 & served_p9 & served_p10 & served_p11 & served_p12 & served_p13 & served_p14 --working-dir results/experiment-2-2021-12-15T00:54:17.482043/p4p-fd-ff/p-072 --algorithm astar --heuristic ff
p-073	success	  0.453506	  0.036085	  0.747512	155	/home/marcofavorito/planning-for-past-temporal-goals/bin/plan4past -t fd --domain data/deterministic/elevator/domain.pddl --problem data/deterministic/elevator/p-073.pddl --formula served_p0 & served_p1 & served_p2 & served_p3 & served_p4 & served_p5 & served_p6 & served_p7 & served_p8 & served_p9 & served_p10 & served_p11 & served_p12 & served_p13 & served_p14 --working-dir results/experiment-2-2021-12-15T00:54:17.482043/p4p-fd-ff/p-073 --algorithm astar --heuristic ff
p-074	success	  0.446963	  0.038210	  0.742338	168	/home/marcofavorito/planning-for-past-temporal-goals/bin/plan4past -t fd --domain data/deterministic/elevator/domain.pddl --problem data/deterministic/elevator/p-074.pddl --formula served_p0 & served_p1 & served_p2 & served_p3 & served_p4 & served_p5 & served_p6 & served_p7 & served_p8 & served_p9 & served_p10 & served_p11 & served_p12 & served_p13 & served_p14 --working-dir results/experiment-2-2021-12-15T00:54:17.482043/p4p-fd-ff/p-074 --algorithm astar --heuristic ff
p-075	success	  0.450391	  0.037283	  0.743905	157	/home/marcofavorito/planning-for-past-temporal-goals/bin/plan4past -t fd --domain data/deterministic/elevator/domain.pddl --problem data/deterministic/elevator/p-075.pddl --formula served_p0 & served_p1 & served_p2 & served_p3 & served_p4 & served_p5 & served_p6 & served_p7 & served_p8 & served_p9 & served_p10 & served_p11 & served_p12 & served_p13 & served_p14 --working-dir results/experiment-2-2021-12-15T00:54:17.482043/p4p-fd-ff/p-075 --algorithm astar --heuristic ff
p-076	success	  0.448757	  0.026018	  0.744389	112	/home/marcofavorito/planning-for-past-temporal-goals/bin/plan4past -t fd --domain data/deterministic/elevator/domain.pddl --problem data/deterministic/elevator/p-076.pddl --formula served_p0 & served_p1 & served_p2 & served_p3 & served_p4 & served_p5 & served_p6 & served_p7 & served_p8 & served_p9 & served_p10 & served_p11 & served_p12 & served_p13 & served_p14 & served_p15 --working-dir results/experiment-2-2021-12-15T00:54:17.482043/p4p-fd-ff/p-076 --algorithm astar --heuristic ff
p-077	success	  0.451343	  0.027268	  0.747042	112	/home/marcofavorito/planning-for-past-temporal-goals/bin/plan4past -t fd --domain data/deterministic/elevator/domain.pddl --problem data/deterministic/elevator/p-077.pddl --formula served_p0 & served_p1 & served_p2 & served_p3 & served_p4 & served_p5 & served_p6 & served_p7 & served_p8 & served_p9 & served_p10 & served_p11 & served_p12 & served_p13 & served_p14 & served_p15 --working-dir results/experiment-2-2021-12-15T00:54:17.482043/p4p-fd-ff/p-077 --algorithm astar --heuristic ff
p-078	success	  0.460153	  0.035567	  0.762092	137	/home/marcofavorito/planning-for-past-temporal-goals/bin/plan4past -t fd --domain data/deterministic/elevator/domain.pddl --problem data/deterministic/elevator/p-078.pddl --formula served_p0 & served_p1 & served_p2 & served_p3 & served_p4 & served_p5 & served_p6 & served_p7 & served_p8 & served_p9 & served_p10 & served_p11 & served_p12 & served_p13 & served_p14 & served_p15 --working-dir results/experiment-2-2021-12-15T00:54:17.482043/p4p-fd-ff/p-078 --algorithm astar --heuristic ff
p-079	success	  0.456269	  0.059668	  0.779895	212	/home/marcofavorito/planning-for-past-temporal-goals/bin/plan4past -t fd --domain data/deterministic/elevator/domain.pddl --problem data/deterministic/elevator/p-079.pddl --formula served_p0 & served_p1 & served_p2 & served_p3 & served_p4 & served_p5 & served_p6 & served_p7 & served_p8 & served_p9 & served_p10 & served_p11 & served_p12 & served_p13 & served_p14 & served_p15 --working-dir results/experiment-2-2021-12-15T00:54:17.482043/p4p-fd-ff/p-079 --algorithm astar --heuristic ff
p-080	success	  0.448910	  0.033629	  0.749684	138	/home/marcofavorito/planning-for-past-temporal-goals/bin/plan4past -t fd --domain data/deterministic/elevator/domain.pddl --problem data/deterministic/elevator/p-080.pddl --formula served_p0 & served_p1 & served_p2 & served_p3 & served_p4 & served_p5 & served_p6 & served_p7 & served_p8 & served_p9 & served_p10 & served_p11 & served_p12 & served_p13 & served_p14 & served_p15 --working-dir results/experiment-2-2021-12-15T00:54:17.482043/p4p-fd-ff/p-080 --algorithm astar --heuristic ff
p-081	success	  0.462151	  0.053114	  0.793854	168	/home/marcofavorito/planning-for-past-temporal-goals/bin/plan4past -t fd --domain data/deterministic/elevator/domain.pddl --problem data/deterministic/elevator/p-081.pddl --formula served_p0 & served_p1 & served_p2 & served_p3 & served_p4 & served_p5 & served_p6 & served_p7 & served_p8 & served_p9 & served_p10 & served_p11 & served_p12 & served_p13 & served_p14 & served_p15 & served_p16 --working-dir results/experiment-2-2021-12-15T00:54:17.482043/p4p-fd-ff/p-081 --algorithm astar --heuristic ff
p-082	success	  0.449033	  0.060496	  0.782496	175	/home/marcofavorito/planning-for-past-temporal-goals/bin/plan4past -t fd --domain data/deterministic/elevator/domain.pddl --problem data/deterministic/elevator/p-082.pddl --formula served_p0 & served_p1 & served_p2 & served_p3 & served_p4 & served_p5 & served_p6 & served_p7 & served_p8 & served_p9 & served_p10 & served_p11 & served_p12 & served_p13 & served_p14 & served_p15 & served_p16 --working-dir results/experiment-2-2021-12-15T00:54:17.482043/p4p-fd-ff/p-082 --algorithm astar --heuristic ff
p-083	success	  0.460057	  0.052897	  0.792854	180	/home/marcofavorito/planning-for-past-temporal-goals/bin/plan4past -t fd --domain data/deterministic/elevator/domain.pddl --problem data/deterministic/elevator/p-083.pddl --formula served_p0 & served_p1 & served_p2 & served_p3 & served_p4 & served_p5 & served_p6 & served_p7 & served_p8 & served_p9 & served_p10 & served_p11 & served_p12 & served_p13 & served_p14 & served_p15 & served_p16 --working-dir results/experiment-2-2021-12-15T00:54:17.482043/p4p-fd-ff/p-083 --algorithm astar --heuristic ff
p-084	success	  0.459445	  0.031469	  0.764919	116	/home/marcofavorito/planning-for-past-temporal-goals/bin/plan4past -t fd --domain data/deterministic/elevator/domain.pddl --problem data/deterministic/elevator/p-084.pddl --formula served_p0 & served_p1 & served_p2 & served_p3 & served_p4 & served_p5 & served_p6 & served_p7 & served_p8 & served_p9 & served_p10 & served_p11 & served_p12 & served_p13 & served_p14 & served_p15 & served_p16 --working-dir results/experiment-2-2021-12-15T00:54:17.482043/p4p-fd-ff/p-084 --algorithm astar --heuristic ff
p-085	success	  0.458600	 20.682800	 21.430792	86653	/home/marcofavorito/planning-for-past-temporal-goals/bin/plan4past -t fd --domain data/deterministic/elevator/domain.pddl --problem data/deterministic/elevator/p-085.pddl --formula served_p0 & served_p1 & served_p2 & served_p3 & served_p4 & served_p5 & served_p6 & served_p7 & served_p8 & served_p9 & served_p10 & served_p11 & served_p12 & served_p13 & served_p14 & served_p15 & served_p16 --working-dir results/experiment-2-2021-12-15T00:54:17.482043/p4p-fd-ff/p-085 --algorithm astar --heuristic ff
p-086	success	  0.462260	  0.060987	  0.809813	183	/home/marcofavorito/planning-for-past-temporal-goals/bin/plan4past -t fd --domain data/deterministic/elevator/domain.pddl --problem data/deterministic/elevator/p-086.pddl --formula served_p0 & served_p1 & served_p2 & served_p3 & served_p4 & served_p5 & served_p6 & served_p7 & served_p8 & served_p9 & served_p10 & served_p11 & served_p12 & served_p13 & served_p14 & served_p15 & served_p16 & served_p17 --working-dir results/experiment-2-2021-12-15T00:54:17.482043/p4p-fd-ff/p-086 --algorithm astar --heuristic ff
p-087	success	  0.461451	  0.068793	  0.815571	214	/home/marcofavorito/planning-for-past-temporal-goals/bin/plan4past -t fd --domain data/deterministic/elevator/domain.pddl --problem data/deterministic/elevator/p-087.pddl --formula served_p0 & served_p1 & served_p2 & served_p3 & served_p4 & served_p5 & served_p6 & served_p7 & served_p8 & served_p9 & served_p10 & served_p11 & served_p12 & served_p13 & served_p14 & served_p15 & served_p16 & served_p17 --working-dir results/experiment-2-2021-12-15T00:54:17.482043/p4p-fd-ff/p-087 --algorithm astar --heuristic ff
p-088	success	  0.466463	  0.066555	  0.815315	188	/home/marcofavorito/planning-for-past-temporal-goals/bin/plan4past -t fd --domain data/deterministic/elevator/domain.pddl --problem data/deterministic/elevator/p-088.pddl --formula served_p0 & served_p1 & served_p2 & served_p3 & served_p4 & served_p5 & served_p6 & served_p7 & served_p8 & served_p9 & served_p10 & served_p11 & served_p12 & served_p13 & served_p14 & served_p15 & served_p16 & served_p17 --working-dir results/experiment-2-2021-12-15T00:54:17.482043/p4p-fd-ff/p-088 --algorithm astar --heuristic ff
p-089	success	  0.470898	  0.050106	  0.806102	166	/home/marcofavorito/planning-for-past-temporal-goals/bin/plan4past -t fd --domain data/deterministic/elevator/domain.pddl --problem data/deterministic/elevator/p-089.pddl --formula served_p0 & served_p1 & served_p2 & served_p3 & served_p4 & served_p5 & served_p6 & served_p7 & served_p8 & served_p9 & served_p10 & served_p11 & served_p12 & served_p13 & served_p14 & served_p15 & served_p16 & served_p17 --working-dir results/experiment-2-2021-12-15T00:54:17.482043/p4p-fd-ff/p-089 --algorithm astar --heuristic ff
p-090	success	  0.462955	  0.055646	  0.804960	145	/home/marcofavorito/planning-for-past-temporal-goals/bin/plan4past -t fd --domain data/deterministic/elevator/domain.pddl --problem data/deterministic/elevator/p-090.pddl --formula served_p0 & served_p1 & served_p2 & served_p3 & served_p4 & served_p5 & served_p6 & served_p7 & served_p8 & served_p9 & served_p10 & served_p11 & served_p12 & served_p13 & served_p14 & served_p15 & served_p16 & served_p17 --working-dir results/experiment-2-2021-12-15T00:54:17.482043/p4p-fd-ff/p-090 --algorithm astar --heuristic ff
p-091	success	  0.478009	  0.063667	  0.844637	203	/home/marcofavorito/planning-for-past-temporal-goals/bin/plan4past -t fd --domain data/deterministic/elevator/domain.pddl --problem data/deterministic/elevator/p-091.pddl --formula served_p0 & served_p1 & served_p2 & served_p3 & served_p4 & served_p5 & served_p6 & served_p7 & served_p8 & served_p9 & served_p10 & served_p11 & served_p12 & served_p13 & served_p14 & served_p15 & served_p16 & served_p17 & served_p18 --working-dir results/experiment-2-2021-12-15T00:54:17.482043/p4p-fd-ff/p-091 --algorithm astar --heuristic ff
p-092	success	  0.480034	  0.068632	  0.850154	217	/home/marcofavorito/planning-for-past-temporal-goals/bin/plan4past -t fd --domain data/deterministic/elevator/domain.pddl --problem data/deterministic/elevator/p-092.pddl --formula served_p0 & served_p1 & served_p2 & served_p3 & served_p4 & served_p5 & served_p6 & served_p7 & served_p8 & served_p9 & served_p10 & served_p11 & served_p12 & served_p13 & served_p14 & served_p15 & served_p16 & served_p17 & served_p18 --working-dir results/experiment-2-2021-12-15T00:54:17.482043/p4p-fd-ff/p-092 --algorithm astar --heuristic ff
p-093	timeout	 -1.000000	 -1.000000	300.004435	None	/home/marcofavorito/planning-for-past-temporal-goals/bin/plan4past -t fd --domain data/deterministic/elevator/domain.pddl --problem data/deterministic/elevator/p-093.pddl --formula served_p0 & served_p1 & served_p2 & served_p3 & served_p4 & served_p5 & served_p6 & served_p7 & served_p8 & served_p9 & served_p10 & served_p11 & served_p12 & served_p13 & served_p14 & served_p15 & served_p16 & served_p17 & served_p18 --working-dir results/experiment-2-2021-12-15T00:54:17.482043/p4p-fd-ff/p-093 --algorithm astar --heuristic ff
p-094	success	  0.486016	  0.067837	  0.859310	207	/home/marcofavorito/planning-for-past-temporal-goals/bin/plan4past -t fd --domain data/deterministic/elevator/domain.pddl --problem data/deterministic/elevator/p-094.pddl --formula served_p0 & served_p1 & served_p2 & served_p3 & served_p4 & served_p5 & served_p6 & served_p7 & served_p8 & served_p9 & served_p10 & served_p11 & served_p12 & served_p13 & served_p14 & served_p15 & served_p16 & served_p17 & served_p18 --working-dir results/experiment-2-2021-12-15T00:54:17.482043/p4p-fd-ff/p-094 --algorithm astar --heuristic ff
p-095	success	  0.473565	  0.067819	  0.843174	161	/home/marcofavorito/planning-for-past-temporal-goals/bin/plan4past -t fd --domain data/deterministic/elevator/domain.pddl --problem data/deterministic/elevator/p-095.pddl --formula served_p0 & served_p1 & served_p2 & served_p3 & served_p4 & served_p5 & served_p6 & served_p7 & served_p8 & served_p9 & served_p10 & served_p11 & served_p12 & served_p13 & served_p14 & served_p15 & served_p16 & served_p17 & served_p18 --working-dir results/experiment-2-2021-12-15T00:54:17.482043/p4p-fd-ff/p-095 --algorithm astar --heuristic ff
p-096	success	  0.478107	154.964000	155.828435	496091	/home/marcofavorito/planning-for-past-temporal-goals/bin/plan4past -t fd --domain data/deterministic/elevator/domain.pddl --problem data/deterministic/elevator/p-096.pddl --formula served_p0 & served_p1 & served_p2 & served_p3 & served_p4 & served_p5 & served_p6 & served_p7 & served_p8 & served_p9 & served_p10 & served_p11 & served_p12 & served_p13 & served_p14 & served_p15 & served_p16 & served_p17 & served_p18 & served_p19 --working-dir results/experiment-2-2021-12-15T00:54:17.482043/p4p-fd-ff/p-096 --algorithm astar --heuristic ff
p-097	success	  0.485066	  0.054608	  0.860376	159	/home/marcofavorito/planning-for-past-temporal-goals/bin/plan4past -t fd --domain data/deterministic/elevator/domain.pddl --problem data/deterministic/elevator/p-097.pddl --formula served_p0 & served_p1 & served_p2 & served_p3 & served_p4 & served_p5 & served_p6 & served_p7 & served_p8 & served_p9 & served_p10 & served_p11 & served_p12 & served_p13 & served_p14 & served_p15 & served_p16 & served_p17 & served_p18 & served_p19 --working-dir results/experiment-2-2021-12-15T00:54:17.482043/p4p-fd-ff/p-097 --algorithm astar --heuristic ff
p-098	success	  0.480026	  0.260994	  1.057867	482	/home/marcofavorito/planning-for-past-temporal-goals/bin/plan4past -t fd --domain data/deterministic/elevator/domain.pddl --problem data/deterministic/elevator/p-098.pddl --formula served_p0 & served_p1 & served_p2 & served_p3 & served_p4 & served_p5 & served_p6 & served_p7 & served_p8 & served_p9 & served_p10 & served_p11 & served_p12 & served_p13 & served_p14 & served_p15 & served_p16 & served_p17 & served_p18 & served_p19 --working-dir results/experiment-2-2021-12-15T00:54:17.482043/p4p-fd-ff/p-098 --algorithm astar --heuristic ff
p-099	success	  0.487035	  0.117330	  0.922591	268	/home/marcofavorito/planning-for-past-temporal-goals/bin/plan4past -t fd --domain data/deterministic/elevator/domain.pddl --problem data/deterministic/elevator/p-099.pddl --formula served_p0 & served_p1 & served_p2 & served_p3 & served_p4 & served_p5 & served_p6 & served_p7 & served_p8 & served_p9 & served_p10 & served_p11 & served_p12 & served_p13 & served_p14 & served_p15 & served_p16 & served_p17 & served_p18 & served_p19 --working-dir results/experiment-2-2021-12-15T00:54:17.482043/p4p-fd-ff/p-099 --algorithm astar --heuristic ff
p-100	success	  0.479226	  0.080137	  0.875761	194	/home/marcofavorito/planning-for-past-temporal-goals/bin/plan4past -t fd --domain data/deterministic/elevator/domain.pddl --problem data/deterministic/elevator/p-100.pddl --formula served_p0 & served_p1 & served_p2 & served_p3 & served_p4 & served_p5 & served_p6 & served_p7 & served_p8 & served_p9 & served_p10 & served_p11 & served_p12 & served_p13 & served_p14 & served_p15 & served_p16 & served_p17 & served_p18 & served_p19 --working-dir results/experiment-2-2021-12-15T00:54:17.482043/p4p-fd-ff/p-100 --algorithm astar --heuristic ff
p-101	success	  0.494333	  0.121133	  0.940007	251	/home/marcofavorito/planning-for-past-temporal-goals/bin/plan4past -t fd --domain data/deterministic/elevator/domain.pddl --problem data/deterministic/elevator/p-101.pddl --formula served_p0 & served_p1 & served_p2 & served_p3 & served_p4 & served_p5 & served_p6 & served_p7 & served_p8 & served_p9 & served_p10 & served_p11 & served_p12 & served_p13 & served_p14 & served_p15 & served_p16 & served_p17 & served_p18 & served_p19 & served_p20 --working-dir results/experiment-2-2021-12-15T00:54:17.482043/p4p-fd-ff/p-101 --algorithm astar --heuristic ff
p-102	success	  0.490553	  0.084520	  0.903939	209	/home/marcofavorito/planning-for-past-temporal-goals/bin/plan4past -t fd --domain data/deterministic/elevator/domain.pddl --problem data/deterministic/elevator/p-102.pddl --formula served_p0 & served_p1 & served_p2 & served_p3 & served_p4 & served_p5 & served_p6 & served_p7 & served_p8 & served_p9 & served_p10 & served_p11 & served_p12 & served_p13 & served_p14 & served_p15 & served_p16 & served_p17 & served_p18 & served_p19 & served_p20 --working-dir results/experiment-2-2021-12-15T00:54:17.482043/p4p-fd-ff/p-102 --algorithm astar --heuristic ff
p-103	success	  0.487166	  0.055836	  0.863707	137	/home/marcofavorito/planning-for-past-temporal-goals/bin/plan4past -t fd --domain data/deterministic/elevator/domain.pddl --problem data/deterministic/elevator/p-103.pddl --formula served_p0 & served_p1 & served_p2 & served_p3 & served_p4 & served_p5 & served_p6 & served_p7 & served_p8 & served_p9 & served_p10 & served_p11 & served_p12 & served_p13 & served_p14 & served_p15 & served_p16 & served_p17 & served_p18 & served_p19 & served_p20 --working-dir results/experiment-2-2021-12-15T00:54:17.482043/p4p-fd-ff/p-103 --algorithm astar --heuristic ff
p-104	success	  0.490078	  0.086079	  0.899733	197	/home/marcofavorito/planning-for-past-temporal-goals/bin/plan4past -t fd --domain data/deterministic/elevator/domain.pddl --problem data/deterministic/elevator/p-104.pddl --formula served_p0 & served_p1 & served_p2 & served_p3 & served_p4 & served_p5 & served_p6 & served_p7 & served_p8 & served_p9 & served_p10 & served_p11 & served_p12 & served_p13 & served_p14 & served_p15 & served_p16 & served_p17 & served_p18 & served_p19 & served_p20 --working-dir results/experiment-2-2021-12-15T00:54:17.482043/p4p-fd-ff/p-104 --algorithm astar --heuristic ff
p-105	success	  0.490797	  0.076521	  0.899551	167	/home/marcofavorito/planning-for-past-temporal-goals/bin/plan4past -t fd --domain data/deterministic/elevator/domain.pddl --problem data/deterministic/elevator/p-105.pddl --formula served_p0 & served_p1 & served_p2 & served_p3 & served_p4 & served_p5 & served_p6 & served_p7 & served_p8 & served_p9 & served_p10 & served_p11 & served_p12 & served_p13 & served_p14 & served_p15 & served_p16 & served_p17 & served_p18 & served_p19 & served_p20 --working-dir results/experiment-2-2021-12-15T00:54:17.482043/p4p-fd-ff/p-105 --algorithm astar --heuristic ff
p-106	success	  0.502626	  0.168008	  1.007480	339	/home/marcofavorito/planning-for-past-temporal-goals/bin/plan4past -t fd --domain data/deterministic/elevator/domain.pddl --problem data/deterministic/elevator/p-106.pddl --formula served_p0 & served_p1 & served_p2 & served_p3 & served_p4 & served_p5 & served_p6 & served_p7 & served_p8 & served_p9 & served_p10 & served_p11 & served_p12 & served_p13 & served_p14 & served_p15 & served_p16 & served_p17 & served_p18 & served_p19 & served_p20 & served_p21 --working-dir results/experiment-2-2021-12-15T00:54:17.482043/p4p-fd-ff/p-106 --algorithm astar --heuristic ff
p-107	success	  0.501640	  0.148538	  0.999636	289	/home/marcofavorito/planning-for-past-temporal-goals/bin/plan4past -t fd --domain data/deterministic/elevator/domain.pddl --problem data/deterministic/elevator/p-107.pddl --formula served_p0 & served_p1 & served_p2 & served_p3 & served_p4 & served_p5 & served_p6 & served_p7 & served_p8 & served_p9 & served_p10 & served_p11 & served_p12 & served_p13 & served_p14 & served_p15 & served_p16 & served_p17 & served_p18 & served_p19 & served_p20 & served_p21 --working-dir results/experiment-2-2021-12-15T00:54:17.482043/p4p-fd-ff/p-107 --algorithm astar --heuristic ff
p-108	success	  0.504361	  0.184512	  1.030584	357	/home/marcofavorito/planning-for-past-temporal-goals/bin/plan4past -t fd --domain data/deterministic/elevator/domain.pddl --problem data/deterministic/elevator/p-108.pddl --formula served_p0 & served_p1 & served_p2 & served_p3 & served_p4 & served_p5 & served_p6 & served_p7 & served_p8 & served_p9 & served_p10 & served_p11 & served_p12 & served_p13 & served_p14 & served_p15 & served_p16 & served_p17 & served_p18 & served_p19 & served_p20 & served_p21 --working-dir results/experiment-2-2021-12-15T00:54:17.482043/p4p-fd-ff/p-108 --algorithm astar --heuristic ff
p-109	success	  0.496121	  0.069112	  0.902776	183	/home/marcofavorito/planning-for-past-temporal-goals/bin/plan4past -t fd --domain data/deterministic/elevator/domain.pddl --problem data/deterministic/elevator/p-109.pddl --formula served_p0 & served_p1 & served_p2 & served_p3 & served_p4 & served_p5 & served_p6 & served_p7 & served_p8 & served_p9 & served_p10 & served_p11 & served_p12 & served_p13 & served_p14 & served_p15 & served_p16 & served_p17 & served_p18 & served_p19 & served_p20 & served_p21 --working-dir results/experiment-2-2021-12-15T00:54:17.482043/p4p-fd-ff/p-109 --algorithm astar --heuristic ff
p-110	success	  0.498312	  0.098423	  0.937506	188	/home/marcofavorito/planning-for-past-temporal-goals/bin/plan4past -t fd --domain data/deterministic/elevator/domain.pddl --problem data/deterministic/elevator/p-110.pddl --formula served_p0 & served_p1 & served_p2 & served_p3 & served_p4 & served_p5 & served_p6 & served_p7 & served_p8 & served_p9 & served_p10 & served_p11 & served_p12 & served_p13 & served_p14 & served_p15 & served_p16 & served_p17 & served_p18 & served_p19 & served_p20 & served_p21 --working-dir results/experiment-2-2021-12-15T00:54:17.482043/p4p-fd-ff/p-110 --algorithm astar --heuristic ff
p-111	success	  0.503711	  0.124861	  0.996875	236	/home/marcofavorito/planning-for-past-temporal-goals/bin/plan4past -t fd --domain data/deterministic/elevator/domain.pddl --problem data/deterministic/elevator/p-111.pddl --formula served_p0 & served_p1 & served_p2 & served_p3 & served_p4 & served_p5 & served_p6 & served_p7 & served_p8 & served_p9 & served_p10 & served_p11 & served_p12 & served_p13 & served_p14 & served_p15 & served_p16 & served_p17 & served_p18 & served_p19 & served_p20 & served_p21 & served_p22 --working-dir results/experiment-2-2021-12-15T00:54:17.482043/p4p-fd-ff/p-111 --algorithm astar --heuristic ff
p-112	timeout	 -1.000000	 -1.000000	300.004664	None	/home/marcofavorito/planning-for-past-temporal-goals/bin/plan4past -t fd --domain data/deterministic/elevator/domain.pddl --problem data/deterministic/elevator/p-112.pddl --formula served_p0 & served_p1 & served_p2 & served_p3 & served_p4 & served_p5 & served_p6 & served_p7 & served_p8 & served_p9 & served_p10 & served_p11 & served_p12 & served_p13 & served_p14 & served_p15 & served_p16 & served_p17 & served_p18 & served_p19 & served_p20 & served_p21 & served_p22 --working-dir results/experiment-2-2021-12-15T00:54:17.482043/p4p-fd-ff/p-112 --algorithm astar --heuristic ff
p-113	success	  0.504943	  0.141117	  1.012009	245	/home/marcofavorito/planning-for-past-temporal-goals/bin/plan4past -t fd --domain data/deterministic/elevator/domain.pddl --problem data/deterministic/elevator/p-113.pddl --formula served_p0 & served_p1 & served_p2 & served_p3 & served_p4 & served_p5 & served_p6 & served_p7 & served_p8 & served_p9 & served_p10 & served_p11 & served_p12 & served_p13 & served_p14 & served_p15 & served_p16 & served_p17 & served_p18 & served_p19 & served_p20 & served_p21 & served_p22 --working-dir results/experiment-2-2021-12-15T00:54:17.482043/p4p-fd-ff/p-113 --algorithm astar --heuristic ff
p-114	timeout	 -1.000000	 -1.000000	300.004171	None	/home/marcofavorito/planning-for-past-temporal-goals/bin/plan4past -t fd --domain data/deterministic/elevator/domain.pddl --problem data/deterministic/elevator/p-114.pddl --formula served_p0 & served_p1 & served_p2 & served_p3 & served_p4 & served_p5 & served_p6 & served_p7 & served_p8 & served_p9 & served_p10 & served_p11 & served_p12 & served_p13 & served_p14 & served_p15 & served_p16 & served_p17 & served_p18 & served_p19 & served_p20 & served_p21 & served_p22 --working-dir results/experiment-2-2021-12-15T00:54:17.482043/p4p-fd-ff/p-114 --algorithm astar --heuristic ff
p-115	success	  0.501986	  0.138114	  1.001167	246	/home/marcofavorito/planning-for-past-temporal-goals/bin/plan4past -t fd --domain data/deterministic/elevator/domain.pddl --problem data/deterministic/elevator/p-115.pddl --formula served_p0 & served_p1 & served_p2 & served_p3 & served_p4 & served_p5 & served_p6 & served_p7 & served_p8 & served_p9 & served_p10 & served_p11 & served_p12 & served_p13 & served_p14 & served_p15 & served_p16 & served_p17 & served_p18 & served_p19 & served_p20 & served_p21 & served_p22 --working-dir results/experiment-2-2021-12-15T00:54:17.482043/p4p-fd-ff/p-115 --algorithm astar --heuristic ff
p-116	success	  0.515857	  0.161514	  1.057896	224	/home/marcofavorito/planning-for-past-temporal-goals/bin/plan4past -t fd --domain data/deterministic/elevator/domain.pddl --problem data/deterministic/elevator/p-116.pddl --formula served_p0 & served_p1 & served_p2 & served_p3 & served_p4 & served_p5 & served_p6 & served_p7 & served_p8 & served_p9 & served_p10 & served_p11 & served_p12 & served_p13 & served_p14 & served_p15 & served_p16 & served_p17 & served_p18 & served_p19 & served_p20 & served_p21 & served_p22 & served_p23 --working-dir results/experiment-2-2021-12-15T00:54:17.482043/p4p-fd-ff/p-116 --algorithm astar --heuristic ff
p-117	success	  0.500600	  0.180050	  1.061268	290	/home/marcofavorito/planning-for-past-temporal-goals/bin/plan4past -t fd --domain data/deterministic/elevator/domain.pddl --problem data/deterministic/elevator/p-117.pddl --formula served_p0 & served_p1 & served_p2 & served_p3 & served_p4 & served_p5 & served_p6 & served_p7 & served_p8 & served_p9 & served_p10 & served_p11 & served_p12 & served_p13 & served_p14 & served_p15 & served_p16 & served_p17 & served_p18 & served_p19 & served_p20 & served_p21 & served_p22 & served_p23 --working-dir results/experiment-2-2021-12-15T00:54:17.482043/p4p-fd-ff/p-117 --algorithm astar --heuristic ff
p-118	success	  0.509242	  0.168075	  1.049014	284	/home/marcofavorito/planning-for-past-temporal-goals/bin/plan4past -t fd --domain data/deterministic/elevator/domain.pddl --problem data/deterministic/elevator/p-118.pddl --formula served_p0 & served_p1 & served_p2 & served_p3 & served_p4 & served_p5 & served_p6 & served_p7 & served_p8 & served_p9 & served_p10 & served_p11 & served_p12 & served_p13 & served_p14 & served_p15 & served_p16 & served_p17 & served_p18 & served_p19 & served_p20 & served_p21 & served_p22 & served_p23 --working-dir results/experiment-2-2021-12-15T00:54:17.482043/p4p-fd-ff/p-118 --algorithm astar --heuristic ff
p-119	success	  0.511047	  0.133144	  1.017857	274	/home/marcofavorito/planning-for-past-temporal-goals/bin/plan4past -t fd --domain data/deterministic/elevator/domain.pddl --problem data/deterministic/elevator/p-119.pddl --formula served_p0 & served_p1 & served_p2 & served_p3 & served_p4 & served_p5 & served_p6 & served_p7 & served_p8 & served_p9 & served_p10 & served_p11 & served_p12 & served_p13 & served_p14 & served_p15 & served_p16 & served_p17 & served_p18 & served_p19 & served_p20 & served_p21 & served_p22 & served_p23 --working-dir results/experiment-2-2021-12-15T00:54:17.482043/p4p-fd-ff/p-119 --algorithm astar --heuristic ff
p-120	success	  0.503522	  0.169453	  1.043802	271	/home/marcofavorito/planning-for-past-temporal-goals/bin/plan4past -t fd --domain data/deterministic/elevator/domain.pddl --problem data/deterministic/elevator/p-120.pddl --formula served_p0 & served_p1 & served_p2 & served_p3 & served_p4 & served_p5 & served_p6 & served_p7 & served_p8 & served_p9 & served_p10 & served_p11 & served_p12 & served_p13 & served_p14 & served_p15 & served_p16 & served_p17 & served_p18 & served_p19 & served_p20 & served_p21 & served_p22 & served_p23 --working-dir results/experiment-2-2021-12-15T00:54:17.482043/p4p-fd-ff/p-120 --algorithm astar --heuristic ff
p-121	success	  0.504180	  0.280565	  1.173584	436	/home/marcofavorito/planning-for-past-temporal-goals/bin/plan4past -t fd --domain data/deterministic/elevator/domain.pddl --problem data/deterministic/elevator/p-121.pddl --formula served_p0 & served_p1 & served_p2 & served_p3 & served_p4 & served_p5 & served_p6 & served_p7 & served_p8 & served_p9 & served_p10 & served_p11 & served_p12 & served_p13 & served_p14 & served_p15 & served_p16 & served_p17 & served_p18 & served_p19 & served_p20 & served_p21 & served_p22 & served_p23 & served_p24 --working-dir results/experiment-2-2021-12-15T00:54:17.482043/p4p-fd-ff/p-121 --algorithm astar --heuristic ff
p-122	success	  0.506893	  0.392474	  1.289703	552	/home/marcofavorito/planning-for-past-temporal-goals/bin/plan4past -t fd --domain data/deterministic/elevator/domain.pddl --problem data/deterministic/elevator/p-122.pddl --formula served_p0 & served_p1 & served_p2 & served_p3 & served_p4 & served_p5 & served_p6 & served_p7 & served_p8 & served_p9 & served_p10 & served_p11 & served_p12 & served_p13 & served_p14 & served_p15 & served_p16 & served_p17 & served_p18 & served_p19 & served_p20 & served_p21 & served_p22 & served_p23 & served_p24 --working-dir results/experiment-2-2021-12-15T00:54:17.482043/p4p-fd-ff/p-122 --algorithm astar --heuristic ff
p-123	timeout	 -1.000000	 -1.000000	300.004650	None	/home/marcofavorito/planning-for-past-temporal-goals/bin/plan4past -t fd --domain data/deterministic/elevator/domain.pddl --problem data/deterministic/elevator/p-123.pddl --formula served_p0 & served_p1 & served_p2 & served_p3 & served_p4 & served_p5 & served_p6 & served_p7 & served_p8 & served_p9 & served_p10 & served_p11 & served_p12 & served_p13 & served_p14 & served_p15 & served_p16 & served_p17 & served_p18 & served_p19 & served_p20 & served_p21 & served_p22 & served_p23 & served_p24 --working-dir results/experiment-2-2021-12-15T00:54:17.482043/p4p-fd-ff/p-123 --algorithm astar --heuristic ff
p-124	success	  0.520385	  0.148449	  1.063587	275	/home/marcofavorito/planning-for-past-temporal-goals/bin/plan4past -t fd --domain data/deterministic/elevator/domain.pddl --problem data/deterministic/elevator/p-124.pddl --formula served_p0 & served_p1 & served_p2 & served_p3 & served_p4 & served_p5 & served_p6 & served_p7 & served_p8 & served_p9 & served_p10 & served_p11 & served_p12 & served_p13 & served_p14 & served_p15 & served_p16 & served_p17 & served_p18 & served_p19 & served_p20 & served_p21 & served_p22 & served_p23 & served_p24 --working-dir results/experiment-2-2021-12-15T00:54:17.482043/p4p-fd-ff/p-124 --algorithm astar --heuristic ff
p-125	success	  0.522878	  0.230964	  1.148321	333	/home/marcofavorito/planning-for-past-temporal-goals/bin/plan4past -t fd --domain data/deterministic/elevator/domain.pddl --problem data/deterministic/elevator/p-125.pddl --formula served_p0 & served_p1 & served_p2 & served_p3 & served_p4 & served_p5 & served_p6 & served_p7 & served_p8 & served_p9 & served_p10 & served_p11 & served_p12 & served_p13 & served_p14 & served_p15 & served_p16 & served_p17 & served_p18 & served_p19 & served_p20 & served_p21 & served_p22 & served_p23 & served_p24 --working-dir results/experiment-2-2021-12-15T00:54:17.482043/p4p-fd-ff/p-125 --algorithm astar --heuristic ff
p-126	success	  0.527042	  0.274248	  1.210391	403	/home/marcofavorito/planning-for-past-temporal-goals/bin/plan4past -t fd --domain data/deterministic/elevator/domain.pddl --problem data/deterministic/elevator/p-126.pddl --formula served_p0 & served_p1 & served_p2 & served_p3 & served_p4 & served_p5 & served_p6 & served_p7 & served_p8 & served_p9 & served_p10 & served_p11 & served_p12 & served_p13 & served_p14 & served_p15 & served_p16 & served_p17 & served_p18 & served_p19 & served_p20 & served_p21 & served_p22 & served_p23 & served_p24 & served_p25 --working-dir results/experiment-2-2021-12-15T00:54:17.482043/p4p-fd-ff/p-126 --algorithm astar --heuristic ff
p-127	timeout	 -1.000000	 -1.000000	300.004981	None	/home/marcofavorito/planning-for-past-temporal-goals/bin/plan4past -t fd --domain data/deterministic/elevator/domain.pddl --problem data/deterministic/elevator/p-127.pddl --formula served_p0 & served_p1 & served_p2 & served_p3 & served_p4 & served_p5 & served_p6 & served_p7 & served_p8 & served_p9 & served_p10 & served_p11 & served_p12 & served_p13 & served_p14 & served_p15 & served_p16 & served_p17 & served_p18 & served_p19 & served_p20 & served_p21 & served_p22 & served_p23 & served_p24 & served_p25 --working-dir results/experiment-2-2021-12-15T00:54:17.482043/p4p-fd-ff/p-127 --algorithm astar --heuristic ff
p-128	success	  0.515291	  0.170778	  1.091226	306	/home/marcofavorito/planning-for-past-temporal-goals/bin/plan4past -t fd --domain data/deterministic/elevator/domain.pddl --problem data/deterministic/elevator/p-128.pddl --formula served_p0 & served_p1 & served_p2 & served_p3 & served_p4 & served_p5 & served_p6 & served_p7 & served_p8 & served_p9 & served_p10 & served_p11 & served_p12 & served_p13 & served_p14 & served_p15 & served_p16 & served_p17 & served_p18 & served_p19 & served_p20 & served_p21 & served_p22 & served_p23 & served_p24 & served_p25 --working-dir results/experiment-2-2021-12-15T00:54:17.482043/p4p-fd-ff/p-128 --algorithm astar --heuristic ff
p-129	success	  0.523375	  0.304495	  1.237108	456	/home/marcofavorito/planning-for-past-temporal-goals/bin/plan4past -t fd --domain data/deterministic/elevator/domain.pddl --problem data/deterministic/elevator/p-129.pddl --formula served_p0 & served_p1 & served_p2 & served_p3 & served_p4 & served_p5 & served_p6 & served_p7 & served_p8 & served_p9 & served_p10 & served_p11 & served_p12 & served_p13 & served_p14 & served_p15 & served_p16 & served_p17 & served_p18 & served_p19 & served_p20 & served_p21 & served_p22 & served_p23 & served_p24 & served_p25 --working-dir results/experiment-2-2021-12-15T00:54:17.482043/p4p-fd-ff/p-129 --algorithm astar --heuristic ff
p-130	success	  0.520849	  0.140475	  1.062054	245	/home/marcofavorito/planning-for-past-temporal-goals/bin/plan4past -t fd --domain data/deterministic/elevator/domain.pddl --problem data/deterministic/elevator/p-130.pddl --formula served_p0 & served_p1 & served_p2 & served_p3 & served_p4 & served_p5 & served_p6 & served_p7 & served_p8 & served_p9 & served_p10 & served_p11 & served_p12 & served_p13 & served_p14 & served_p15 & served_p16 & served_p17 & served_p18 & served_p19 & served_p20 & served_p21 & served_p22 & served_p23 & served_p24 & served_p25 --working-dir results/experiment-2-2021-12-15T00:54:17.482043/p4p-fd-ff/p-130 --algorithm astar --heuristic ff
p-131	timeout	 -1.000000	 -1.000000	300.004721	None	/home/marcofavorito/planning-for-past-temporal-goals/bin/plan4past -t fd --domain data/deterministic/elevator/domain.pddl --problem data/deterministic/elevator/p-131.pddl --formula served_p0 & served_p1 & served_p2 & served_p3 & served_p4 & served_p5 & served_p6 & served_p7 & served_p8 & served_p9 & served_p10 & served_p11 & served_p12 & served_p13 & served_p14 & served_p15 & served_p16 & served_p17 & served_p18 & served_p19 & served_p20 & served_p21 & served_p22 & served_p23 & served_p24 & served_p25 & served_p26 --working-dir results/experiment-2-2021-12-15T00:54:17.482043/p4p-fd-ff/p-131 --algorithm astar --heuristic ff
p-132	success	  0.528677	  0.148069	  1.095302	234	/home/marcofavorito/planning-for-past-temporal-goals/bin/plan4past -t fd --domain data/deterministic/elevator/domain.pddl --problem data/deterministic/elevator/p-132.pddl --formula served_p0 & served_p1 & served_p2 & served_p3 & served_p4 & served_p5 & served_p6 & served_p7 & served_p8 & served_p9 & served_p10 & served_p11 & served_p12 & served_p13 & served_p14 & served_p15 & served_p16 & served_p17 & served_p18 & served_p19 & served_p20 & served_p21 & served_p22 & served_p23 & served_p24 & served_p25 & served_p26 --working-dir results/experiment-2-2021-12-15T00:54:17.482043/p4p-fd-ff/p-132 --algorithm astar --heuristic ff
p-133	success	  0.524612	  0.698385	  1.640028	687	/home/marcofavorito/planning-for-past-temporal-goals/bin/plan4past -t fd --domain data/deterministic/elevator/domain.pddl --problem data/deterministic/elevator/p-133.pddl --formula served_p0 & served_p1 & served_p2 & served_p3 & served_p4 & served_p5 & served_p6 & served_p7 & served_p8 & served_p9 & served_p10 & served_p11 & served_p12 & served_p13 & served_p14 & served_p15 & served_p16 & served_p17 & served_p18 & served_p19 & served_p20 & served_p21 & served_p22 & served_p23 & served_p24 & served_p25 & served_p26 --working-dir results/experiment-2-2021-12-15T00:54:17.482043/p4p-fd-ff/p-133 --algorithm astar --heuristic ff
p-134	success	  0.542821	  0.243649	  1.213229	340	/home/marcofavorito/planning-for-past-temporal-goals/bin/plan4past -t fd --domain data/deterministic/elevator/domain.pddl --problem data/deterministic/elevator/p-134.pddl --formula served_p0 & served_p1 & served_p2 & served_p3 & served_p4 & served_p5 & served_p6 & served_p7 & served_p8 & served_p9 & served_p10 & served_p11 & served_p12 & served_p13 & served_p14 & served_p15 & served_p16 & served_p17 & served_p18 & served_p19 & served_p20 & served_p21 & served_p22 & served_p23 & served_p24 & served_p25 & served_p26 --working-dir results/experiment-2-2021-12-15T00:54:17.482043/p4p-fd-ff/p-134 --algorithm astar --heuristic ff
p-135	success	  0.545557	  0.407310	  1.381344	486	/home/marcofavorito/planning-for-past-temporal-goals/bin/plan4past -t fd --domain data/deterministic/elevator/domain.pddl --problem data/deterministic/elevator/p-135.pddl --formula served_p0 & served_p1 & served_p2 & served_p3 & served_p4 & served_p5 & served_p6 & served_p7 & served_p8 & served_p9 & served_p10 & served_p11 & served_p12 & served_p13 & served_p14 & served_p15 & served_p16 & served_p17 & served_p18 & served_p19 & served_p20 & served_p21 & served_p22 & served_p23 & served_p24 & served_p25 & served_p26 --working-dir results/experiment-2-2021-12-15T00:54:17.482043/p4p-fd-ff/p-135 --algorithm astar --heuristic ff
p-136	success	  0.550632	  0.234841	  1.234388	363	/home/marcofavorito/planning-for-past-temporal-goals/bin/plan4past -t fd --domain data/deterministic/elevator/domain.pddl --problem data/deterministic/elevator/p-136.pddl --formula served_p0 & served_p1 & served_p2 & served_p3 & served_p4 & served_p5 & served_p6 & served_p7 & served_p8 & served_p9 & served_p10 & served_p11 & served_p12 & served_p13 & served_p14 & served_p15 & served_p16 & served_p17 & served_p18 & served_p19 & served_p20 & served_p21 & served_p22 & served_p23 & served_p24 & served_p25 & served_p26 & served_p27 --working-dir results/experiment-2-2021-12-15T00:54:17.482043/p4p-fd-ff/p-136 --algorithm astar --heuristic ff
p-137	timeout	 -1.000000	 -1.000000	300.004395	None	/home/marcofavorito/planning-for-past-temporal-goals/bin/plan4past -t fd --domain data/deterministic/elevator/domain.pddl --problem data/deterministic/elevator/p-137.pddl --formula served_p0 & served_p1 & served_p2 & served_p3 & served_p4 & served_p5 & served_p6 & served_p7 & served_p8 & served_p9 & served_p10 & served_p11 & served_p12 & served_p13 & served_p14 & served_p15 & served_p16 & served_p17 & served_p18 & served_p19 & served_p20 & served_p21 & served_p22 & served_p23 & served_p24 & served_p25 & served_p26 & served_p27 --working-dir results/experiment-2-2021-12-15T00:54:17.482043/p4p-fd-ff/p-137 --algorithm astar --heuristic ff
p-138	success	  0.542629	  0.303692	  1.285780	416	/home/marcofavorito/planning-for-past-temporal-goals/bin/plan4past -t fd --domain data/deterministic/elevator/domain.pddl --problem data/deterministic/elevator/p-138.pddl --formula served_p0 & served_p1 & served_p2 & served_p3 & served_p4 & served_p5 & served_p6 & served_p7 & served_p8 & served_p9 & served_p10 & served_p11 & served_p12 & served_p13 & served_p14 & served_p15 & served_p16 & served_p17 & served_p18 & served_p19 & served_p20 & served_p21 & served_p22 & served_p23 & served_p24 & served_p25 & served_p26 & served_p27 --working-dir results/experiment-2-2021-12-15T00:54:17.482043/p4p-fd-ff/p-138 --algorithm astar --heuristic ff
p-139	success	  0.530234	  0.442636	  1.411594	419	/home/marcofavorito/planning-for-past-temporal-goals/bin/plan4past -t fd --domain data/deterministic/elevator/domain.pddl --problem data/deterministic/elevator/p-139.pddl --formula served_p0 & served_p1 & served_p2 & served_p3 & served_p4 & served_p5 & served_p6 & served_p7 & served_p8 & served_p9 & served_p10 & served_p11 & served_p12 & served_p13 & served_p14 & served_p15 & served_p16 & served_p17 & served_p18 & served_p19 & served_p20 & served_p21 & served_p22 & served_p23 & served_p24 & served_p25 & served_p26 & served_p27 --working-dir results/experiment-2-2021-12-15T00:54:17.482043/p4p-fd-ff/p-139 --algorithm astar --heuristic ff
p-140	success	  0.536547	  0.284976	  1.255525	345	/home/marcofavorito/planning-for-past-temporal-goals/bin/plan4past -t fd --domain data/deterministic/elevator/domain.pddl --problem data/deterministic/elevator/p-140.pddl --formula served_p0 & served_p1 & served_p2 & served_p3 & served_p4 & served_p5 & served_p6 & served_p7 & served_p8 & served_p9 & served_p10 & served_p11 & served_p12 & served_p13 & served_p14 & served_p15 & served_p16 & served_p17 & served_p18 & served_p19 & served_p20 & served_p21 & served_p22 & served_p23 & served_p24 & served_p25 & served_p26 & served_p27 --working-dir results/experiment-2-2021-12-15T00:54:17.482043/p4p-fd-ff/p-140 --algorithm astar --heuristic ff
p-141	success	  0.544943	  0.202125	  1.197082	239	/home/marcofavorito/planning-for-past-temporal-goals/bin/plan4past -t fd --domain data/deterministic/elevator/domain.pddl --problem data/deterministic/elevator/p-141.pddl --formula served_p0 & served_p1 & served_p2 & served_p3 & served_p4 & served_p5 & served_p6 & served_p7 & served_p8 & served_p9 & served_p10 & served_p11 & served_p12 & served_p13 & served_p14 & served_p15 & served_p16 & served_p17 & served_p18 & served_p19 & served_p20 & served_p21 & served_p22 & served_p23 & served_p24 & served_p25 & served_p26 & served_p27 & served_p28 --working-dir results/experiment-2-2021-12-15T00:54:17.482043/p4p-fd-ff/p-141 --algorithm astar --heuristic ff
p-142	success	  0.541581	  0.443218	  1.439425	379	/home/marcofavorito/planning-for-past-temporal-goals/bin/plan4past -t fd --domain data/deterministic/elevator/domain.pddl --problem data/deterministic/elevator/p-142.pddl --formula served_p0 & served_p1 & served_p2 & served_p3 & served_p4 & served_p5 & served_p6 & served_p7 & served_p8 & served_p9 & served_p10 & served_p11 & served_p12 & served_p13 & served_p14 & served_p15 & served_p16 & served_p17 & served_p18 & served_p19 & served_p20 & served_p21 & served_p22 & served_p23 & served_p24 & served_p25 & served_p26 & served_p27 & served_p28 --working-dir results/experiment-2-2021-12-15T00:54:17.482043/p4p-fd-ff/p-142 --algorithm astar --heuristic ff
p-143	success	  0.541182	  0.415004	  1.415324	428	/home/marcofavorito/planning-for-past-temporal-goals/bin/plan4past -t fd --domain data/deterministic/elevator/domain.pddl --problem data/deterministic/elevator/p-143.pddl --formula served_p0 & served_p1 & served_p2 & served_p3 & served_p4 & served_p5 & served_p6 & served_p7 & served_p8 & served_p9 & served_p10 & served_p11 & served_p12 & served_p13 & served_p14 & served_p15 & served_p16 & served_p17 & served_p18 & served_p19 & served_p20 & served_p21 & served_p22 & served_p23 & served_p24 & served_p25 & served_p26 & served_p27 & served_p28 --working-dir results/experiment-2-2021-12-15T00:54:17.482043/p4p-fd-ff/p-143 --algorithm astar --heuristic ff
p-144	success	  0.540182	  0.369229	  1.372460	405	/home/marcofavorito/planning-for-past-temporal-goals/bin/plan4past -t fd --domain data/deterministic/elevator/domain.pddl --problem data/deterministic/elevator/p-144.pddl --formula served_p0 & served_p1 & served_p2 & served_p3 & served_p4 & served_p5 & served_p6 & served_p7 & served_p8 & served_p9 & served_p10 & served_p11 & served_p12 & served_p13 & served_p14 & served_p15 & served_p16 & served_p17 & served_p18 & served_p19 & served_p20 & served_p21 & served_p22 & served_p23 & served_p24 & served_p25 & served_p26 & served_p27 & served_p28 --working-dir results/experiment-2-2021-12-15T00:54:17.482043/p4p-fd-ff/p-144 --algorithm astar --heuristic ff
p-145	success	  0.542082	  0.417806	  1.430058	464	/home/marcofavorito/planning-for-past-temporal-goals/bin/plan4past -t fd --domain data/deterministic/elevator/domain.pddl --problem data/deterministic/elevator/p-145.pddl --formula served_p0 & served_p1 & served_p2 & served_p3 & served_p4 & served_p5 & served_p6 & served_p7 & served_p8 & served_p9 & served_p10 & served_p11 & served_p12 & served_p13 & served_p14 & served_p15 & served_p16 & served_p17 & served_p18 & served_p19 & served_p20 & served_p21 & served_p22 & served_p23 & served_p24 & served_p25 & served_p26 & served_p27 & served_p28 --working-dir results/experiment-2-2021-12-15T00:54:17.482043/p4p-fd-ff/p-145 --algorithm astar --heuristic ff
p-146	success	  0.551012	  0.351974	  1.381355	355	/home/marcofavorito/planning-for-past-temporal-goals/bin/plan4past -t fd --domain data/deterministic/elevator/domain.pddl --problem data/deterministic/elevator/p-146.pddl --formula served_p0 & served_p1 & served_p2 & served_p3 & served_p4 & served_p5 & served_p6 & served_p7 & served_p8 & served_p9 & served_p10 & served_p11 & served_p12 & served_p13 & served_p14 & served_p15 & served_p16 & served_p17 & served_p18 & served_p19 & served_p20 & served_p21 & served_p22 & served_p23 & served_p24 & served_p25 & served_p26 & served_p27 & served_p28 & served_p29 --working-dir results/experiment-2-2021-12-15T00:54:17.482043/p4p-fd-ff/p-146 --algorithm astar --heuristic ff
p-147	success	  0.556503	  0.510016	  1.541403	453	/home/marcofavorito/planning-for-past-temporal-goals/bin/plan4past -t fd --domain data/deterministic/elevator/domain.pddl --problem data/deterministic/elevator/p-147.pddl --formula served_p0 & served_p1 & served_p2 & served_p3 & served_p4 & served_p5 & served_p6 & served_p7 & served_p8 & served_p9 & served_p10 & served_p11 & served_p12 & served_p13 & served_p14 & served_p15 & served_p16 & served_p17 & served_p18 & served_p19 & served_p20 & served_p21 & served_p22 & served_p23 & served_p24 & served_p25 & served_p26 & served_p27 & served_p28 & served_p29 --working-dir results/experiment-2-2021-12-15T00:54:17.482043/p4p-fd-ff/p-147 --algorithm astar --heuristic ff
p-148	success	  0.551145	  0.354551	  1.385294	378	/home/marcofavorito/planning-for-past-temporal-goals/bin/plan4past -t fd --domain data/deterministic/elevator/domain.pddl --problem data/deterministic/elevator/p-148.pddl --formula served_p0 & served_p1 & served_p2 & served_p3 & served_p4 & served_p5 & served_p6 & served_p7 & served_p8 & served_p9 & served_p10 & served_p11 & served_p12 & served_p13 & served_p14 & served_p15 & served_p16 & served_p17 & served_p18 & served_p19 & served_p20 & served_p21 & served_p22 & served_p23 & served_p24 & served_p25 & served_p26 & served_p27 & served_p28 & served_p29 --working-dir results/experiment-2-2021-12-15T00:54:17.482043/p4p-fd-ff/p-148 --algorithm astar --heuristic ff
p-149	timeout	 -1.000000	 -1.000000	300.004718	None	/home/marcofavorito/planning-for-past-temporal-goals/bin/plan4past -t fd --domain data/deterministic/elevator/domain.pddl --problem data/deterministic/elevator/p-149.pddl --formula served_p0 & served_p1 & served_p2 & served_p3 & served_p4 & served_p5 & served_p6 & served_p7 & served_p8 & served_p9 & served_p10 & served_p11 & served_p12 & served_p13 & served_p14 & served_p15 & served_p16 & served_p17 & served_p18 & served_p19 & served_p20 & served_p21 & served_p22 & served_p23 & served_p24 & served_p25 & served_p26 & served_p27 & served_p28 & served_p29 --working-dir results/experiment-2-2021-12-15T00:54:17.482043/p4p-fd-ff/p-149 --algorithm astar --heuristic ff
p-150	success	  0.548329	  0.397484	  1.416853	394	/home/marcofavorito/planning-for-past-temporal-goals/bin/plan4past -t fd --domain data/deterministic/elevator/domain.pddl --problem data/deterministic/elevator/p-150.pddl --formula served_p0 & served_p1 & served_p2 & served_p3 & served_p4 & served_p5 & served_p6 & served_p7 & served_p8 & served_p9 & served_p10 & served_p11 & served_p12 & served_p13 & served_p14 & served_p15 & served_p16 & served_p17 & served_p18 & served_p19 & served_p20 & served_p21 & served_p22 & served_p23 & served_p24 & served_p25 & served_p26 & served_p27 & served_p28 & served_p29 --working-dir results/experiment-2-2021-12-15T00:54:17.482043/p4p-fd-ff/p-150 --algorithm astar --heuristic ff
