name	status	time_compilation	time_tool	time_end2end	nb_node_expanded	command
p01	success	 -1.000000	 -1.000000	  1.172502	22	/home/marcofavorito/planning-for-past-temporal-goals/bin/mynd_wrapper -d data/non-deterministic/triangle-tireworld/domain.pddl -p data/non-deterministic/triangle-tireworld/p01.pddl --algorithm laostar --heuristic ff --working-dir experiment-2-triangle-tireworld-nondet/mynd-sc-ff/p01
p02	success	 -1.000000	 -1.000000	  0.574657	61	/home/marcofavorito/planning-for-past-temporal-goals/bin/mynd_wrapper -d data/non-deterministic/triangle-tireworld/domain.pddl -p data/non-deterministic/triangle-tireworld/p02.pddl --algorithm laostar --heuristic ff --working-dir experiment-2-triangle-tireworld-nondet/mynd-sc-ff/p02
p03	success	 -1.000000	 -1.000000	  1.030332	217	/home/marcofavorito/planning-for-past-temporal-goals/bin/mynd_wrapper -d data/non-deterministic/triangle-tireworld/domain.pddl -p data/non-deterministic/triangle-tireworld/p03.pddl --algorithm laostar --heuristic ff --working-dir experiment-2-triangle-tireworld-nondet/mynd-sc-ff/p03
p04	success	 -1.000000	 -1.000000	  1.170457	805	/home/marcofavorito/planning-for-past-temporal-goals/bin/mynd_wrapper -d data/non-deterministic/triangle-tireworld/domain.pddl -p data/non-deterministic/triangle-tireworld/p04.pddl --algorithm laostar --heuristic ff --working-dir experiment-2-triangle-tireworld-nondet/mynd-sc-ff/p04
p05	success	 -1.000000	 -1.000000	  3.700978	3121	/home/marcofavorito/planning-for-past-temporal-goals/bin/mynd_wrapper -d data/non-deterministic/triangle-tireworld/domain.pddl -p data/non-deterministic/triangle-tireworld/p05.pddl --algorithm laostar --heuristic ff --working-dir experiment-2-triangle-tireworld-nondet/mynd-sc-ff/p05
p06	success	 -1.000000	 -1.000000	 12.172110	12349	/home/marcofavorito/planning-for-past-temporal-goals/bin/mynd_wrapper -d data/non-deterministic/triangle-tireworld/domain.pddl -p data/non-deterministic/triangle-tireworld/p06.pddl --algorithm laostar --heuristic ff --working-dir experiment-2-triangle-tireworld-nondet/mynd-sc-ff/p06
p07	timeout	 -1.000000	 -1.000000	300.004903	None	/home/marcofavorito/planning-for-past-temporal-goals/bin/mynd_wrapper -d data/non-deterministic/triangle-tireworld/domain.pddl -p data/non-deterministic/triangle-tireworld/p07.pddl --algorithm laostar --heuristic ff --working-dir experiment-2-triangle-tireworld-nondet/mynd-sc-ff/p07
p08	timeout	 -1.000000	 -1.000000	300.004307	None	/home/marcofavorito/planning-for-past-temporal-goals/bin/mynd_wrapper -d data/non-deterministic/triangle-tireworld/domain.pddl -p data/non-deterministic/triangle-tireworld/p08.pddl --algorithm laostar --heuristic ff --working-dir experiment-2-triangle-tireworld-nondet/mynd-sc-ff/p08
p09	timeout	 -1.000000	 -1.000000	300.004288	None	/home/marcofavorito/planning-for-past-temporal-goals/bin/mynd_wrapper -d data/non-deterministic/triangle-tireworld/domain.pddl -p data/non-deterministic/triangle-tireworld/p09.pddl --algorithm laostar --heuristic ff --working-dir experiment-2-triangle-tireworld-nondet/mynd-sc-ff/p09
p10	timeout	 -1.000000	 -1.000000	300.003948	None	/home/marcofavorito/planning-for-past-temporal-goals/bin/mynd_wrapper -d data/non-deterministic/triangle-tireworld/domain.pddl -p data/non-deterministic/triangle-tireworld/p10.pddl --algorithm laostar --heuristic ff --working-dir experiment-2-triangle-tireworld-nondet/mynd-sc-ff/p10
p11	timeout	 -1.000000	 -1.000000	300.009648	None	/home/marcofavorito/planning-for-past-temporal-goals/bin/mynd_wrapper -d data/non-deterministic/triangle-tireworld/domain.pddl -p data/non-deterministic/triangle-tireworld/p11.pddl --algorithm laostar --heuristic ff --working-dir experiment-2-triangle-tireworld-nondet/mynd-sc-ff/p11
p12	timeout	 -1.000000	 -1.000000	300.004429	None	/home/marcofavorito/planning-for-past-temporal-goals/bin/mynd_wrapper -d data/non-deterministic/triangle-tireworld/domain.pddl -p data/non-deterministic/triangle-tireworld/p12.pddl --algorithm laostar --heuristic ff --working-dir experiment-2-triangle-tireworld-nondet/mynd-sc-ff/p12
p13	timeout	 -1.000000	 -1.000000	300.004341	None	/home/marcofavorito/planning-for-past-temporal-goals/bin/mynd_wrapper -d data/non-deterministic/triangle-tireworld/domain.pddl -p data/non-deterministic/triangle-tireworld/p13.pddl --algorithm laostar --heuristic ff --working-dir experiment-2-triangle-tireworld-nondet/mynd-sc-ff/p13
p14	timeout	 -1.000000	 -1.000000	300.004267	None	/home/marcofavorito/planning-for-past-temporal-goals/bin/mynd_wrapper -d data/non-deterministic/triangle-tireworld/domain.pddl -p data/non-deterministic/triangle-tireworld/p14.pddl --algorithm laostar --heuristic ff --working-dir experiment-2-triangle-tireworld-nondet/mynd-sc-ff/p14
p15	timeout	 -1.000000	 -1.000000	300.004560	None	/home/marcofavorito/planning-for-past-temporal-goals/bin/mynd_wrapper -d data/non-deterministic/triangle-tireworld/domain.pddl -p data/non-deterministic/triangle-tireworld/p15.pddl --algorithm laostar --heuristic ff --working-dir experiment-2-triangle-tireworld-nondet/mynd-sc-ff/p15
p16	timeout	 -1.000000	 -1.000000	300.004234	None	/home/marcofavorito/planning-for-past-temporal-goals/bin/mynd_wrapper -d data/non-deterministic/triangle-tireworld/domain.pddl -p data/non-deterministic/triangle-tireworld/p16.pddl --algorithm laostar --heuristic ff --working-dir experiment-2-triangle-tireworld-nondet/mynd-sc-ff/p16
p17	timeout	 -1.000000	 -1.000000	300.004122	None	/home/marcofavorito/planning-for-past-temporal-goals/bin/mynd_wrapper -d data/non-deterministic/triangle-tireworld/domain.pddl -p data/non-deterministic/triangle-tireworld/p17.pddl --algorithm laostar --heuristic ff --working-dir experiment-2-triangle-tireworld-nondet/mynd-sc-ff/p17
p18	timeout	 -1.000000	 -1.000000	300.004161	None	/home/marcofavorito/planning-for-past-temporal-goals/bin/mynd_wrapper -d data/non-deterministic/triangle-tireworld/domain.pddl -p data/non-deterministic/triangle-tireworld/p18.pddl --algorithm laostar --heuristic ff --working-dir experiment-2-triangle-tireworld-nondet/mynd-sc-ff/p18
p19	timeout	 -1.000000	 -1.000000	300.004094	None	/home/marcofavorito/planning-for-past-temporal-goals/bin/mynd_wrapper -d data/non-deterministic/triangle-tireworld/domain.pddl -p data/non-deterministic/triangle-tireworld/p19.pddl --algorithm laostar --heuristic ff --working-dir experiment-2-triangle-tireworld-nondet/mynd-sc-ff/p19
p20	timeout	 -1.000000	 -1.000000	300.004326	None	/home/marcofavorito/planning-for-past-temporal-goals/bin/mynd_wrapper -d data/non-deterministic/triangle-tireworld/domain.pddl -p data/non-deterministic/triangle-tireworld/p20.pddl --algorithm laostar --heuristic ff --working-dir experiment-2-triangle-tireworld-nondet/mynd-sc-ff/p20
p21	timeout	 -1.000000	 -1.000000	300.004456	None	/home/marcofavorito/planning-for-past-temporal-goals/bin/mynd_wrapper -d data/non-deterministic/triangle-tireworld/domain.pddl -p data/non-deterministic/triangle-tireworld/p21.pddl --algorithm laostar --heuristic ff --working-dir experiment-2-triangle-tireworld-nondet/mynd-sc-ff/p21
p22	timeout	 -1.000000	 -1.000000	300.004462	None	/home/marcofavorito/planning-for-past-temporal-goals/bin/mynd_wrapper -d data/non-deterministic/triangle-tireworld/domain.pddl -p data/non-deterministic/triangle-tireworld/p22.pddl --algorithm laostar --heuristic ff --working-dir experiment-2-triangle-tireworld-nondet/mynd-sc-ff/p22
p23	timeout	 -1.000000	 -1.000000	300.005096	None	/home/marcofavorito/planning-for-past-temporal-goals/bin/mynd_wrapper -d data/non-deterministic/triangle-tireworld/domain.pddl -p data/non-deterministic/triangle-tireworld/p23.pddl --algorithm laostar --heuristic ff --working-dir experiment-2-triangle-tireworld-nondet/mynd-sc-ff/p23
p24	timeout	 -1.000000	 -1.000000	300.004406	None	/home/marcofavorito/planning-for-past-temporal-goals/bin/mynd_wrapper -d data/non-deterministic/triangle-tireworld/domain.pddl -p data/non-deterministic/triangle-tireworld/p24.pddl --algorithm laostar --heuristic ff --working-dir experiment-2-triangle-tireworld-nondet/mynd-sc-ff/p24
p25	timeout	 -1.000000	 -1.000000	300.003973	None	/home/marcofavorito/planning-for-past-temporal-goals/bin/mynd_wrapper -d data/non-deterministic/triangle-tireworld/domain.pddl -p data/non-deterministic/triangle-tireworld/p25.pddl --algorithm laostar --heuristic ff --working-dir experiment-2-triangle-tireworld-nondet/mynd-sc-ff/p25
p26	timeout	 -1.000000	 -1.000000	300.004983	None	/home/marcofavorito/planning-for-past-temporal-goals/bin/mynd_wrapper -d data/non-deterministic/triangle-tireworld/domain.pddl -p data/non-deterministic/triangle-tireworld/p26.pddl --algorithm laostar --heuristic ff --working-dir experiment-2-triangle-tireworld-nondet/mynd-sc-ff/p26
p27	timeout	 -1.000000	 -1.000000	300.004130	None	/home/marcofavorito/planning-for-past-temporal-goals/bin/mynd_wrapper -d data/non-deterministic/triangle-tireworld/domain.pddl -p data/non-deterministic/triangle-tireworld/p27.pddl --algorithm laostar --heuristic ff --working-dir experiment-2-triangle-tireworld-nondet/mynd-sc-ff/p27
p28	timeout	 -1.000000	 -1.000000	300.004370	None	/home/marcofavorito/planning-for-past-temporal-goals/bin/mynd_wrapper -d data/non-deterministic/triangle-tireworld/domain.pddl -p data/non-deterministic/triangle-tireworld/p28.pddl --algorithm laostar --heuristic ff --working-dir experiment-2-triangle-tireworld-nondet/mynd-sc-ff/p28
p29	timeout	 -1.000000	 -1.000000	300.004452	None	/home/marcofavorito/planning-for-past-temporal-goals/bin/mynd_wrapper -d data/non-deterministic/triangle-tireworld/domain.pddl -p data/non-deterministic/triangle-tireworld/p29.pddl --algorithm laostar --heuristic ff --working-dir experiment-2-triangle-tireworld-nondet/mynd-sc-ff/p29
p30	timeout	 -1.000000	 -1.000000	300.004315	None	/home/marcofavorito/planning-for-past-temporal-goals/bin/mynd_wrapper -d data/non-deterministic/triangle-tireworld/domain.pddl -p data/non-deterministic/triangle-tireworld/p30.pddl --algorithm laostar --heuristic ff --working-dir experiment-2-triangle-tireworld-nondet/mynd-sc-ff/p30
p31	timeout	 -1.000000	 -1.000000	300.004348	None	/home/marcofavorito/planning-for-past-temporal-goals/bin/mynd_wrapper -d data/non-deterministic/triangle-tireworld/domain.pddl -p data/non-deterministic/triangle-tireworld/p31.pddl --algorithm laostar --heuristic ff --working-dir experiment-2-triangle-tireworld-nondet/mynd-sc-ff/p31
p32	timeout	 -1.000000	 -1.000000	300.004307	None	/home/marcofavorito/planning-for-past-temporal-goals/bin/mynd_wrapper -d data/non-deterministic/triangle-tireworld/domain.pddl -p data/non-deterministic/triangle-tireworld/p32.pddl --algorithm laostar --heuristic ff --working-dir experiment-2-triangle-tireworld-nondet/mynd-sc-ff/p32
p33	timeout	 -1.000000	 -1.000000	300.004406	None	/home/marcofavorito/planning-for-past-temporal-goals/bin/mynd_wrapper -d data/non-deterministic/triangle-tireworld/domain.pddl -p data/non-deterministic/triangle-tireworld/p33.pddl --algorithm laostar --heuristic ff --working-dir experiment-2-triangle-tireworld-nondet/mynd-sc-ff/p33
p34	timeout	 -1.000000	 -1.000000	300.004667	None	/home/marcofavorito/planning-for-past-temporal-goals/bin/mynd_wrapper -d data/non-deterministic/triangle-tireworld/domain.pddl -p data/non-deterministic/triangle-tireworld/p34.pddl --algorithm laostar --heuristic ff --working-dir experiment-2-triangle-tireworld-nondet/mynd-sc-ff/p34
p35	timeout	 -1.000000	 -1.000000	300.004041	None	/home/marcofavorito/planning-for-past-temporal-goals/bin/mynd_wrapper -d data/non-deterministic/triangle-tireworld/domain.pddl -p data/non-deterministic/triangle-tireworld/p35.pddl --algorithm laostar --heuristic ff --working-dir experiment-2-triangle-tireworld-nondet/mynd-sc-ff/p35
p36	timeout	 -1.000000	 -1.000000	300.004103	None	/home/marcofavorito/planning-for-past-temporal-goals/bin/mynd_wrapper -d data/non-deterministic/triangle-tireworld/domain.pddl -p data/non-deterministic/triangle-tireworld/p36.pddl --algorithm laostar --heuristic ff --working-dir experiment-2-triangle-tireworld-nondet/mynd-sc-ff/p36
p37	timeout	 -1.000000	 -1.000000	300.004178	None	/home/marcofavorito/planning-for-past-temporal-goals/bin/mynd_wrapper -d data/non-deterministic/triangle-tireworld/domain.pddl -p data/non-deterministic/triangle-tireworld/p37.pddl --algorithm laostar --heuristic ff --working-dir experiment-2-triangle-tireworld-nondet/mynd-sc-ff/p37
p38	timeout	 -1.000000	 -1.000000	300.004208	None	/home/marcofavorito/planning-for-past-temporal-goals/bin/mynd_wrapper -d data/non-deterministic/triangle-tireworld/domain.pddl -p data/non-deterministic/triangle-tireworld/p38.pddl --algorithm laostar --heuristic ff --working-dir experiment-2-triangle-tireworld-nondet/mynd-sc-ff/p38
p39	timeout	 -1.000000	 -1.000000	300.004186	None	/home/marcofavorito/planning-for-past-temporal-goals/bin/mynd_wrapper -d data/non-deterministic/triangle-tireworld/domain.pddl -p data/non-deterministic/triangle-tireworld/p39.pddl --algorithm laostar --heuristic ff --working-dir experiment-2-triangle-tireworld-nondet/mynd-sc-ff/p39
p40	timeout	 -1.000000	 -1.000000	300.004224	None	/home/marcofavorito/planning-for-past-temporal-goals/bin/mynd_wrapper -d data/non-deterministic/triangle-tireworld/domain.pddl -p data/non-deterministic/triangle-tireworld/p40.pddl --algorithm laostar --heuristic ff --working-dir experiment-2-triangle-tireworld-nondet/mynd-sc-ff/p40
