name	status	time_compilation	time_tool	time_end2end	nb_node_expanded	command
p03	success	  0.587270	  0.003920	  0.875762	10	/home/francesco/Projects/planning-for-past-temporal-goals/bin/plan4past -t fd --domain experiment-1a-elevator/domain.pddl --problem experiment-1a-elevator/p03.pddl --formula O(served_p0) & O(served_p1) & O(served_p2) --working-dir experiment-1a-elevator/p4p-fd-ff/p03 --algorithm astar --heuristic ff
p04	success	  0.590170	  0.003232	  0.859666	10	/home/francesco/Projects/planning-for-past-temporal-goals/bin/plan4past -t fd --domain experiment-1a-elevator/domain.pddl --problem experiment-1a-elevator/p04.pddl --formula O(served_p0) & O(served_p1) & O(served_p2) --working-dir experiment-1a-elevator/p4p-fd-ff/p04 --algorithm astar --heuristic ff
p05	success	  0.613426	  0.003662	  0.914442	10	/home/francesco/Projects/planning-for-past-temporal-goals/bin/plan4past -t fd --domain experiment-1a-elevator/domain.pddl --problem experiment-1a-elevator/p05.pddl --formula O(served_p0) & O(served_p1) & O(served_p2) --working-dir experiment-1a-elevator/p4p-fd-ff/p05 --algorithm astar --heuristic ff
p06	success	  0.598819	  0.003892	  0.903172	10	/home/francesco/Projects/planning-for-past-temporal-goals/bin/plan4past -t fd --domain experiment-1a-elevator/domain.pddl --problem experiment-1a-elevator/p06.pddl --formula O(served_p0) & O(served_p1) & O(served_p2) --working-dir experiment-1a-elevator/p4p-fd-ff/p06 --algorithm astar --heuristic ff
p07	success	  0.885537	  0.005316	  1.224476	10	/home/francesco/Projects/planning-for-past-temporal-goals/bin/plan4past -t fd --domain experiment-1a-elevator/domain.pddl --problem experiment-1a-elevator/p07.pddl --formula O(served_p0) & O(served_p1) & O(served_p2) --working-dir experiment-1a-elevator/p4p-fd-ff/p07 --algorithm astar --heuristic ff
p08	success	  0.597689	  0.005021	  0.899271	10	/home/francesco/Projects/planning-for-past-temporal-goals/bin/plan4past -t fd --domain experiment-1a-elevator/domain.pddl --problem experiment-1a-elevator/p08.pddl --formula O(served_p0) & O(served_p1) & O(served_p2) --working-dir experiment-1a-elevator/p4p-fd-ff/p08 --algorithm astar --heuristic ff
p09	success	  0.689779	  0.005929	  1.008979	10	/home/francesco/Projects/planning-for-past-temporal-goals/bin/plan4past -t fd --domain experiment-1a-elevator/domain.pddl --problem experiment-1a-elevator/p09.pddl --formula O(served_p0) & O(served_p1) & O(served_p2) --working-dir experiment-1a-elevator/p4p-fd-ff/p09 --algorithm astar --heuristic ff
p10	success	  0.613477	  0.006815	  0.982943	10	/home/francesco/Projects/planning-for-past-temporal-goals/bin/plan4past -t fd --domain experiment-1a-elevator/domain.pddl --problem experiment-1a-elevator/p10.pddl --formula O(served_p0) & O(served_p1) & O(served_p2) --working-dir experiment-1a-elevator/p4p-fd-ff/p10 --algorithm astar --heuristic ff
p11	success	  0.708627	  0.007226	  1.053586	10	/home/francesco/Projects/planning-for-past-temporal-goals/bin/plan4past -t fd --domain experiment-1a-elevator/domain.pddl --problem experiment-1a-elevator/p11.pddl --formula O(served_p0) & O(served_p1) & O(served_p2) --working-dir experiment-1a-elevator/p4p-fd-ff/p11 --algorithm astar --heuristic ff
p12	success	  0.610833	  0.008105	  0.967173	10	/home/francesco/Projects/planning-for-past-temporal-goals/bin/plan4past -t fd --domain experiment-1a-elevator/domain.pddl --problem experiment-1a-elevator/p12.pddl --formula O(served_p0) & O(served_p1) & O(served_p2) --working-dir experiment-1a-elevator/p4p-fd-ff/p12 --algorithm astar --heuristic ff
p13	success	  0.615467	  0.009669	  1.042924	10	/home/francesco/Projects/planning-for-past-temporal-goals/bin/plan4past -t fd --domain experiment-1a-elevator/domain.pddl --problem experiment-1a-elevator/p13.pddl --formula O(served_p0) & O(served_p1) & O(served_p2) --working-dir experiment-1a-elevator/p4p-fd-ff/p13 --algorithm astar --heuristic ff
p14	success	  0.720722	  0.011132	  1.178214	10	/home/francesco/Projects/planning-for-past-temporal-goals/bin/plan4past -t fd --domain experiment-1a-elevator/domain.pddl --problem experiment-1a-elevator/p14.pddl --formula O(served_p0) & O(served_p1) & O(served_p2) --working-dir experiment-1a-elevator/p4p-fd-ff/p14 --algorithm astar --heuristic ff
p15	success	  0.745721	  0.012858	  1.187134	10	/home/francesco/Projects/planning-for-past-temporal-goals/bin/plan4past -t fd --domain experiment-1a-elevator/domain.pddl --problem experiment-1a-elevator/p15.pddl --formula O(served_p0) & O(served_p1) & O(served_p2) --working-dir experiment-1a-elevator/p4p-fd-ff/p15 --algorithm astar --heuristic ff
p16	success	  0.646891	  0.013542	  1.176719	10	/home/francesco/Projects/planning-for-past-temporal-goals/bin/plan4past -t fd --domain experiment-1a-elevator/domain.pddl --problem experiment-1a-elevator/p16.pddl --formula O(served_p0) & O(served_p1) & O(served_p2) --working-dir experiment-1a-elevator/p4p-fd-ff/p16 --algorithm astar --heuristic ff
p17	success	  0.695215	  0.014817	  1.295406	10	/home/francesco/Projects/planning-for-past-temporal-goals/bin/plan4past -t fd --domain experiment-1a-elevator/domain.pddl --problem experiment-1a-elevator/p17.pddl --formula O(served_p0) & O(served_p1) & O(served_p2) --working-dir experiment-1a-elevator/p4p-fd-ff/p17 --algorithm astar --heuristic ff
p18	success	  0.703497	  0.016042	  1.317299	10	/home/francesco/Projects/planning-for-past-temporal-goals/bin/plan4past -t fd --domain experiment-1a-elevator/domain.pddl --problem experiment-1a-elevator/p18.pddl --formula O(served_p0) & O(served_p1) & O(served_p2) --working-dir experiment-1a-elevator/p4p-fd-ff/p18 --algorithm astar --heuristic ff
p19	success	  0.690869	  0.017150	  1.306611	10	/home/francesco/Projects/planning-for-past-temporal-goals/bin/plan4past -t fd --domain experiment-1a-elevator/domain.pddl --problem experiment-1a-elevator/p19.pddl --formula O(served_p0) & O(served_p1) & O(served_p2) --working-dir experiment-1a-elevator/p4p-fd-ff/p19 --algorithm astar --heuristic ff
p20	success	  0.687732	  0.018928	  1.310831	10	/home/francesco/Projects/planning-for-past-temporal-goals/bin/plan4past -t fd --domain experiment-1a-elevator/domain.pddl --problem experiment-1a-elevator/p20.pddl --formula O(served_p0) & O(served_p1) & O(served_p2) --working-dir experiment-1a-elevator/p4p-fd-ff/p20 --algorithm astar --heuristic ff
