name	status	time_compilation	time_tool	time_end2end	nb_node_expanded	command
p02	success	  0.092543	  0.439535	  0.532078	4	/home/marcofavorito/planning-for-past-temporal-goals/bin/ltlfond2fond_wrapper -t mynd -d experiment-1b-triangle-tireworld-nondet/domain.pddl -p experiment-1b-triangle-tireworld-nondet/p02.pddl -g F("vehicleat l1x1"&X(F("vehicleat l2x1"))) --working-dir experiment-1b-triangle-tireworld-nondet/lf2f-mynd-sc-ff/p02 --algorithm laostar --heuristic ff
p03	success	  0.095315	  0.645460	  0.740775	10	/home/marcofavorito/planning-for-past-temporal-goals/bin/ltlfond2fond_wrapper -t mynd -d experiment-1b-triangle-tireworld-nondet/domain.pddl -p experiment-1b-triangle-tireworld-nondet/p03.pddl -g F("vehicleat l1x1"&X(F("vehicleat l2x1"&X(F("vehicleat l2x2"))))) --working-dir experiment-1b-triangle-tireworld-nondet/lf2f-mynd-sc-ff/p03 --algorithm laostar --heuristic ff
p04	success	  0.097805	  0.842060	  0.939865	22	/home/marcofavorito/planning-for-past-temporal-goals/bin/ltlfond2fond_wrapper -t mynd -d experiment-1b-triangle-tireworld-nondet/domain.pddl -p experiment-1b-triangle-tireworld-nondet/p04.pddl -g F("vehicleat l1x1"&X(F("vehicleat l2x1"&X(F("vehicleat l2x2"&X(F("vehicleat l3x2"))))))) --working-dir experiment-1b-triangle-tireworld-nondet/lf2f-mynd-sc-ff/p04 --algorithm laostar --heuristic ff
p05	timeout	 -1.000000	 -1.000000	300.004356	None	/home/marcofavorito/planning-for-past-temporal-goals/bin/ltlfond2fond_wrapper -t mynd -d experiment-1b-triangle-tireworld-nondet/domain.pddl -p experiment-1b-triangle-tireworld-nondet/p05.pddl -g F("vehicleat l1x1"&X(F("vehicleat l2x1"&X(F("vehicleat l2x2"&X(F("vehicleat l3x2"&X(F("vehicleat l3x3"))))))))) --working-dir experiment-1b-triangle-tireworld-nondet/lf2f-mynd-sc-ff/p05 --algorithm laostar --heuristic ff
