name	status	time_compilation	time_tool	time_end2end	nb_node_expanded	command
p03	success	  0.521640	  0.002757	  0.964246	10	/home/francesco/Projects/planning-for-past-temporal-goals/bin/ltlfond2fond_wrapper -t fd -d results/experiment-1a-blocksworld-det/domain.pddl -p results/experiment-1a-blocksworld-det/p03.pddl -g F("on b2 b3"&X(F("on b1 b2"))) --working-dir results/experiment-1a-blocksworld-det/lf2f-fd-ff/p03 --algorithm astar --heuristic ff
p04	success	  0.172536	  0.003262	  0.598259	8	/home/francesco/Projects/planning-for-past-temporal-goals/bin/ltlfond2fond_wrapper -t fd -d results/experiment-1a-blocksworld-det/domain.pddl -p results/experiment-1a-blocksworld-det/p04.pddl -g F("on b2 b3"&X(F("on b1 b2"))) --working-dir results/experiment-1a-blocksworld-det/lf2f-fd-ff/p04 --algorithm astar --heuristic ff
p05	success	  0.150916	  0.004200	  0.610718	8	/home/francesco/Projects/planning-for-past-temporal-goals/bin/ltlfond2fond_wrapper -t fd -d results/experiment-1a-blocksworld-det/domain.pddl -p results/experiment-1a-blocksworld-det/p05.pddl -g F("on b2 b3"&X(F("on b1 b2"))) --working-dir results/experiment-1a-blocksworld-det/lf2f-fd-ff/p05 --algorithm astar --heuristic ff
p06	success	  0.166827	  0.005696	  0.812903	8	/home/francesco/Projects/planning-for-past-temporal-goals/bin/ltlfond2fond_wrapper -t fd -d results/experiment-1a-blocksworld-det/domain.pddl -p results/experiment-1a-blocksworld-det/p06.pddl -g F("on b2 b3"&X(F("on b1 b2"))) --working-dir results/experiment-1a-blocksworld-det/lf2f-fd-ff/p06 --algorithm astar --heuristic ff
p07	success	  0.160774	  0.007419	  0.946541	8	/home/francesco/Projects/planning-for-past-temporal-goals/bin/ltlfond2fond_wrapper -t fd -d results/experiment-1a-blocksworld-det/domain.pddl -p results/experiment-1a-blocksworld-det/p07.pddl -g F("on b2 b3"&X(F("on b1 b2"))) --working-dir results/experiment-1a-blocksworld-det/lf2f-fd-ff/p07 --algorithm astar --heuristic ff
p08	success	  0.110491	  0.010301	  0.993499	8	/home/francesco/Projects/planning-for-past-temporal-goals/bin/ltlfond2fond_wrapper -t fd -d results/experiment-1a-blocksworld-det/domain.pddl -p results/experiment-1a-blocksworld-det/p08.pddl -g F("on b2 b3"&X(F("on b1 b2"))) --working-dir results/experiment-1a-blocksworld-det/lf2f-fd-ff/p08 --algorithm astar --heuristic ff
p09	success	  0.154914	  0.013529	  1.269430	8	/home/francesco/Projects/planning-for-past-temporal-goals/bin/ltlfond2fond_wrapper -t fd -d results/experiment-1a-blocksworld-det/domain.pddl -p results/experiment-1a-blocksworld-det/p09.pddl -g F("on b2 b3"&X(F("on b1 b2"))) --working-dir results/experiment-1a-blocksworld-det/lf2f-fd-ff/p09 --algorithm astar --heuristic ff
p10	success	  0.148297	  0.016956	  1.568695	7	/home/francesco/Projects/planning-for-past-temporal-goals/bin/ltlfond2fond_wrapper -t fd -d results/experiment-1a-blocksworld-det/domain.pddl -p results/experiment-1a-blocksworld-det/p10.pddl -g F("on b2 b3"&X(F("on b1 b2"))) --working-dir results/experiment-1a-blocksworld-det/lf2f-fd-ff/p10 --algorithm astar --heuristic ff
p11	success	  0.139401	  0.022176	  1.951009	7	/home/francesco/Projects/planning-for-past-temporal-goals/bin/ltlfond2fond_wrapper -t fd -d results/experiment-1a-blocksworld-det/domain.pddl -p results/experiment-1a-blocksworld-det/p11.pddl -g F("on b2 b3"&X(F("on b1 b2"))) --working-dir results/experiment-1a-blocksworld-det/lf2f-fd-ff/p11 --algorithm astar --heuristic ff
p12	success	  0.159534	  0.028302	  2.390270	7	/home/francesco/Projects/planning-for-past-temporal-goals/bin/ltlfond2fond_wrapper -t fd -d results/experiment-1a-blocksworld-det/domain.pddl -p results/experiment-1a-blocksworld-det/p12.pddl -g F("on b2 b3"&X(F("on b1 b2"))) --working-dir results/experiment-1a-blocksworld-det/lf2f-fd-ff/p12 --algorithm astar --heuristic ff
p13	success	  0.150253	  0.037390	  3.035072	7	/home/francesco/Projects/planning-for-past-temporal-goals/bin/ltlfond2fond_wrapper -t fd -d results/experiment-1a-blocksworld-det/domain.pddl -p results/experiment-1a-blocksworld-det/p13.pddl -g F("on b2 b3"&X(F("on b1 b2"))) --working-dir results/experiment-1a-blocksworld-det/lf2f-fd-ff/p13 --algorithm astar --heuristic ff
p14	success	  0.164441	  0.044232	  3.643008	7	/home/francesco/Projects/planning-for-past-temporal-goals/bin/ltlfond2fond_wrapper -t fd -d results/experiment-1a-blocksworld-det/domain.pddl -p results/experiment-1a-blocksworld-det/p14.pddl -g F("on b2 b3"&X(F("on b1 b2"))) --working-dir results/experiment-1a-blocksworld-det/lf2f-fd-ff/p14 --algorithm astar --heuristic ff
p15	success	  0.158701	  0.060404	  4.580570	7	/home/francesco/Projects/planning-for-past-temporal-goals/bin/ltlfond2fond_wrapper -t fd -d results/experiment-1a-blocksworld-det/domain.pddl -p results/experiment-1a-blocksworld-det/p15.pddl -g F("on b2 b3"&X(F("on b1 b2"))) --working-dir results/experiment-1a-blocksworld-det/lf2f-fd-ff/p15 --algorithm astar --heuristic ff
p16	success	  0.166474	  0.065347	  5.127326	7	/home/francesco/Projects/planning-for-past-temporal-goals/bin/ltlfond2fond_wrapper -t fd -d results/experiment-1a-blocksworld-det/domain.pddl -p results/experiment-1a-blocksworld-det/p16.pddl -g F("on b2 b3"&X(F("on b1 b2"))) --working-dir results/experiment-1a-blocksworld-det/lf2f-fd-ff/p16 --algorithm astar --heuristic ff
p17	success	  0.149689	  0.079022	  6.099371	7	/home/francesco/Projects/planning-for-past-temporal-goals/bin/ltlfond2fond_wrapper -t fd -d results/experiment-1a-blocksworld-det/domain.pddl -p results/experiment-1a-blocksworld-det/p17.pddl -g F("on b2 b3"&X(F("on b1 b2"))) --working-dir results/experiment-1a-blocksworld-det/lf2f-fd-ff/p17 --algorithm astar --heuristic ff
p18	success	  0.154438	  0.096670	  7.126180	7	/home/francesco/Projects/planning-for-past-temporal-goals/bin/ltlfond2fond_wrapper -t fd -d results/experiment-1a-blocksworld-det/domain.pddl -p results/experiment-1a-blocksworld-det/p18.pddl -g F("on b2 b3"&X(F("on b1 b2"))) --working-dir results/experiment-1a-blocksworld-det/lf2f-fd-ff/p18 --algorithm astar --heuristic ff
p19	success	  0.156005	  0.112912	  7.954847	7	/home/francesco/Projects/planning-for-past-temporal-goals/bin/ltlfond2fond_wrapper -t fd -d results/experiment-1a-blocksworld-det/domain.pddl -p results/experiment-1a-blocksworld-det/p19.pddl -g F("on b2 b3"&X(F("on b1 b2"))) --working-dir results/experiment-1a-blocksworld-det/lf2f-fd-ff/p19 --algorithm astar --heuristic ff
p20	success	  0.149207	  0.133636	  9.319630	7	/home/francesco/Projects/planning-for-past-temporal-goals/bin/ltlfond2fond_wrapper -t fd -d results/experiment-1a-blocksworld-det/domain.pddl -p results/experiment-1a-blocksworld-det/p20.pddl -g F("on b2 b3"&X(F("on b1 b2"))) --working-dir results/experiment-1a-blocksworld-det/lf2f-fd-ff/p20 --algorithm astar --heuristic ff
