name	status	time_compilation	time_tool	time_end2end	nb_node_expanded	command
p02	success	  0.829772	  0.558684	  1.388456	5	/home/anonymousauthor/workfolder/planning-with-past-code/bin/fond4ltlfpltlf_wrapper -t mynd -d final_results/experiment-1b-triangle-tireworld-nondet/domain.pddl -p final_results/experiment-1b-triangle-tireworld-nondet/p02.pddl -g O(vehicleat_l2x1 & Y(O(vehicleat_l1x1))) --working-dir final_results/experiment-1b-triangle-tireworld-nondet/f4lp-mynd-sc-ff/p02 --algorithm laostar --heuristic ff
p03	success	  0.851080	  0.509661	  1.360741	13	/home/anonymousauthor/workfolder/planning-with-past-code/bin/fond4ltlfpltlf_wrapper -t mynd -d final_results/experiment-1b-triangle-tireworld-nondet/domain.pddl -p final_results/experiment-1b-triangle-tireworld-nondet/p03.pddl -g O(vehicleat_l2x2 & Y(O(vehicleat_l2x1 & Y(O(vehicleat_l1x1))))) --working-dir final_results/experiment-1b-triangle-tireworld-nondet/f4lp-mynd-sc-ff/p03 --algorithm laostar --heuristic ff
p04	success	  1.072581	  1.945037	  3.017618	514	/home/anonymousauthor/workfolder/planning-with-past-code/bin/fond4ltlfpltlf_wrapper -t mynd -d final_results/experiment-1b-triangle-tireworld-nondet/domain.pddl -p final_results/experiment-1b-triangle-tireworld-nondet/p04.pddl -g O(vehicleat_l3x2 & Y(O(vehicleat_l2x2 & Y(O(vehicleat_l2x1 & Y(O(vehicleat_l1x1))))))) --working-dir final_results/experiment-1b-triangle-tireworld-nondet/f4lp-mynd-sc-ff/p04 --algorithm laostar --heuristic ff
p05	success	  1.126358	  1.570932	  2.697290	61	/home/anonymousauthor/workfolder/planning-with-past-code/bin/fond4ltlfpltlf_wrapper -t mynd -d final_results/experiment-1b-triangle-tireworld-nondet/domain.pddl -p final_results/experiment-1b-triangle-tireworld-nondet/p05.pddl -g O(vehicleat_l3x3 & Y(O(vehicleat_l3x2 & Y(O(vehicleat_l2x2 & Y(O(vehicleat_l2x1 & Y(O(vehicleat_l1x1))))))))) --working-dir final_results/experiment-1b-triangle-tireworld-nondet/f4lp-mynd-sc-ff/p05 --algorithm laostar --heuristic ff
p06	timeout	 -1.000000	 -1.000000	300.004016	None	/home/anonymousauthor/workfolder/planning-with-past-code/bin/fond4ltlfpltlf_wrapper -t mynd -d final_results/experiment-1b-triangle-tireworld-nondet/domain.pddl -p final_results/experiment-1b-triangle-tireworld-nondet/p06.pddl -g O(vehicleat_l4x3 & Y(O(vehicleat_l3x3 & Y(O(vehicleat_l3x2 & Y(O(vehicleat_l2x2 & Y(O(vehicleat_l2x1 & Y(O(vehicleat_l1x1))))))))))) --working-dir final_results/experiment-1b-triangle-tireworld-nondet/f4lp-mynd-sc-ff/p06 --algorithm laostar --heuristic ff
