name	status	time_compilation	time_tool	time_end2end	nb_node_expanded	command
p02	success	  0.648790	  0.478365	  1.127155	19	/home/francesco/Projects/planning-for-past-temporal-goals/bin/fond4ltlfpltlf_wrapper -t mynd -d experiment-1a-triangletireworld-nondet/domain.pddl -p experiment-1a-triangletireworld-nondet/p02.pddl -g O(vehicleat_l1x2 & Y(O(vehicleat_l2x1 & Y(O(vehicleat_l1x1))))) --working-dir experiment-1a-triangletireworld-nondet/f4lp-mynd-sc-ff/p02 --algorithm laostar --heuristic ff
p03	success	  0.637251	  0.500484	  1.137735	19	/home/francesco/Projects/planning-for-past-temporal-goals/bin/fond4ltlfpltlf_wrapper -t mynd -d experiment-1a-triangletireworld-nondet/domain.pddl -p experiment-1a-triangletireworld-nondet/p03.pddl -g O(vehicleat_l1x2 & Y(O(vehicleat_l2x1 & Y(O(vehicleat_l1x1))))) --working-dir experiment-1a-triangletireworld-nondet/f4lp-mynd-sc-ff/p03 --algorithm laostar --heuristic ff
p04	success	  0.642716	  0.516519	  1.159235	19	/home/francesco/Projects/planning-for-past-temporal-goals/bin/fond4ltlfpltlf_wrapper -t mynd -d experiment-1a-triangletireworld-nondet/domain.pddl -p experiment-1a-triangletireworld-nondet/p04.pddl -g O(vehicleat_l1x2 & Y(O(vehicleat_l2x1 & Y(O(vehicleat_l1x1))))) --working-dir experiment-1a-triangletireworld-nondet/f4lp-mynd-sc-ff/p04 --algorithm laostar --heuristic ff
p05	success	  0.598246	  0.496734	  1.094980	19	/home/francesco/Projects/planning-for-past-temporal-goals/bin/fond4ltlfpltlf_wrapper -t mynd -d experiment-1a-triangletireworld-nondet/domain.pddl -p experiment-1a-triangletireworld-nondet/p05.pddl -g O(vehicleat_l1x2 & Y(O(vehicleat_l2x1 & Y(O(vehicleat_l1x1))))) --working-dir experiment-1a-triangletireworld-nondet/f4lp-mynd-sc-ff/p05 --algorithm laostar --heuristic ff
p06	success	  0.721895	  0.491035	  1.212930	19	/home/francesco/Projects/planning-for-past-temporal-goals/bin/fond4ltlfpltlf_wrapper -t mynd -d experiment-1a-triangletireworld-nondet/domain.pddl -p experiment-1a-triangletireworld-nondet/p06.pddl -g O(vehicleat_l1x2 & Y(O(vehicleat_l2x1 & Y(O(vehicleat_l1x1))))) --working-dir experiment-1a-triangletireworld-nondet/f4lp-mynd-sc-ff/p06 --algorithm laostar --heuristic ff
p07	success	  0.653925	  0.535305	  1.189230	19	/home/francesco/Projects/planning-for-past-temporal-goals/bin/fond4ltlfpltlf_wrapper -t mynd -d experiment-1a-triangletireworld-nondet/domain.pddl -p experiment-1a-triangletireworld-nondet/p07.pddl -g O(vehicleat_l1x2 & Y(O(vehicleat_l2x1 & Y(O(vehicleat_l1x1))))) --working-dir experiment-1a-triangletireworld-nondet/f4lp-mynd-sc-ff/p07 --algorithm laostar --heuristic ff
p08	success	  0.617467	  0.639412	  1.256879	19	/home/francesco/Projects/planning-for-past-temporal-goals/bin/fond4ltlfpltlf_wrapper -t mynd -d experiment-1a-triangletireworld-nondet/domain.pddl -p experiment-1a-triangletireworld-nondet/p08.pddl -g O(vehicleat_l1x2 & Y(O(vehicleat_l2x1 & Y(O(vehicleat_l1x1))))) --working-dir experiment-1a-triangletireworld-nondet/f4lp-mynd-sc-ff/p08 --algorithm laostar --heuristic ff
p09	success	  0.681299	  0.636438	  1.317737	19	/home/francesco/Projects/planning-for-past-temporal-goals/bin/fond4ltlfpltlf_wrapper -t mynd -d experiment-1a-triangletireworld-nondet/domain.pddl -p experiment-1a-triangletireworld-nondet/p09.pddl -g O(vehicleat_l1x2 & Y(O(vehicleat_l2x1 & Y(O(vehicleat_l1x1))))) --working-dir experiment-1a-triangletireworld-nondet/f4lp-mynd-sc-ff/p09 --algorithm laostar --heuristic ff
p10	success	  0.901352	  0.718326	  1.619678	19	/home/francesco/Projects/planning-for-past-temporal-goals/bin/fond4ltlfpltlf_wrapper -t mynd -d experiment-1a-triangletireworld-nondet/domain.pddl -p experiment-1a-triangletireworld-nondet/p10.pddl -g O(vehicleat_l1x2 & Y(O(vehicleat_l2x1 & Y(O(vehicleat_l1x1))))) --working-dir experiment-1a-triangletireworld-nondet/f4lp-mynd-sc-ff/p10 --algorithm laostar --heuristic ff
