name	status	time_compilation	time_tool	time_end2end	nb_node_expanded	command
p01	success	  0.431102	  0.376467	  0.807569	22	/home/marcofavorito/planning-for-past-temporal-goals/bin/plan4past -t mynd --domain data/non-deterministic/triangle-tireworld/domain.pddl --problem data/non-deterministic/triangle-tireworld/p01.pddl --formula vehicleat_l1x3 --working-dir experiment-2-triangle-tireworld-nondet/p4p-mynd-sc-ff/p01 --algorithm laostar --heuristic ff
p02	success	  0.432474	  0.423530	  0.856004	61	/home/marcofavorito/planning-for-past-temporal-goals/bin/plan4past -t mynd --domain data/non-deterministic/triangle-tireworld/domain.pddl --problem data/non-deterministic/triangle-tireworld/p02.pddl --formula vehicleat_l1x5 --working-dir experiment-2-triangle-tireworld-nondet/p4p-mynd-sc-ff/p02 --algorithm laostar --heuristic ff
p03	success	  0.445775	  0.513600	  0.959375	217	/home/marcofavorito/planning-for-past-temporal-goals/bin/plan4past -t mynd --domain data/non-deterministic/triangle-tireworld/domain.pddl --problem data/non-deterministic/triangle-tireworld/p03.pddl --formula vehicleat_l1x7 --working-dir experiment-2-triangle-tireworld-nondet/p4p-mynd-sc-ff/p03 --algorithm laostar --heuristic ff
p04	success	  0.448467	  0.713453	  1.161920	805	/home/marcofavorito/planning-for-past-temporal-goals/bin/plan4past -t mynd --domain data/non-deterministic/triangle-tireworld/domain.pddl --problem data/non-deterministic/triangle-tireworld/p04.pddl --formula vehicleat_l1x9 --working-dir experiment-2-triangle-tireworld-nondet/p4p-mynd-sc-ff/p04 --algorithm laostar --heuristic ff
p05	success	  0.452352	  1.669875	  2.122227	3121	/home/marcofavorito/planning-for-past-temporal-goals/bin/plan4past -t mynd --domain data/non-deterministic/triangle-tireworld/domain.pddl --problem data/non-deterministic/triangle-tireworld/p05.pddl --formula vehicleat_l1x11 --working-dir experiment-2-triangle-tireworld-nondet/p4p-mynd-sc-ff/p05 --algorithm laostar --heuristic ff
p06	success	  0.449946	  8.309340	  8.759286	12349	/home/marcofavorito/planning-for-past-temporal-goals/bin/plan4past -t mynd --domain data/non-deterministic/triangle-tireworld/domain.pddl --problem data/non-deterministic/triangle-tireworld/p06.pddl --formula vehicleat_l1x13 --working-dir experiment-2-triangle-tireworld-nondet/p4p-mynd-sc-ff/p06 --algorithm laostar --heuristic ff
p07	success	  0.454802	261.628518	262.083320	49225	/home/marcofavorito/planning-for-past-temporal-goals/bin/plan4past -t mynd --domain data/non-deterministic/triangle-tireworld/domain.pddl --problem data/non-deterministic/triangle-tireworld/p07.pddl --formula vehicleat_l1x15 --working-dir experiment-2-triangle-tireworld-nondet/p4p-mynd-sc-ff/p07 --algorithm laostar --heuristic ff
p08	timeout	 -1.000000	 -1.000000	300.007361	None	/home/marcofavorito/planning-for-past-temporal-goals/bin/plan4past -t mynd --domain data/non-deterministic/triangle-tireworld/domain.pddl --problem data/non-deterministic/triangle-tireworld/p08.pddl --formula vehicleat_l1x17 --working-dir experiment-2-triangle-tireworld-nondet/p4p-mynd-sc-ff/p08 --algorithm laostar --heuristic ff
p09	timeout	 -1.000000	 -1.000000	300.005267	None	/home/marcofavorito/planning-for-past-temporal-goals/bin/plan4past -t mynd --domain data/non-deterministic/triangle-tireworld/domain.pddl --problem data/non-deterministic/triangle-tireworld/p09.pddl --formula vehicleat_l1x19 --working-dir experiment-2-triangle-tireworld-nondet/p4p-mynd-sc-ff/p09 --algorithm laostar --heuristic ff
p10	timeout	 -1.000000	 -1.000000	300.004975	None	/home/marcofavorito/planning-for-past-temporal-goals/bin/plan4past -t mynd --domain data/non-deterministic/triangle-tireworld/domain.pddl --problem data/non-deterministic/triangle-tireworld/p10.pddl --formula vehicleat_l1x21 --working-dir experiment-2-triangle-tireworld-nondet/p4p-mynd-sc-ff/p10 --algorithm laostar --heuristic ff
p11	timeout	 -1.000000	 -1.000000	300.004787	None	/home/marcofavorito/planning-for-past-temporal-goals/bin/plan4past -t mynd --domain data/non-deterministic/triangle-tireworld/domain.pddl --problem data/non-deterministic/triangle-tireworld/p11.pddl --formula vehicleat_l1x23 --working-dir experiment-2-triangle-tireworld-nondet/p4p-mynd-sc-ff/p11 --algorithm laostar --heuristic ff
p12	timeout	 -1.000000	 -1.000000	300.004642	None	/home/marcofavorito/planning-for-past-temporal-goals/bin/plan4past -t mynd --domain data/non-deterministic/triangle-tireworld/domain.pddl --problem data/non-deterministic/triangle-tireworld/p12.pddl --formula vehicleat_l1x25 --working-dir experiment-2-triangle-tireworld-nondet/p4p-mynd-sc-ff/p12 --algorithm laostar --heuristic ff
p13	timeout	 -1.000000	 -1.000000	300.004666	None	/home/marcofavorito/planning-for-past-temporal-goals/bin/plan4past -t mynd --domain data/non-deterministic/triangle-tireworld/domain.pddl --problem data/non-deterministic/triangle-tireworld/p13.pddl --formula vehicleat_l1x27 --working-dir experiment-2-triangle-tireworld-nondet/p4p-mynd-sc-ff/p13 --algorithm laostar --heuristic ff
p14	timeout	 -1.000000	 -1.000000	300.004696	None	/home/marcofavorito/planning-for-past-temporal-goals/bin/plan4past -t mynd --domain data/non-deterministic/triangle-tireworld/domain.pddl --problem data/non-deterministic/triangle-tireworld/p14.pddl --formula vehicleat_l1x29 --working-dir experiment-2-triangle-tireworld-nondet/p4p-mynd-sc-ff/p14 --algorithm laostar --heuristic ff
p15	timeout	 -1.000000	 -1.000000	300.005266	None	/home/marcofavorito/planning-for-past-temporal-goals/bin/plan4past -t mynd --domain data/non-deterministic/triangle-tireworld/domain.pddl --problem data/non-deterministic/triangle-tireworld/p15.pddl --formula vehicleat_l1x31 --working-dir experiment-2-triangle-tireworld-nondet/p4p-mynd-sc-ff/p15 --algorithm laostar --heuristic ff
p16	timeout	 -1.000000	 -1.000000	300.004789	None	/home/marcofavorito/planning-for-past-temporal-goals/bin/plan4past -t mynd --domain data/non-deterministic/triangle-tireworld/domain.pddl --problem data/non-deterministic/triangle-tireworld/p16.pddl --formula vehicleat_l1x33 --working-dir experiment-2-triangle-tireworld-nondet/p4p-mynd-sc-ff/p16 --algorithm laostar --heuristic ff
p17	timeout	 -1.000000	 -1.000000	300.004531	None	/home/marcofavorito/planning-for-past-temporal-goals/bin/plan4past -t mynd --domain data/non-deterministic/triangle-tireworld/domain.pddl --problem data/non-deterministic/triangle-tireworld/p17.pddl --formula vehicleat_l1x35 --working-dir experiment-2-triangle-tireworld-nondet/p4p-mynd-sc-ff/p17 --algorithm laostar --heuristic ff
p18	timeout	 -1.000000	 -1.000000	300.004964	None	/home/marcofavorito/planning-for-past-temporal-goals/bin/plan4past -t mynd --domain data/non-deterministic/triangle-tireworld/domain.pddl --problem data/non-deterministic/triangle-tireworld/p18.pddl --formula vehicleat_l1x37 --working-dir experiment-2-triangle-tireworld-nondet/p4p-mynd-sc-ff/p18 --algorithm laostar --heuristic ff
p19	timeout	 -1.000000	 -1.000000	300.005192	None	/home/marcofavorito/planning-for-past-temporal-goals/bin/plan4past -t mynd --domain data/non-deterministic/triangle-tireworld/domain.pddl --problem data/non-deterministic/triangle-tireworld/p19.pddl --formula vehicleat_l1x39 --working-dir experiment-2-triangle-tireworld-nondet/p4p-mynd-sc-ff/p19 --algorithm laostar --heuristic ff
p20	timeout	 -1.000000	 -1.000000	300.005498	None	/home/marcofavorito/planning-for-past-temporal-goals/bin/plan4past -t mynd --domain data/non-deterministic/triangle-tireworld/domain.pddl --problem data/non-deterministic/triangle-tireworld/p20.pddl --formula vehicleat_l1x41 --working-dir experiment-2-triangle-tireworld-nondet/p4p-mynd-sc-ff/p20 --algorithm laostar --heuristic ff
p21	timeout	 -1.000000	 -1.000000	300.004921	None	/home/marcofavorito/planning-for-past-temporal-goals/bin/plan4past -t mynd --domain data/non-deterministic/triangle-tireworld/domain.pddl --problem data/non-deterministic/triangle-tireworld/p21.pddl --formula vehicleat_l1x43 --working-dir experiment-2-triangle-tireworld-nondet/p4p-mynd-sc-ff/p21 --algorithm laostar --heuristic ff
p22	timeout	 -1.000000	 -1.000000	300.005308	None	/home/marcofavorito/planning-for-past-temporal-goals/bin/plan4past -t mynd --domain data/non-deterministic/triangle-tireworld/domain.pddl --problem data/non-deterministic/triangle-tireworld/p22.pddl --formula vehicleat_l1x45 --working-dir experiment-2-triangle-tireworld-nondet/p4p-mynd-sc-ff/p22 --algorithm laostar --heuristic ff
p23	timeout	 -1.000000	 -1.000000	300.004983	None	/home/marcofavorito/planning-for-past-temporal-goals/bin/plan4past -t mynd --domain data/non-deterministic/triangle-tireworld/domain.pddl --problem data/non-deterministic/triangle-tireworld/p23.pddl --formula vehicleat_l1x47 --working-dir experiment-2-triangle-tireworld-nondet/p4p-mynd-sc-ff/p23 --algorithm laostar --heuristic ff
p24	timeout	 -1.000000	 -1.000000	300.005018	None	/home/marcofavorito/planning-for-past-temporal-goals/bin/plan4past -t mynd --domain data/non-deterministic/triangle-tireworld/domain.pddl --problem data/non-deterministic/triangle-tireworld/p24.pddl --formula vehicleat_l1x49 --working-dir experiment-2-triangle-tireworld-nondet/p4p-mynd-sc-ff/p24 --algorithm laostar --heuristic ff
p25	timeout	 -1.000000	 -1.000000	300.005135	None	/home/marcofavorito/planning-for-past-temporal-goals/bin/plan4past -t mynd --domain data/non-deterministic/triangle-tireworld/domain.pddl --problem data/non-deterministic/triangle-tireworld/p25.pddl --formula vehicleat_l1x51 --working-dir experiment-2-triangle-tireworld-nondet/p4p-mynd-sc-ff/p25 --algorithm laostar --heuristic ff
p26	timeout	 -1.000000	 -1.000000	300.005117	None	/home/marcofavorito/planning-for-past-temporal-goals/bin/plan4past -t mynd --domain data/non-deterministic/triangle-tireworld/domain.pddl --problem data/non-deterministic/triangle-tireworld/p26.pddl --formula vehicleat_l1x53 --working-dir experiment-2-triangle-tireworld-nondet/p4p-mynd-sc-ff/p26 --algorithm laostar --heuristic ff
p27	timeout	 -1.000000	 -1.000000	300.004804	None	/home/marcofavorito/planning-for-past-temporal-goals/bin/plan4past -t mynd --domain data/non-deterministic/triangle-tireworld/domain.pddl --problem data/non-deterministic/triangle-tireworld/p27.pddl --formula vehicleat_l1x55 --working-dir experiment-2-triangle-tireworld-nondet/p4p-mynd-sc-ff/p27 --algorithm laostar --heuristic ff
p28	timeout	 -1.000000	 -1.000000	300.005886	None	/home/marcofavorito/planning-for-past-temporal-goals/bin/plan4past -t mynd --domain data/non-deterministic/triangle-tireworld/domain.pddl --problem data/non-deterministic/triangle-tireworld/p28.pddl --formula vehicleat_l1x57 --working-dir experiment-2-triangle-tireworld-nondet/p4p-mynd-sc-ff/p28 --algorithm laostar --heuristic ff
p29	timeout	 -1.000000	 -1.000000	300.004937	None	/home/marcofavorito/planning-for-past-temporal-goals/bin/plan4past -t mynd --domain data/non-deterministic/triangle-tireworld/domain.pddl --problem data/non-deterministic/triangle-tireworld/p29.pddl --formula vehicleat_l1x59 --working-dir experiment-2-triangle-tireworld-nondet/p4p-mynd-sc-ff/p29 --algorithm laostar --heuristic ff
p30	timeout	 -1.000000	 -1.000000	300.005774	None	/home/marcofavorito/planning-for-past-temporal-goals/bin/plan4past -t mynd --domain data/non-deterministic/triangle-tireworld/domain.pddl --problem data/non-deterministic/triangle-tireworld/p30.pddl --formula vehicleat_l1x61 --working-dir experiment-2-triangle-tireworld-nondet/p4p-mynd-sc-ff/p30 --algorithm laostar --heuristic ff
p31	timeout	 -1.000000	 -1.000000	300.005267	None	/home/marcofavorito/planning-for-past-temporal-goals/bin/plan4past -t mynd --domain data/non-deterministic/triangle-tireworld/domain.pddl --problem data/non-deterministic/triangle-tireworld/p31.pddl --formula vehicleat_l1x63 --working-dir experiment-2-triangle-tireworld-nondet/p4p-mynd-sc-ff/p31 --algorithm laostar --heuristic ff
p32	timeout	 -1.000000	 -1.000000	300.005965	None	/home/marcofavorito/planning-for-past-temporal-goals/bin/plan4past -t mynd --domain data/non-deterministic/triangle-tireworld/domain.pddl --problem data/non-deterministic/triangle-tireworld/p32.pddl --formula vehicleat_l1x65 --working-dir experiment-2-triangle-tireworld-nondet/p4p-mynd-sc-ff/p32 --algorithm laostar --heuristic ff
p33	timeout	 -1.000000	 -1.000000	300.005513	None	/home/marcofavorito/planning-for-past-temporal-goals/bin/plan4past -t mynd --domain data/non-deterministic/triangle-tireworld/domain.pddl --problem data/non-deterministic/triangle-tireworld/p33.pddl --formula vehicleat_l1x67 --working-dir experiment-2-triangle-tireworld-nondet/p4p-mynd-sc-ff/p33 --algorithm laostar --heuristic ff
p34	timeout	 -1.000000	 -1.000000	300.005196	None	/home/marcofavorito/planning-for-past-temporal-goals/bin/plan4past -t mynd --domain data/non-deterministic/triangle-tireworld/domain.pddl --problem data/non-deterministic/triangle-tireworld/p34.pddl --formula vehicleat_l1x69 --working-dir experiment-2-triangle-tireworld-nondet/p4p-mynd-sc-ff/p34 --algorithm laostar --heuristic ff
p35	timeout	 -1.000000	 -1.000000	300.005114	None	/home/marcofavorito/planning-for-past-temporal-goals/bin/plan4past -t mynd --domain data/non-deterministic/triangle-tireworld/domain.pddl --problem data/non-deterministic/triangle-tireworld/p35.pddl --formula vehicleat_l1x71 --working-dir experiment-2-triangle-tireworld-nondet/p4p-mynd-sc-ff/p35 --algorithm laostar --heuristic ff
p36	timeout	 -1.000000	 -1.000000	300.005287	None	/home/marcofavorito/planning-for-past-temporal-goals/bin/plan4past -t mynd --domain data/non-deterministic/triangle-tireworld/domain.pddl --problem data/non-deterministic/triangle-tireworld/p36.pddl --formula vehicleat_l1x73 --working-dir experiment-2-triangle-tireworld-nondet/p4p-mynd-sc-ff/p36 --algorithm laostar --heuristic ff
p37	timeout	 -1.000000	 -1.000000	300.004842	None	/home/marcofavorito/planning-for-past-temporal-goals/bin/plan4past -t mynd --domain data/non-deterministic/triangle-tireworld/domain.pddl --problem data/non-deterministic/triangle-tireworld/p37.pddl --formula vehicleat_l1x75 --working-dir experiment-2-triangle-tireworld-nondet/p4p-mynd-sc-ff/p37 --algorithm laostar --heuristic ff
p38	timeout	 -1.000000	 -1.000000	300.005482	None	/home/marcofavorito/planning-for-past-temporal-goals/bin/plan4past -t mynd --domain data/non-deterministic/triangle-tireworld/domain.pddl --problem data/non-deterministic/triangle-tireworld/p38.pddl --formula vehicleat_l1x77 --working-dir experiment-2-triangle-tireworld-nondet/p4p-mynd-sc-ff/p38 --algorithm laostar --heuristic ff
p39	timeout	 -1.000000	 -1.000000	300.005842	None	/home/marcofavorito/planning-for-past-temporal-goals/bin/plan4past -t mynd --domain data/non-deterministic/triangle-tireworld/domain.pddl --problem data/non-deterministic/triangle-tireworld/p39.pddl --formula vehicleat_l1x79 --working-dir experiment-2-triangle-tireworld-nondet/p4p-mynd-sc-ff/p39 --algorithm laostar --heuristic ff
p40	timeout	 -1.000000	 -1.000000	300.005326	None	/home/marcofavorito/planning-for-past-temporal-goals/bin/plan4past -t mynd --domain data/non-deterministic/triangle-tireworld/domain.pddl --problem data/non-deterministic/triangle-tireworld/p40.pddl --formula vehicleat_l1x81 --working-dir experiment-2-triangle-tireworld-nondet/p4p-mynd-sc-ff/p40 --algorithm laostar --heuristic ff
