name	status	time_compilation	time_tool	time_end2end	nb_node_expanded	command
p02	success	  0.691686	  0.548501	  1.240187	2	/home/francesco/Projects/planning-for-past-temporal-goals/bin/plan4past -t mynd --domain final_results/experiment-1b-blocksworld-nondet/domain.pddl --problem final_results/experiment-1b-blocksworld-nondet/p02.pddl --formula O(on_b1_b2) --working-dir final_results/experiment-1b-blocksworld-nondet/p4p-mynd-sc-ff/p02 --algorithm laostar --heuristic ff
p03	success	  0.701331	  0.619967	  1.321298	5	/home/francesco/Projects/planning-for-past-temporal-goals/bin/plan4past -t mynd --domain final_results/experiment-1b-blocksworld-nondet/domain.pddl --problem final_results/experiment-1b-blocksworld-nondet/p03.pddl --formula O(on_b1_b2 & Y(O(on_b2_b3))) --working-dir final_results/experiment-1b-blocksworld-nondet/p4p-mynd-sc-ff/p03 --algorithm laostar --heuristic ff
p04	success	  0.687477	  0.835920	  1.523397	58	/home/francesco/Projects/planning-for-past-temporal-goals/bin/plan4past -t mynd --domain final_results/experiment-1b-blocksworld-nondet/domain.pddl --problem final_results/experiment-1b-blocksworld-nondet/p04.pddl --formula O(on_b1_b2 & Y(O(on_b2_b3 & Y(O(on_b3_b4))))) --working-dir final_results/experiment-1b-blocksworld-nondet/p4p-mynd-sc-ff/p04 --algorithm laostar --heuristic ff
p05	success	  0.691962	  2.459610	  3.151572	374	/home/francesco/Projects/planning-for-past-temporal-goals/bin/plan4past -t mynd --domain final_results/experiment-1b-blocksworld-nondet/domain.pddl --problem final_results/experiment-1b-blocksworld-nondet/p05.pddl --formula O(on_b1_b2 & Y(O(on_b2_b3 & Y(O(on_b3_b4 & Y(O(on_b4_b5))))))) --working-dir final_results/experiment-1b-blocksworld-nondet/p4p-mynd-sc-ff/p05 --algorithm laostar --heuristic ff
p06	success	  0.703712	 18.124788	 18.828500	710	/home/francesco/Projects/planning-for-past-temporal-goals/bin/plan4past -t mynd --domain final_results/experiment-1b-blocksworld-nondet/domain.pddl --problem final_results/experiment-1b-blocksworld-nondet/p06.pddl --formula O(on_b1_b2 & Y(O(on_b2_b3 & Y(O(on_b3_b4 & Y(O(on_b4_b5 & Y(O(on_b5_b6))))))))) --working-dir final_results/experiment-1b-blocksworld-nondet/p4p-mynd-sc-ff/p06 --algorithm laostar --heuristic ff
p07	timeout	 -1.000000	 -1.000000	300.004479	None	/home/francesco/Projects/planning-for-past-temporal-goals/bin/plan4past -t mynd --domain final_results/experiment-1b-blocksworld-nondet/domain.pddl --problem final_results/experiment-1b-blocksworld-nondet/p07.pddl --formula O(on_b1_b2 & Y(O(on_b2_b3 & Y(O(on_b3_b4 & Y(O(on_b4_b5 & Y(O(on_b5_b6 & Y(O(on_b6_b7))))))))))) --working-dir final_results/experiment-1b-blocksworld-nondet/p4p-mynd-sc-ff/p07 --algorithm laostar --heuristic ff
