name	status	time_compilation	time_tool	time_end2end	nb_node_expanded	command
p02	success	  0.588808	  0.459139	  1.047947	15	/home/marcofavorito/workfolder/planning-with-past-code/bin/plan4past -t mynd --domain results/experiment-1-2021-12-14T01:14:57.199669/domain.pddl --problem results/experiment-1-2021-12-14T01:14:57.199669/p02.pddl --formula O(vehicleat_l1x2 & Y(O(vehicleat_l2x1 & Y(O(vehicleat_l1x1))))) --working-dir results/experiment-1-2021-12-14T01:14:57.199669/p4p-mynd-sc-ff/p02 --algorithm laostar --heuristic ff
p03	success	  0.613999	  0.743922	  1.357921	303	/home/marcofavorito/workfolder/planning-with-past-code/bin/plan4past -t mynd --domain results/experiment-1-2021-12-14T01:14:57.199669/domain.pddl --problem results/experiment-1-2021-12-14T01:14:57.199669/p03.pddl --formula O(vehicleat_l1x3 & Y(O(vehicleat_l2x2 & Y(O(vehicleat_l3x1 & Y(O(vehicleat_l2x1 & Y(O(vehicleat_l1x1))))))))) --working-dir results/experiment-1-2021-12-14T01:14:57.199669/p4p-mynd-sc-ff/p03 --algorithm laostar --heuristic ff
p04	timeout	 -1.000000	 -1.000000	300.003829	None	/home/marcofavorito/workfolder/planning-with-past-code/bin/plan4past -t mynd --domain results/experiment-1-2021-12-14T01:14:57.199669/domain.pddl --problem results/experiment-1-2021-12-14T01:14:57.199669/p04.pddl --formula O(vehicleat_l1x4 & Y(O(vehicleat_l2x3 & Y(O(vehicleat_l3x2 & Y(O(vehicleat_l4x1 & Y(O(vehicleat_l3x1 & Y(O(vehicleat_l2x1 & Y(O(vehicleat_l1x1))))))))))))) --working-dir results/experiment-1-2021-12-14T01:14:57.199669/p4p-mynd-sc-ff/p04 --algorithm laostar --heuristic ff
p05	timeout	 -1.000000	 -1.000000	300.003514	None	/home/marcofavorito/workfolder/planning-with-past-code/bin/plan4past -t mynd --domain results/experiment-1-2021-12-14T01:14:57.199669/domain.pddl --problem results/experiment-1-2021-12-14T01:14:57.199669/p05.pddl --formula O(vehicleat_l1x5 & Y(O(vehicleat_l2x4 & Y(O(vehicleat_l3x3 & Y(O(vehicleat_l4x2 & Y(O(vehicleat_l5x1 & Y(O(vehicleat_l4x1 & Y(O(vehicleat_l3x1 & Y(O(vehicleat_l2x1 & Y(O(vehicleat_l1x1))))))))))))))))) --working-dir results/experiment-1-2021-12-14T01:14:57.199669/p4p-mynd-sc-ff/p05 --algorithm laostar --heuristic ff
p06	timeout	 -1.000000	 -1.000000	300.003298	None	/home/marcofavorito/workfolder/planning-with-past-code/bin/plan4past -t mynd --domain results/experiment-1-2021-12-14T01:14:57.199669/domain.pddl --problem results/experiment-1-2021-12-14T01:14:57.199669/p06.pddl --formula O(vehicleat_l1x6 & Y(O(vehicleat_l2x5 & Y(O(vehicleat_l3x4 & Y(O(vehicleat_l4x3 & Y(O(vehicleat_l5x2 & Y(O(vehicleat_l6x1 & Y(O(vehicleat_l5x1 & Y(O(vehicleat_l4x1 & Y(O(vehicleat_l3x1 & Y(O(vehicleat_l2x1 & Y(O(vehicleat_l1x1))))))))))))))))))))) --working-dir results/experiment-1-2021-12-14T01:14:57.199669/p4p-mynd-sc-ff/p06 --algorithm laostar --heuristic ff
p07	timeout	 -1.000000	 -1.000000	300.003749	None	/home/marcofavorito/workfolder/planning-with-past-code/bin/plan4past -t mynd --domain results/experiment-1-2021-12-14T01:14:57.199669/domain.pddl --problem results/experiment-1-2021-12-14T01:14:57.199669/p07.pddl --formula O(vehicleat_l1x7 & Y(O(vehicleat_l2x6 & Y(O(vehicleat_l3x5 & Y(O(vehicleat_l4x4 & Y(O(vehicleat_l5x3 & Y(O(vehicleat_l6x2 & Y(O(vehicleat_l7x1 & Y(O(vehicleat_l6x1 & Y(O(vehicleat_l5x1 & Y(O(vehicleat_l4x1 & Y(O(vehicleat_l3x1 & Y(O(vehicleat_l2x1 & Y(O(vehicleat_l1x1))))))))))))))))))))))))) --working-dir results/experiment-1-2021-12-14T01:14:57.199669/p4p-mynd-sc-ff/p07 --algorithm laostar --heuristic ff
p08	timeout	 -1.000000	 -1.000000	300.004055	None	/home/marcofavorito/workfolder/planning-with-past-code/bin/plan4past -t mynd --domain results/experiment-1-2021-12-14T01:14:57.199669/domain.pddl --problem results/experiment-1-2021-12-14T01:14:57.199669/p08.pddl --formula O(vehicleat_l1x8 & Y(O(vehicleat_l2x7 & Y(O(vehicleat_l3x6 & Y(O(vehicleat_l4x5 & Y(O(vehicleat_l5x4 & Y(O(vehicleat_l6x3 & Y(O(vehicleat_l7x2 & Y(O(vehicleat_l8x1 & Y(O(vehicleat_l7x1 & Y(O(vehicleat_l6x1 & Y(O(vehicleat_l5x1 & Y(O(vehicleat_l4x1 & Y(O(vehicleat_l3x1 & Y(O(vehicleat_l2x1 & Y(O(vehicleat_l1x1))))))))))))))))))))))))))))) --working-dir results/experiment-1-2021-12-14T01:14:57.199669/p4p-mynd-sc-ff/p08 --algorithm laostar --heuristic ff
p09	timeout	 -1.000000	 -1.000000	300.003833	None	/home/marcofavorito/workfolder/planning-with-past-code/bin/plan4past -t mynd --domain results/experiment-1-2021-12-14T01:14:57.199669/domain.pddl --problem results/experiment-1-2021-12-14T01:14:57.199669/p09.pddl --formula O(vehicleat_l1x9 & Y(O(vehicleat_l2x8 & Y(O(vehicleat_l3x7 & Y(O(vehicleat_l4x6 & Y(O(vehicleat_l5x5 & Y(O(vehicleat_l6x4 & Y(O(vehicleat_l7x3 & Y(O(vehicleat_l8x2 & Y(O(vehicleat_l9x1 & Y(O(vehicleat_l8x1 & Y(O(vehicleat_l7x1 & Y(O(vehicleat_l6x1 & Y(O(vehicleat_l5x1 & Y(O(vehicleat_l4x1 & Y(O(vehicleat_l3x1 & Y(O(vehicleat_l2x1 & Y(O(vehicleat_l1x1))))))))))))))))))))))))))))))))) --working-dir results/experiment-1-2021-12-14T01:14:57.199669/p4p-mynd-sc-ff/p09 --algorithm laostar --heuristic ff
p10	timeout	 -1.000000	 -1.000000	300.003048	None	/home/marcofavorito/workfolder/planning-with-past-code/bin/plan4past -t mynd --domain results/experiment-1-2021-12-14T01:14:57.199669/domain.pddl --problem results/experiment-1-2021-12-14T01:14:57.199669/p10.pddl --formula O(vehicleat_l1x10 & Y(O(vehicleat_l2x9 & Y(O(vehicleat_l3x8 & Y(O(vehicleat_l4x7 & Y(O(vehicleat_l5x6 & Y(O(vehicleat_l6x5 & Y(O(vehicleat_l7x4 & Y(O(vehicleat_l8x3 & Y(O(vehicleat_l9x2 & Y(O(vehicleat_l10x1 & Y(O(vehicleat_l9x1 & Y(O(vehicleat_l8x1 & Y(O(vehicleat_l7x1 & Y(O(vehicleat_l6x1 & Y(O(vehicleat_l5x1 & Y(O(vehicleat_l4x1 & Y(O(vehicleat_l3x1 & Y(O(vehicleat_l2x1 & Y(O(vehicleat_l1x1))))))))))))))))))))))))))))))))))))) --working-dir results/experiment-1-2021-12-14T01:14:57.199669/p4p-mynd-sc-ff/p10 --algorithm laostar --heuristic ff
