name	status	time_compilation	time_tool	time_end2end	nb_node_expanded	command
p03	success	  1.289481	  0.692577	  1.982058	21	/home/marcofavorito/planning-for-past-temporal-goals/bin/fond4ltlfpltlf_wrapper -t mynd -d experiment-1a-blocksworld-nondet/domain.pddl -p experiment-1a-blocksworld-nondet/p03.pddl -g O(on_b1_b2 & Y(O(on_b2_b3))) --working-dir experiment-1a-blocksworld-nondet/f4lp-mynd-sc-ff/p03 --algorithm laostar --heuristic ff
p04	success	  0.871779	  1.031346	  1.903125	38	/home/marcofavorito/planning-for-past-temporal-goals/bin/fond4ltlfpltlf_wrapper -t mynd -d experiment-1a-blocksworld-nondet/domain.pddl -p experiment-1a-blocksworld-nondet/p04.pddl -g O(on_b1_b2 & Y(O(on_b2_b3))) --working-dir experiment-1a-blocksworld-nondet/f4lp-mynd-sc-ff/p04 --algorithm laostar --heuristic ff
p05	success	  0.923279	  0.873784	  1.797063	23	/home/marcofavorito/planning-for-past-temporal-goals/bin/fond4ltlfpltlf_wrapper -t mynd -d experiment-1a-blocksworld-nondet/domain.pddl -p experiment-1a-blocksworld-nondet/p05.pddl -g O(on_b1_b2 & Y(O(on_b2_b3))) --working-dir experiment-1a-blocksworld-nondet/f4lp-mynd-sc-ff/p05 --algorithm laostar --heuristic ff
p06	success	  0.917774	  1.350594	  2.268368	21	/home/marcofavorito/planning-for-past-temporal-goals/bin/fond4ltlfpltlf_wrapper -t mynd -d experiment-1a-blocksworld-nondet/domain.pddl -p experiment-1a-blocksworld-nondet/p06.pddl -g O(on_b1_b2 & Y(O(on_b2_b3))) --working-dir experiment-1a-blocksworld-nondet/f4lp-mynd-sc-ff/p06 --algorithm laostar --heuristic ff
p07	success	  1.081816	  1.641740	  2.723556	62	/home/marcofavorito/planning-for-past-temporal-goals/bin/fond4ltlfpltlf_wrapper -t mynd -d experiment-1a-blocksworld-nondet/domain.pddl -p experiment-1a-blocksworld-nondet/p07.pddl -g O(on_b1_b2 & Y(O(on_b2_b3))) --working-dir experiment-1a-blocksworld-nondet/f4lp-mynd-sc-ff/p07 --algorithm laostar --heuristic ff
p08	success	  0.846202	  2.114009	  2.960211	55	/home/marcofavorito/planning-for-past-temporal-goals/bin/fond4ltlfpltlf_wrapper -t mynd -d experiment-1a-blocksworld-nondet/domain.pddl -p experiment-1a-blocksworld-nondet/p08.pddl -g O(on_b1_b2 & Y(O(on_b2_b3))) --working-dir experiment-1a-blocksworld-nondet/f4lp-mynd-sc-ff/p08 --algorithm laostar --heuristic ff
p09	success	  1.014843	  2.369098	  3.383941	27	/home/marcofavorito/planning-for-past-temporal-goals/bin/fond4ltlfpltlf_wrapper -t mynd -d experiment-1a-blocksworld-nondet/domain.pddl -p experiment-1a-blocksworld-nondet/p09.pddl -g O(on_b1_b2 & Y(O(on_b2_b3))) --working-dir experiment-1a-blocksworld-nondet/f4lp-mynd-sc-ff/p09 --algorithm laostar --heuristic ff
p10	success	  0.867327	  2.253034	  3.120361	23	/home/marcofavorito/planning-for-past-temporal-goals/bin/fond4ltlfpltlf_wrapper -t mynd -d experiment-1a-blocksworld-nondet/domain.pddl -p experiment-1a-blocksworld-nondet/p10.pddl -g O(on_b1_b2 & Y(O(on_b2_b3))) --working-dir experiment-1a-blocksworld-nondet/f4lp-mynd-sc-ff/p10 --algorithm laostar --heuristic ff
p11	success	  0.861756	  2.700775	  3.562531	25	/home/marcofavorito/planning-for-past-temporal-goals/bin/fond4ltlfpltlf_wrapper -t mynd -d experiment-1a-blocksworld-nondet/domain.pddl -p experiment-1a-blocksworld-nondet/p11.pddl -g O(on_b1_b2 & Y(O(on_b2_b3))) --working-dir experiment-1a-blocksworld-nondet/f4lp-mynd-sc-ff/p11 --algorithm laostar --heuristic ff
p12	success	  0.838201	  3.197827	  4.036028	57	/home/marcofavorito/planning-for-past-temporal-goals/bin/fond4ltlfpltlf_wrapper -t mynd -d experiment-1a-blocksworld-nondet/domain.pddl -p experiment-1a-blocksworld-nondet/p12.pddl -g O(on_b1_b2 & Y(O(on_b2_b3))) --working-dir experiment-1a-blocksworld-nondet/f4lp-mynd-sc-ff/p12 --algorithm laostar --heuristic ff
p13	success	  0.722331	  3.657067	  4.379398	93	/home/marcofavorito/planning-for-past-temporal-goals/bin/fond4ltlfpltlf_wrapper -t mynd -d experiment-1a-blocksworld-nondet/domain.pddl -p experiment-1a-blocksworld-nondet/p13.pddl -g O(on_b1_b2 & Y(O(on_b2_b3))) --working-dir experiment-1a-blocksworld-nondet/f4lp-mynd-sc-ff/p13 --algorithm laostar --heuristic ff
p14	success	  0.670786	  8.570090	  9.240876	179	/home/marcofavorito/planning-for-past-temporal-goals/bin/fond4ltlfpltlf_wrapper -t mynd -d experiment-1a-blocksworld-nondet/domain.pddl -p experiment-1a-blocksworld-nondet/p14.pddl -g O(on_b1_b2 & Y(O(on_b2_b3))) --working-dir experiment-1a-blocksworld-nondet/f4lp-mynd-sc-ff/p14 --algorithm laostar --heuristic ff
p15	success	  0.858657	  5.204845	  6.063502	39	/home/marcofavorito/planning-for-past-temporal-goals/bin/fond4ltlfpltlf_wrapper -t mynd -d experiment-1a-blocksworld-nondet/domain.pddl -p experiment-1a-blocksworld-nondet/p15.pddl -g O(on_b1_b2 & Y(O(on_b2_b3))) --working-dir experiment-1a-blocksworld-nondet/f4lp-mynd-sc-ff/p15 --algorithm laostar --heuristic ff
p16	success	  0.827384	  7.900312	  8.727696	135	/home/marcofavorito/planning-for-past-temporal-goals/bin/fond4ltlfpltlf_wrapper -t mynd -d experiment-1a-blocksworld-nondet/domain.pddl -p experiment-1a-blocksworld-nondet/p16.pddl -g O(on_b1_b2 & Y(O(on_b2_b3))) --working-dir experiment-1a-blocksworld-nondet/f4lp-mynd-sc-ff/p16 --algorithm laostar --heuristic ff
p17	success	  0.818572	  7.140340	  7.958912	39	/home/marcofavorito/planning-for-past-temporal-goals/bin/fond4ltlfpltlf_wrapper -t mynd -d experiment-1a-blocksworld-nondet/domain.pddl -p experiment-1a-blocksworld-nondet/p17.pddl -g O(on_b1_b2 & Y(O(on_b2_b3))) --working-dir experiment-1a-blocksworld-nondet/f4lp-mynd-sc-ff/p17 --algorithm laostar --heuristic ff
p18	success	  0.855923	 12.518651	 13.374574	129	/home/marcofavorito/planning-for-past-temporal-goals/bin/fond4ltlfpltlf_wrapper -t mynd -d experiment-1a-blocksworld-nondet/domain.pddl -p experiment-1a-blocksworld-nondet/p18.pddl -g O(on_b1_b2 & Y(O(on_b2_b3))) --working-dir experiment-1a-blocksworld-nondet/f4lp-mynd-sc-ff/p18 --algorithm laostar --heuristic ff
p19	success	  0.675069	 14.140159	 14.815228	171	/home/marcofavorito/planning-for-past-temporal-goals/bin/fond4ltlfpltlf_wrapper -t mynd -d experiment-1a-blocksworld-nondet/domain.pddl -p experiment-1a-blocksworld-nondet/p19.pddl -g O(on_b1_b2 & Y(O(on_b2_b3))) --working-dir experiment-1a-blocksworld-nondet/f4lp-mynd-sc-ff/p19 --algorithm laostar --heuristic ff
p20	success	  0.726636	 29.002014	 29.728650	329	/home/marcofavorito/planning-for-past-temporal-goals/bin/fond4ltlfpltlf_wrapper -t mynd -d experiment-1a-blocksworld-nondet/domain.pddl -p experiment-1a-blocksworld-nondet/p20.pddl -g O(on_b1_b2 & Y(O(on_b2_b3))) --working-dir experiment-1a-blocksworld-nondet/f4lp-mynd-sc-ff/p20 --algorithm laostar --heuristic ff
