name	status	time_compilation	time_tool	time_end2end	nb_node_expanded	command
p-001	success	 -1.000000	  0.002822	  0.317371	5	/home/anonymousauthor/Projects/planning-for-past-temporal-goals/bin/fd_wrapper -d data/deterministic/elevator/domain.pddl -p data/deterministic/elevator/p-001.pddl --algorithm astar --heuristic ff --working-dir results/experiment-2-2021-12-14T23:47:54.512044/fd-ff/p-001
p-002	success	 -1.000000	  0.003032	  0.320877	4	/home/anonymousauthor/Projects/planning-for-past-temporal-goals/bin/fd_wrapper -d data/deterministic/elevator/domain.pddl -p data/deterministic/elevator/p-002.pddl --algorithm astar --heuristic ff --working-dir results/experiment-2-2021-12-14T23:47:54.512044/fd-ff/p-002
p-003	success	 -1.000000	  0.002578	  0.317517	5	/home/anonymousauthor/Projects/planning-for-past-temporal-goals/bin/fd_wrapper -d data/deterministic/elevator/domain.pddl -p data/deterministic/elevator/p-003.pddl --algorithm astar --heuristic ff --working-dir results/experiment-2-2021-12-14T23:47:54.512044/fd-ff/p-003
p-004	success	 -1.000000	  0.002244	  0.319469	5	/home/anonymousauthor/Projects/planning-for-past-temporal-goals/bin/fd_wrapper -d data/deterministic/elevator/domain.pddl -p data/deterministic/elevator/p-004.pddl --algorithm astar --heuristic ff --working-dir results/experiment-2-2021-12-14T23:47:54.512044/fd-ff/p-004
p-005	success	 -1.000000	  0.002469	  0.367551	5	/home/anonymousauthor/Projects/planning-for-past-temporal-goals/bin/fd_wrapper -d data/deterministic/elevator/domain.pddl -p data/deterministic/elevator/p-005.pddl --algorithm astar --heuristic ff --working-dir results/experiment-2-2021-12-14T23:47:54.512044/fd-ff/p-005
p-006	success	 -1.000000	  0.002520	  0.267035	9	/home/anonymousauthor/Projects/planning-for-past-temporal-goals/bin/fd_wrapper -d data/deterministic/elevator/domain.pddl -p data/deterministic/elevator/p-006.pddl --algorithm astar --heuristic ff --working-dir results/experiment-2-2021-12-14T23:47:54.512044/fd-ff/p-006
p-007	success	 -1.000000	  0.003442	  0.317270	9	/home/anonymousauthor/Projects/planning-for-past-temporal-goals/bin/fd_wrapper -d data/deterministic/elevator/domain.pddl -p data/deterministic/elevator/p-007.pddl --algorithm astar --heuristic ff --working-dir results/experiment-2-2021-12-14T23:47:54.512044/fd-ff/p-007
p-008	success	 -1.000000	  0.004100	  0.367887	9	/home/anonymousauthor/Projects/planning-for-past-temporal-goals/bin/fd_wrapper -d data/deterministic/elevator/domain.pddl -p data/deterministic/elevator/p-008.pddl --algorithm astar --heuristic ff --working-dir results/experiment-2-2021-12-14T23:47:54.512044/fd-ff/p-008
p-009	success	 -1.000000	  0.002474	  0.320823	8	/home/anonymousauthor/Projects/planning-for-past-temporal-goals/bin/fd_wrapper -d data/deterministic/elevator/domain.pddl -p data/deterministic/elevator/p-009.pddl --algorithm astar --heuristic ff --working-dir results/experiment-2-2021-12-14T23:47:54.512044/fd-ff/p-009
p-010	success	 -1.000000	  0.003219	  0.367194	11	/home/anonymousauthor/Projects/planning-for-past-temporal-goals/bin/fd_wrapper -d data/deterministic/elevator/domain.pddl -p data/deterministic/elevator/p-010.pddl --algorithm astar --heuristic ff --working-dir results/experiment-2-2021-12-14T23:47:54.512044/fd-ff/p-010
p-011	success	 -1.000000	  0.002893	  0.321718	18	/home/anonymousauthor/Projects/planning-for-past-temporal-goals/bin/fd_wrapper -d data/deterministic/elevator/domain.pddl -p data/deterministic/elevator/p-011.pddl --algorithm astar --heuristic ff --working-dir results/experiment-2-2021-12-14T23:47:54.512044/fd-ff/p-011
p-012	success	 -1.000000	  0.003897	  0.367953	23	/home/anonymousauthor/Projects/planning-for-past-temporal-goals/bin/fd_wrapper -d data/deterministic/elevator/domain.pddl -p data/deterministic/elevator/p-012.pddl --algorithm astar --heuristic ff --working-dir results/experiment-2-2021-12-14T23:47:54.512044/fd-ff/p-012
p-013	success	 -1.000000	  0.004028	  0.369172	17	/home/anonymousauthor/Projects/planning-for-past-temporal-goals/bin/fd_wrapper -d data/deterministic/elevator/domain.pddl -p data/deterministic/elevator/p-013.pddl --algorithm astar --heuristic ff --working-dir results/experiment-2-2021-12-14T23:47:54.512044/fd-ff/p-013
p-014	success	 -1.000000	  0.003098	  0.419024	13	/home/anonymousauthor/Projects/planning-for-past-temporal-goals/bin/fd_wrapper -d data/deterministic/elevator/domain.pddl -p data/deterministic/elevator/p-014.pddl --algorithm astar --heuristic ff --working-dir results/experiment-2-2021-12-14T23:47:54.512044/fd-ff/p-014
p-015	success	 -1.000000	  0.003053	  0.318924	13	/home/anonymousauthor/Projects/planning-for-past-temporal-goals/bin/fd_wrapper -d data/deterministic/elevator/domain.pddl -p data/deterministic/elevator/p-015.pddl --algorithm astar --heuristic ff --working-dir results/experiment-2-2021-12-14T23:47:54.512044/fd-ff/p-015
p-016	success	 -1.000000	  0.005708	  0.316796	16	/home/anonymousauthor/Projects/planning-for-past-temporal-goals/bin/fd_wrapper -d data/deterministic/elevator/domain.pddl -p data/deterministic/elevator/p-016.pddl --algorithm astar --heuristic ff --working-dir results/experiment-2-2021-12-14T23:47:54.512044/fd-ff/p-016
p-017	success	 -1.000000	  0.003950	  0.418064	17	/home/anonymousauthor/Projects/planning-for-past-temporal-goals/bin/fd_wrapper -d data/deterministic/elevator/domain.pddl -p data/deterministic/elevator/p-017.pddl --algorithm astar --heuristic ff --working-dir results/experiment-2-2021-12-14T23:47:54.512044/fd-ff/p-017
p-018	success	 -1.000000	  0.003871	  0.266725	19	/home/anonymousauthor/Projects/planning-for-past-temporal-goals/bin/fd_wrapper -d data/deterministic/elevator/domain.pddl -p data/deterministic/elevator/p-018.pddl --algorithm astar --heuristic ff --working-dir results/experiment-2-2021-12-14T23:47:54.512044/fd-ff/p-018
p-019	success	 -1.000000	  0.003514	  0.317671	23	/home/anonymousauthor/Projects/planning-for-past-temporal-goals/bin/fd_wrapper -d data/deterministic/elevator/domain.pddl -p data/deterministic/elevator/p-019.pddl --algorithm astar --heuristic ff --working-dir results/experiment-2-2021-12-14T23:47:54.512044/fd-ff/p-019
p-020	success	 -1.000000	  0.003375	  0.417963	30	/home/anonymousauthor/Projects/planning-for-past-temporal-goals/bin/fd_wrapper -d data/deterministic/elevator/domain.pddl -p data/deterministic/elevator/p-020.pddl --algorithm astar --heuristic ff --working-dir results/experiment-2-2021-12-14T23:47:54.512044/fd-ff/p-020
p-021	success	 -1.000000	  0.004521	  0.317355	30	/home/anonymousauthor/Projects/planning-for-past-temporal-goals/bin/fd_wrapper -d data/deterministic/elevator/domain.pddl -p data/deterministic/elevator/p-021.pddl --algorithm astar --heuristic ff --working-dir results/experiment-2-2021-12-14T23:47:54.512044/fd-ff/p-021
p-022	success	 -1.000000	  0.003493	  0.316906	25	/home/anonymousauthor/Projects/planning-for-past-temporal-goals/bin/fd_wrapper -d data/deterministic/elevator/domain.pddl -p data/deterministic/elevator/p-022.pddl --algorithm astar --heuristic ff --working-dir results/experiment-2-2021-12-14T23:47:54.512044/fd-ff/p-022
p-023	success	 -1.000000	  0.004039	  0.367186	24	/home/anonymousauthor/Projects/planning-for-past-temporal-goals/bin/fd_wrapper -d data/deterministic/elevator/domain.pddl -p data/deterministic/elevator/p-023.pddl --algorithm astar --heuristic ff --working-dir results/experiment-2-2021-12-14T23:47:54.512044/fd-ff/p-023
p-024	success	 -1.000000	  0.003991	  0.267181	20	/home/anonymousauthor/Projects/planning-for-past-temporal-goals/bin/fd_wrapper -d data/deterministic/elevator/domain.pddl -p data/deterministic/elevator/p-024.pddl --algorithm astar --heuristic ff --working-dir results/experiment-2-2021-12-14T23:47:54.512044/fd-ff/p-024
p-025	success	 -1.000000	  0.004064	  0.317299	28	/home/anonymousauthor/Projects/planning-for-past-temporal-goals/bin/fd_wrapper -d data/deterministic/elevator/domain.pddl -p data/deterministic/elevator/p-025.pddl --algorithm astar --heuristic ff --working-dir results/experiment-2-2021-12-14T23:47:54.512044/fd-ff/p-025
p-026	success	 -1.000000	  0.006479	  0.316421	44	/home/anonymousauthor/Projects/planning-for-past-temporal-goals/bin/fd_wrapper -d data/deterministic/elevator/domain.pddl -p data/deterministic/elevator/p-026.pddl --algorithm astar --heuristic ff --working-dir results/experiment-2-2021-12-14T23:47:54.512044/fd-ff/p-026
p-027	success	 -1.000000	  0.004350	  0.368802	22	/home/anonymousauthor/Projects/planning-for-past-temporal-goals/bin/fd_wrapper -d data/deterministic/elevator/domain.pddl -p data/deterministic/elevator/p-027.pddl --algorithm astar --heuristic ff --working-dir results/experiment-2-2021-12-14T23:47:54.512044/fd-ff/p-027
p-028	success	 -1.000000	  0.004477	  0.367783	31	/home/anonymousauthor/Projects/planning-for-past-temporal-goals/bin/fd_wrapper -d data/deterministic/elevator/domain.pddl -p data/deterministic/elevator/p-028.pddl --algorithm astar --heuristic ff --working-dir results/experiment-2-2021-12-14T23:47:54.512044/fd-ff/p-028
p-029	success	 -1.000000	  0.008075	  0.318752	132	/home/anonymousauthor/Projects/planning-for-past-temporal-goals/bin/fd_wrapper -d data/deterministic/elevator/domain.pddl -p data/deterministic/elevator/p-029.pddl --algorithm astar --heuristic ff --working-dir results/experiment-2-2021-12-14T23:47:54.512044/fd-ff/p-029
p-030	success	 -1.000000	  0.005067	  0.317191	30	/home/anonymousauthor/Projects/planning-for-past-temporal-goals/bin/fd_wrapper -d data/deterministic/elevator/domain.pddl -p data/deterministic/elevator/p-030.pddl --algorithm astar --heuristic ff --working-dir results/experiment-2-2021-12-14T23:47:54.512044/fd-ff/p-030
p-031	success	 -1.000000	  0.004961	  0.370525	33	/home/anonymousauthor/Projects/planning-for-past-temporal-goals/bin/fd_wrapper -d data/deterministic/elevator/domain.pddl -p data/deterministic/elevator/p-031.pddl --algorithm astar --heuristic ff --working-dir results/experiment-2-2021-12-14T23:47:54.512044/fd-ff/p-031
p-032	success	 -1.000000	  0.005743	  0.317116	50	/home/anonymousauthor/Projects/planning-for-past-temporal-goals/bin/fd_wrapper -d data/deterministic/elevator/domain.pddl -p data/deterministic/elevator/p-032.pddl --algorithm astar --heuristic ff --working-dir results/experiment-2-2021-12-14T23:47:54.512044/fd-ff/p-032
p-033	success	 -1.000000	  0.005748	  0.367374	24	/home/anonymousauthor/Projects/planning-for-past-temporal-goals/bin/fd_wrapper -d data/deterministic/elevator/domain.pddl -p data/deterministic/elevator/p-033.pddl --algorithm astar --heuristic ff --working-dir results/experiment-2-2021-12-14T23:47:54.512044/fd-ff/p-033
p-034	success	 -1.000000	  0.005541	  0.319400	34	/home/anonymousauthor/Projects/planning-for-past-temporal-goals/bin/fd_wrapper -d data/deterministic/elevator/domain.pddl -p data/deterministic/elevator/p-034.pddl --algorithm astar --heuristic ff --working-dir results/experiment-2-2021-12-14T23:47:54.512044/fd-ff/p-034
p-035	success	 -1.000000	  0.005462	  0.367358	46	/home/anonymousauthor/Projects/planning-for-past-temporal-goals/bin/fd_wrapper -d data/deterministic/elevator/domain.pddl -p data/deterministic/elevator/p-035.pddl --algorithm astar --heuristic ff --working-dir results/experiment-2-2021-12-14T23:47:54.512044/fd-ff/p-035
p-036	success	 -1.000000	  0.007206	  0.370103	39	/home/anonymousauthor/Projects/planning-for-past-temporal-goals/bin/fd_wrapper -d data/deterministic/elevator/domain.pddl -p data/deterministic/elevator/p-036.pddl --algorithm astar --heuristic ff --working-dir results/experiment-2-2021-12-14T23:47:54.512044/fd-ff/p-036
p-037	success	 -1.000000	  0.027670	  0.367984	556	/home/anonymousauthor/Projects/planning-for-past-temporal-goals/bin/fd_wrapper -d data/deterministic/elevator/domain.pddl -p data/deterministic/elevator/p-037.pddl --algorithm astar --heuristic ff --working-dir results/experiment-2-2021-12-14T23:47:54.512044/fd-ff/p-037
p-038	success	 -1.000000	  0.007507	  0.417062	56	/home/anonymousauthor/Projects/planning-for-past-temporal-goals/bin/fd_wrapper -d data/deterministic/elevator/domain.pddl -p data/deterministic/elevator/p-038.pddl --algorithm astar --heuristic ff --working-dir results/experiment-2-2021-12-14T23:47:54.512044/fd-ff/p-038
p-039	success	 -1.000000	  0.007357	  0.417962	50	/home/anonymousauthor/Projects/planning-for-past-temporal-goals/bin/fd_wrapper -d data/deterministic/elevator/domain.pddl -p data/deterministic/elevator/p-039.pddl --algorithm astar --heuristic ff --working-dir results/experiment-2-2021-12-14T23:47:54.512044/fd-ff/p-039
p-040	success	 -1.000000	  0.007203	  0.317258	45	/home/anonymousauthor/Projects/planning-for-past-temporal-goals/bin/fd_wrapper -d data/deterministic/elevator/domain.pddl -p data/deterministic/elevator/p-040.pddl --algorithm astar --heuristic ff --working-dir results/experiment-2-2021-12-14T23:47:54.512044/fd-ff/p-040
p-041	success	 -1.000000	  0.011049	  0.317038	62	/home/anonymousauthor/Projects/planning-for-past-temporal-goals/bin/fd_wrapper -d data/deterministic/elevator/domain.pddl -p data/deterministic/elevator/p-041.pddl --algorithm astar --heuristic ff --working-dir results/experiment-2-2021-12-14T23:47:54.512044/fd-ff/p-041
p-042	success	 -1.000000	  0.010201	  0.418594	67	/home/anonymousauthor/Projects/planning-for-past-temporal-goals/bin/fd_wrapper -d data/deterministic/elevator/domain.pddl -p data/deterministic/elevator/p-042.pddl --algorithm astar --heuristic ff --working-dir results/experiment-2-2021-12-14T23:47:54.512044/fd-ff/p-042
p-043	success	 -1.000000	  0.009288	  0.417967	58	/home/anonymousauthor/Projects/planning-for-past-temporal-goals/bin/fd_wrapper -d data/deterministic/elevator/domain.pddl -p data/deterministic/elevator/p-043.pddl --algorithm astar --heuristic ff --working-dir results/experiment-2-2021-12-14T23:47:54.512044/fd-ff/p-043
p-044	success	 -1.000000	  0.006880	  0.368850	37	/home/anonymousauthor/Projects/planning-for-past-temporal-goals/bin/fd_wrapper -d data/deterministic/elevator/domain.pddl -p data/deterministic/elevator/p-044.pddl --algorithm astar --heuristic ff --working-dir results/experiment-2-2021-12-14T23:47:54.512044/fd-ff/p-044
p-045	success	 -1.000000	  0.048506	  0.367286	478	/home/anonymousauthor/Projects/planning-for-past-temporal-goals/bin/fd_wrapper -d data/deterministic/elevator/domain.pddl -p data/deterministic/elevator/p-045.pddl --algorithm astar --heuristic ff --working-dir results/experiment-2-2021-12-14T23:47:54.512044/fd-ff/p-045
p-046	success	 -1.000000	  0.010778	  0.368501	58	/home/anonymousauthor/Projects/planning-for-past-temporal-goals/bin/fd_wrapper -d data/deterministic/elevator/domain.pddl -p data/deterministic/elevator/p-046.pddl --algorithm astar --heuristic ff --working-dir results/experiment-2-2021-12-14T23:47:54.512044/fd-ff/p-046
p-047	success	 -1.000000	  0.014091	  0.469463	65	/home/anonymousauthor/Projects/planning-for-past-temporal-goals/bin/fd_wrapper -d data/deterministic/elevator/domain.pddl -p data/deterministic/elevator/p-047.pddl --algorithm astar --heuristic ff --working-dir results/experiment-2-2021-12-14T23:47:54.512044/fd-ff/p-047
p-048	success	 -1.000000	  0.012433	  0.417286	75	/home/anonymousauthor/Projects/planning-for-past-temporal-goals/bin/fd_wrapper -d data/deterministic/elevator/domain.pddl -p data/deterministic/elevator/p-048.pddl --algorithm astar --heuristic ff --working-dir results/experiment-2-2021-12-14T23:47:54.512044/fd-ff/p-048
p-049	success	 -1.000000	  0.009746	  0.418504	53	/home/anonymousauthor/Projects/planning-for-past-temporal-goals/bin/fd_wrapper -d data/deterministic/elevator/domain.pddl -p data/deterministic/elevator/p-049.pddl --algorithm astar --heuristic ff --working-dir results/experiment-2-2021-12-14T23:47:54.512044/fd-ff/p-049
p-050	success	 -1.000000	  0.010419	  0.417784	45	/home/anonymousauthor/Projects/planning-for-past-temporal-goals/bin/fd_wrapper -d data/deterministic/elevator/domain.pddl -p data/deterministic/elevator/p-050.pddl --algorithm astar --heuristic ff --working-dir results/experiment-2-2021-12-14T23:47:54.512044/fd-ff/p-050
p-051	success	 -1.000000	  0.012592	  0.420681	79	/home/anonymousauthor/Projects/planning-for-past-temporal-goals/bin/fd_wrapper -d data/deterministic/elevator/domain.pddl -p data/deterministic/elevator/p-051.pddl --algorithm astar --heuristic ff --working-dir results/experiment-2-2021-12-14T23:47:54.512044/fd-ff/p-051
p-052	success	 -1.000000	  0.011148	  0.416944	58	/home/anonymousauthor/Projects/planning-for-past-temporal-goals/bin/fd_wrapper -d data/deterministic/elevator/domain.pddl -p data/deterministic/elevator/p-052.pddl --algorithm astar --heuristic ff --working-dir results/experiment-2-2021-12-14T23:47:54.512044/fd-ff/p-052
p-053	success	 -1.000000	  0.014120	  0.367282	96	/home/anonymousauthor/Projects/planning-for-past-temporal-goals/bin/fd_wrapper -d data/deterministic/elevator/domain.pddl -p data/deterministic/elevator/p-053.pddl --algorithm astar --heuristic ff --working-dir results/experiment-2-2021-12-14T23:47:54.512044/fd-ff/p-053
p-054	success	 -1.000000	  1.187680	  1.519708	18048	/home/anonymousauthor/Projects/planning-for-past-temporal-goals/bin/fd_wrapper -d data/deterministic/elevator/domain.pddl -p data/deterministic/elevator/p-054.pddl --algorithm astar --heuristic ff --working-dir results/experiment-2-2021-12-14T23:47:54.512044/fd-ff/p-054
p-055	success	 -1.000000	  0.011996	  0.368077	77	/home/anonymousauthor/Projects/planning-for-past-temporal-goals/bin/fd_wrapper -d data/deterministic/elevator/domain.pddl -p data/deterministic/elevator/p-055.pddl --algorithm astar --heuristic ff --working-dir results/experiment-2-2021-12-14T23:47:54.512044/fd-ff/p-055
p-056	success	 -1.000000	  0.011675	  0.366786	55	/home/anonymousauthor/Projects/planning-for-past-temporal-goals/bin/fd_wrapper -d data/deterministic/elevator/domain.pddl -p data/deterministic/elevator/p-056.pddl --algorithm astar --heuristic ff --working-dir results/experiment-2-2021-12-14T23:47:54.512044/fd-ff/p-056
p-057	success	 -1.000000	  0.015280	  0.367758	86	/home/anonymousauthor/Projects/planning-for-past-temporal-goals/bin/fd_wrapper -d data/deterministic/elevator/domain.pddl -p data/deterministic/elevator/p-057.pddl --algorithm astar --heuristic ff --working-dir results/experiment-2-2021-12-14T23:47:54.512044/fd-ff/p-057
p-058	success	 -1.000000	  0.016134	  0.366512	103	/home/anonymousauthor/Projects/planning-for-past-temporal-goals/bin/fd_wrapper -d data/deterministic/elevator/domain.pddl -p data/deterministic/elevator/p-058.pddl --algorithm astar --heuristic ff --working-dir results/experiment-2-2021-12-14T23:47:54.512044/fd-ff/p-058
p-059	success	 -1.000000	  0.016449	  0.417120	81	/home/anonymousauthor/Projects/planning-for-past-temporal-goals/bin/fd_wrapper -d data/deterministic/elevator/domain.pddl -p data/deterministic/elevator/p-059.pddl --algorithm astar --heuristic ff --working-dir results/experiment-2-2021-12-14T23:47:54.512044/fd-ff/p-059
p-060	success	 -1.000000	  0.011817	  0.418374	62	/home/anonymousauthor/Projects/planning-for-past-temporal-goals/bin/fd_wrapper -d data/deterministic/elevator/domain.pddl -p data/deterministic/elevator/p-060.pddl --algorithm astar --heuristic ff --working-dir results/experiment-2-2021-12-14T23:47:54.512044/fd-ff/p-060
p-061	success	 -1.000000	  0.016263	  0.417705	80	/home/anonymousauthor/Projects/planning-for-past-temporal-goals/bin/fd_wrapper -d data/deterministic/elevator/domain.pddl -p data/deterministic/elevator/p-061.pddl --algorithm astar --heuristic ff --working-dir results/experiment-2-2021-12-14T23:47:54.512044/fd-ff/p-061
p-062	success	 -1.000000	  2.792120	  3.224605	19829	/home/anonymousauthor/Projects/planning-for-past-temporal-goals/bin/fd_wrapper -d data/deterministic/elevator/domain.pddl -p data/deterministic/elevator/p-062.pddl --algorithm astar --heuristic ff --working-dir results/experiment-2-2021-12-14T23:47:54.512044/fd-ff/p-062
p-063	success	 -1.000000	  0.016463	  0.417532	118	/home/anonymousauthor/Projects/planning-for-past-temporal-goals/bin/fd_wrapper -d data/deterministic/elevator/domain.pddl -p data/deterministic/elevator/p-063.pddl --algorithm astar --heuristic ff --working-dir results/experiment-2-2021-12-14T23:47:54.512044/fd-ff/p-063
p-064	success	 -1.000000	  0.014560	  0.366532	75	/home/anonymousauthor/Projects/planning-for-past-temporal-goals/bin/fd_wrapper -d data/deterministic/elevator/domain.pddl -p data/deterministic/elevator/p-064.pddl --algorithm astar --heuristic ff --working-dir results/experiment-2-2021-12-14T23:47:54.512044/fd-ff/p-064
p-065	success	 -1.000000	  0.016639	  0.468468	75	/home/anonymousauthor/Projects/planning-for-past-temporal-goals/bin/fd_wrapper -d data/deterministic/elevator/domain.pddl -p data/deterministic/elevator/p-065.pddl --algorithm astar --heuristic ff --working-dir results/experiment-2-2021-12-14T23:47:54.512044/fd-ff/p-065
p-066	success	 -1.000000	  0.017442	  0.418954	71	/home/anonymousauthor/Projects/planning-for-past-temporal-goals/bin/fd_wrapper -d data/deterministic/elevator/domain.pddl -p data/deterministic/elevator/p-066.pddl --algorithm astar --heuristic ff --working-dir results/experiment-2-2021-12-14T23:47:54.512044/fd-ff/p-066
p-067	success	 -1.000000	  0.019862	  0.418258	84	/home/anonymousauthor/Projects/planning-for-past-temporal-goals/bin/fd_wrapper -d data/deterministic/elevator/domain.pddl -p data/deterministic/elevator/p-067.pddl --algorithm astar --heuristic ff --working-dir results/experiment-2-2021-12-14T23:47:54.512044/fd-ff/p-067
p-068	success	 -1.000000	  0.026999	  0.416871	128	/home/anonymousauthor/Projects/planning-for-past-temporal-goals/bin/fd_wrapper -d data/deterministic/elevator/domain.pddl -p data/deterministic/elevator/p-068.pddl --algorithm astar --heuristic ff --working-dir results/experiment-2-2021-12-14T23:47:54.512044/fd-ff/p-068
p-069	success	 -1.000000	  0.025365	  0.416941	102	/home/anonymousauthor/Projects/planning-for-past-temporal-goals/bin/fd_wrapper -d data/deterministic/elevator/domain.pddl -p data/deterministic/elevator/p-069.pddl --algorithm astar --heuristic ff --working-dir results/experiment-2-2021-12-14T23:47:54.512044/fd-ff/p-069
p-070	success	 -1.000000	  0.045656	  0.467383	119	/home/anonymousauthor/Projects/planning-for-past-temporal-goals/bin/fd_wrapper -d data/deterministic/elevator/domain.pddl -p data/deterministic/elevator/p-070.pddl --algorithm astar --heuristic ff --working-dir results/experiment-2-2021-12-14T23:47:54.512044/fd-ff/p-070
p-071	success	 -1.000000	  0.031727	  0.467494	110	/home/anonymousauthor/Projects/planning-for-past-temporal-goals/bin/fd_wrapper -d data/deterministic/elevator/domain.pddl -p data/deterministic/elevator/p-071.pddl --algorithm astar --heuristic ff --working-dir results/experiment-2-2021-12-14T23:47:54.512044/fd-ff/p-071
p-072	success	 -1.000000	  0.045222	  0.417404	184	/home/anonymousauthor/Projects/planning-for-past-temporal-goals/bin/fd_wrapper -d data/deterministic/elevator/domain.pddl -p data/deterministic/elevator/p-072.pddl --algorithm astar --heuristic ff --working-dir results/experiment-2-2021-12-14T23:47:54.512044/fd-ff/p-072
p-073	success	 -1.000000	  0.036492	  0.467414	155	/home/anonymousauthor/Projects/planning-for-past-temporal-goals/bin/fd_wrapper -d data/deterministic/elevator/domain.pddl -p data/deterministic/elevator/p-073.pddl --algorithm astar --heuristic ff --working-dir results/experiment-2-2021-12-14T23:47:54.512044/fd-ff/p-073
p-074	success	 -1.000000	  0.037766	  0.468146	168	/home/anonymousauthor/Projects/planning-for-past-temporal-goals/bin/fd_wrapper -d data/deterministic/elevator/domain.pddl -p data/deterministic/elevator/p-074.pddl --algorithm astar --heuristic ff --working-dir results/experiment-2-2021-12-14T23:47:54.512044/fd-ff/p-074
p-075	success	 -1.000000	  0.036127	  0.517819	157	/home/anonymousauthor/Projects/planning-for-past-temporal-goals/bin/fd_wrapper -d data/deterministic/elevator/domain.pddl -p data/deterministic/elevator/p-075.pddl --algorithm astar --heuristic ff --working-dir results/experiment-2-2021-12-14T23:47:54.512044/fd-ff/p-075
p-076	success	 -1.000000	  0.026900	  0.466902	112	/home/anonymousauthor/Projects/planning-for-past-temporal-goals/bin/fd_wrapper -d data/deterministic/elevator/domain.pddl -p data/deterministic/elevator/p-076.pddl --algorithm astar --heuristic ff --working-dir results/experiment-2-2021-12-14T23:47:54.512044/fd-ff/p-076
p-077	success	 -1.000000	  0.027890	  0.471901	112	/home/anonymousauthor/Projects/planning-for-past-temporal-goals/bin/fd_wrapper -d data/deterministic/elevator/domain.pddl -p data/deterministic/elevator/p-077.pddl --algorithm astar --heuristic ff --working-dir results/experiment-2-2021-12-14T23:47:54.512044/fd-ff/p-077
p-078	success	 -1.000000	  0.034325	  0.467384	137	/home/anonymousauthor/Projects/planning-for-past-temporal-goals/bin/fd_wrapper -d data/deterministic/elevator/domain.pddl -p data/deterministic/elevator/p-078.pddl --algorithm astar --heuristic ff --working-dir results/experiment-2-2021-12-14T23:47:54.512044/fd-ff/p-078
p-079	success	 -1.000000	  0.060900	  0.467562	212	/home/anonymousauthor/Projects/planning-for-past-temporal-goals/bin/fd_wrapper -d data/deterministic/elevator/domain.pddl -p data/deterministic/elevator/p-079.pddl --algorithm astar --heuristic ff --working-dir results/experiment-2-2021-12-14T23:47:54.512044/fd-ff/p-079
p-080	success	 -1.000000	  0.034916	  0.468047	138	/home/anonymousauthor/Projects/planning-for-past-temporal-goals/bin/fd_wrapper -d data/deterministic/elevator/domain.pddl -p data/deterministic/elevator/p-080.pddl --algorithm astar --heuristic ff --working-dir results/experiment-2-2021-12-14T23:47:54.512044/fd-ff/p-080
p-081	success	 -1.000000	  0.054467	  0.518721	168	/home/anonymousauthor/Projects/planning-for-past-temporal-goals/bin/fd_wrapper -d data/deterministic/elevator/domain.pddl -p data/deterministic/elevator/p-081.pddl --algorithm astar --heuristic ff --working-dir results/experiment-2-2021-12-14T23:47:54.512044/fd-ff/p-081
p-082	success	 -1.000000	  0.064741	  0.519906	175	/home/anonymousauthor/Projects/planning-for-past-temporal-goals/bin/fd_wrapper -d data/deterministic/elevator/domain.pddl -p data/deterministic/elevator/p-082.pddl --algorithm astar --heuristic ff --working-dir results/experiment-2-2021-12-14T23:47:54.512044/fd-ff/p-082
p-083	success	 -1.000000	  0.052425	  0.466954	180	/home/anonymousauthor/Projects/planning-for-past-temporal-goals/bin/fd_wrapper -d data/deterministic/elevator/domain.pddl -p data/deterministic/elevator/p-083.pddl --algorithm astar --heuristic ff --working-dir results/experiment-2-2021-12-14T23:47:54.512044/fd-ff/p-083
p-084	success	 -1.000000	  0.028966	  0.517766	116	/home/anonymousauthor/Projects/planning-for-past-temporal-goals/bin/fd_wrapper -d data/deterministic/elevator/domain.pddl -p data/deterministic/elevator/p-084.pddl --algorithm astar --heuristic ff --working-dir results/experiment-2-2021-12-14T23:47:54.512044/fd-ff/p-084
p-085	success	 -1.000000	 19.618300	 20.117937	86653	/home/anonymousauthor/Projects/planning-for-past-temporal-goals/bin/fd_wrapper -d data/deterministic/elevator/domain.pddl -p data/deterministic/elevator/p-085.pddl --algorithm astar --heuristic ff --working-dir results/experiment-2-2021-12-14T23:47:54.512044/fd-ff/p-085
p-086	success	 -1.000000	  0.068080	  0.569281	183	/home/anonymousauthor/Projects/planning-for-past-temporal-goals/bin/fd_wrapper -d data/deterministic/elevator/domain.pddl -p data/deterministic/elevator/p-086.pddl --algorithm astar --heuristic ff --working-dir results/experiment-2-2021-12-14T23:47:54.512044/fd-ff/p-086
p-087	success	 -1.000000	  0.070944	  0.570580	214	/home/anonymousauthor/Projects/planning-for-past-temporal-goals/bin/fd_wrapper -d data/deterministic/elevator/domain.pddl -p data/deterministic/elevator/p-087.pddl --algorithm astar --heuristic ff --working-dir results/experiment-2-2021-12-14T23:47:54.512044/fd-ff/p-087
p-088	success	 -1.000000	  0.070271	  0.567346	188	/home/anonymousauthor/Projects/planning-for-past-temporal-goals/bin/fd_wrapper -d data/deterministic/elevator/domain.pddl -p data/deterministic/elevator/p-088.pddl --algorithm astar --heuristic ff --working-dir results/experiment-2-2021-12-14T23:47:54.512044/fd-ff/p-088
p-089	success	 -1.000000	  0.052192	  0.567630	166	/home/anonymousauthor/Projects/planning-for-past-temporal-goals/bin/fd_wrapper -d data/deterministic/elevator/domain.pddl -p data/deterministic/elevator/p-089.pddl --algorithm astar --heuristic ff --working-dir results/experiment-2-2021-12-14T23:47:54.512044/fd-ff/p-089
p-090	success	 -1.000000	  0.056974	  0.519368	145	/home/anonymousauthor/Projects/planning-for-past-temporal-goals/bin/fd_wrapper -d data/deterministic/elevator/domain.pddl -p data/deterministic/elevator/p-090.pddl --algorithm astar --heuristic ff --working-dir results/experiment-2-2021-12-14T23:47:54.512044/fd-ff/p-090
p-091	success	 -1.000000	  0.075846	  0.567158	203	/home/anonymousauthor/Projects/planning-for-past-temporal-goals/bin/fd_wrapper -d data/deterministic/elevator/domain.pddl -p data/deterministic/elevator/p-091.pddl --algorithm astar --heuristic ff --working-dir results/experiment-2-2021-12-14T23:47:54.512044/fd-ff/p-091
p-092	success	 -1.000000	  0.068785	  0.567838	217	/home/anonymousauthor/Projects/planning-for-past-temporal-goals/bin/fd_wrapper -d data/deterministic/elevator/domain.pddl -p data/deterministic/elevator/p-092.pddl --algorithm astar --heuristic ff --working-dir results/experiment-2-2021-12-14T23:47:54.512044/fd-ff/p-092
p-093	timeout	 -1.000000	 -1.000000	300.004286	None	/home/anonymousauthor/Projects/planning-for-past-temporal-goals/bin/fd_wrapper -d data/deterministic/elevator/domain.pddl -p data/deterministic/elevator/p-093.pddl --algorithm astar --heuristic ff --working-dir results/experiment-2-2021-12-14T23:47:54.512044/fd-ff/p-093
p-094	success	 -1.000000	  0.066670	  0.516762	207	/home/anonymousauthor/Projects/planning-for-past-temporal-goals/bin/fd_wrapper -d data/deterministic/elevator/domain.pddl -p data/deterministic/elevator/p-094.pddl --algorithm astar --heuristic ff --working-dir results/experiment-2-2021-12-14T23:47:54.512044/fd-ff/p-094
p-095	success	 -1.000000	  0.070952	  0.517047	161	/home/anonymousauthor/Projects/planning-for-past-temporal-goals/bin/fd_wrapper -d data/deterministic/elevator/domain.pddl -p data/deterministic/elevator/p-095.pddl --algorithm astar --heuristic ff --working-dir results/experiment-2-2021-12-14T23:47:54.512044/fd-ff/p-095
p-096	success	 -1.000000	159.612000	160.178709	496091	/home/anonymousauthor/Projects/planning-for-past-temporal-goals/bin/fd_wrapper -d data/deterministic/elevator/domain.pddl -p data/deterministic/elevator/p-096.pddl --algorithm astar --heuristic ff --working-dir results/experiment-2-2021-12-14T23:47:54.512044/fd-ff/p-096
p-097	success	 -1.000000	  0.055206	  0.517530	159	/home/anonymousauthor/Projects/planning-for-past-temporal-goals/bin/fd_wrapper -d data/deterministic/elevator/domain.pddl -p data/deterministic/elevator/p-097.pddl --algorithm astar --heuristic ff --working-dir results/experiment-2-2021-12-14T23:47:54.512044/fd-ff/p-097
p-098	success	 -1.000000	  0.301904	  0.919434	482	/home/anonymousauthor/Projects/planning-for-past-temporal-goals/bin/fd_wrapper -d data/deterministic/elevator/domain.pddl -p data/deterministic/elevator/p-098.pddl --algorithm astar --heuristic ff --working-dir results/experiment-2-2021-12-14T23:47:54.512044/fd-ff/p-098
p-099	success	 -1.000000	  0.118272	  0.667982	268	/home/anonymousauthor/Projects/planning-for-past-temporal-goals/bin/fd_wrapper -d data/deterministic/elevator/domain.pddl -p data/deterministic/elevator/p-099.pddl --algorithm astar --heuristic ff --working-dir results/experiment-2-2021-12-14T23:47:54.512044/fd-ff/p-099
p-100	success	 -1.000000	  0.090203	  0.617268	194	/home/anonymousauthor/Projects/planning-for-past-temporal-goals/bin/fd_wrapper -d data/deterministic/elevator/domain.pddl -p data/deterministic/elevator/p-100.pddl --algorithm astar --heuristic ff --working-dir results/experiment-2-2021-12-14T23:47:54.512044/fd-ff/p-100
p-101	success	 -1.000000	  0.121339	  0.668858	251	/home/anonymousauthor/Projects/planning-for-past-temporal-goals/bin/fd_wrapper -d data/deterministic/elevator/domain.pddl -p data/deterministic/elevator/p-101.pddl --algorithm astar --heuristic ff --working-dir results/experiment-2-2021-12-14T23:47:54.512044/fd-ff/p-101
p-102	success	 -1.000000	  0.085165	  0.569287	209	/home/anonymousauthor/Projects/planning-for-past-temporal-goals/bin/fd_wrapper -d data/deterministic/elevator/domain.pddl -p data/deterministic/elevator/p-102.pddl --algorithm astar --heuristic ff --working-dir results/experiment-2-2021-12-14T23:47:54.512044/fd-ff/p-102
p-103	success	 -1.000000	  0.054578	  0.516884	137	/home/anonymousauthor/Projects/planning-for-past-temporal-goals/bin/fd_wrapper -d data/deterministic/elevator/domain.pddl -p data/deterministic/elevator/p-103.pddl --algorithm astar --heuristic ff --working-dir results/experiment-2-2021-12-14T23:47:54.512044/fd-ff/p-103
p-104	success	 -1.000000	  0.086184	  0.566944	197	/home/anonymousauthor/Projects/planning-for-past-temporal-goals/bin/fd_wrapper -d data/deterministic/elevator/domain.pddl -p data/deterministic/elevator/p-104.pddl --algorithm astar --heuristic ff --working-dir results/experiment-2-2021-12-14T23:47:54.512044/fd-ff/p-104
p-105	success	 -1.000000	  0.078509	  0.667607	167	/home/anonymousauthor/Projects/planning-for-past-temporal-goals/bin/fd_wrapper -d data/deterministic/elevator/domain.pddl -p data/deterministic/elevator/p-105.pddl --algorithm astar --heuristic ff --working-dir results/experiment-2-2021-12-14T23:47:54.512044/fd-ff/p-105
p-106	success	 -1.000000	  0.168141	  0.767847	339	/home/anonymousauthor/Projects/planning-for-past-temporal-goals/bin/fd_wrapper -d data/deterministic/elevator/domain.pddl -p data/deterministic/elevator/p-106.pddl --algorithm astar --heuristic ff --working-dir results/experiment-2-2021-12-14T23:47:54.512044/fd-ff/p-106
p-107	success	 -1.000000	  0.152916	  0.669178	289	/home/anonymousauthor/Projects/planning-for-past-temporal-goals/bin/fd_wrapper -d data/deterministic/elevator/domain.pddl -p data/deterministic/elevator/p-107.pddl --algorithm astar --heuristic ff --working-dir results/experiment-2-2021-12-14T23:47:54.512044/fd-ff/p-107
p-108	success	 -1.000000	  0.195816	  0.717259	357	/home/anonymousauthor/Projects/planning-for-past-temporal-goals/bin/fd_wrapper -d data/deterministic/elevator/domain.pddl -p data/deterministic/elevator/p-108.pddl --algorithm astar --heuristic ff --working-dir results/experiment-2-2021-12-14T23:47:54.512044/fd-ff/p-108
p-109	success	 -1.000000	  0.074252	  0.667375	183	/home/anonymousauthor/Projects/planning-for-past-temporal-goals/bin/fd_wrapper -d data/deterministic/elevator/domain.pddl -p data/deterministic/elevator/p-109.pddl --algorithm astar --heuristic ff --working-dir results/experiment-2-2021-12-14T23:47:54.512044/fd-ff/p-109
p-110	success	 -1.000000	  0.107046	  0.669611	188	/home/anonymousauthor/Projects/planning-for-past-temporal-goals/bin/fd_wrapper -d data/deterministic/elevator/domain.pddl -p data/deterministic/elevator/p-110.pddl --algorithm astar --heuristic ff --working-dir results/experiment-2-2021-12-14T23:47:54.512044/fd-ff/p-110
p-111	success	 -1.000000	  0.127830	  0.767838	236	/home/anonymousauthor/Projects/planning-for-past-temporal-goals/bin/fd_wrapper -d data/deterministic/elevator/domain.pddl -p data/deterministic/elevator/p-111.pddl --algorithm astar --heuristic ff --working-dir results/experiment-2-2021-12-14T23:47:54.512044/fd-ff/p-111
p-112	timeout	 -1.000000	 -1.000000	300.004523	None	/home/anonymousauthor/Projects/planning-for-past-temporal-goals/bin/fd_wrapper -d data/deterministic/elevator/domain.pddl -p data/deterministic/elevator/p-112.pddl --algorithm astar --heuristic ff --working-dir results/experiment-2-2021-12-14T23:47:54.512044/fd-ff/p-112
p-113	success	 -1.000000	  0.146532	  0.717641	245	/home/anonymousauthor/Projects/planning-for-past-temporal-goals/bin/fd_wrapper -d data/deterministic/elevator/domain.pddl -p data/deterministic/elevator/p-113.pddl --algorithm astar --heuristic ff --working-dir results/experiment-2-2021-12-14T23:47:54.512044/fd-ff/p-113
p-114	timeout	 -1.000000	 -1.000000	300.004230	None	/home/anonymousauthor/Projects/planning-for-past-temporal-goals/bin/fd_wrapper -d data/deterministic/elevator/domain.pddl -p data/deterministic/elevator/p-114.pddl --algorithm astar --heuristic ff --working-dir results/experiment-2-2021-12-14T23:47:54.512044/fd-ff/p-114
p-115	success	 -1.000000	  0.143503	  0.718484	246	/home/anonymousauthor/Projects/planning-for-past-temporal-goals/bin/fd_wrapper -d data/deterministic/elevator/domain.pddl -p data/deterministic/elevator/p-115.pddl --algorithm astar --heuristic ff --working-dir results/experiment-2-2021-12-14T23:47:54.512044/fd-ff/p-115
p-116	success	 -1.000000	  0.169599	  0.819202	224	/home/anonymousauthor/Projects/planning-for-past-temporal-goals/bin/fd_wrapper -d data/deterministic/elevator/domain.pddl -p data/deterministic/elevator/p-116.pddl --algorithm astar --heuristic ff --working-dir results/experiment-2-2021-12-14T23:47:54.512044/fd-ff/p-116
p-117	success	 -1.000000	  0.180845	  0.818040	290	/home/anonymousauthor/Projects/planning-for-past-temporal-goals/bin/fd_wrapper -d data/deterministic/elevator/domain.pddl -p data/deterministic/elevator/p-117.pddl --algorithm astar --heuristic ff --working-dir results/experiment-2-2021-12-14T23:47:54.512044/fd-ff/p-117
p-118	success	 -1.000000	  0.180210	  0.717406	284	/home/anonymousauthor/Projects/planning-for-past-temporal-goals/bin/fd_wrapper -d data/deterministic/elevator/domain.pddl -p data/deterministic/elevator/p-118.pddl --algorithm astar --heuristic ff --working-dir results/experiment-2-2021-12-14T23:47:54.512044/fd-ff/p-118
p-119	success	 -1.000000	  0.130456	  0.767718	274	/home/anonymousauthor/Projects/planning-for-past-temporal-goals/bin/fd_wrapper -d data/deterministic/elevator/domain.pddl -p data/deterministic/elevator/p-119.pddl --algorithm astar --heuristic ff --working-dir results/experiment-2-2021-12-14T23:47:54.512044/fd-ff/p-119
p-120	success	 -1.000000	  0.186801	  0.820612	271	/home/anonymousauthor/Projects/planning-for-past-temporal-goals/bin/fd_wrapper -d data/deterministic/elevator/domain.pddl -p data/deterministic/elevator/p-120.pddl --algorithm astar --heuristic ff --working-dir results/experiment-2-2021-12-14T23:47:54.512044/fd-ff/p-120
p-121	success	 -1.000000	  0.293693	  0.969910	436	/home/anonymousauthor/Projects/planning-for-past-temporal-goals/bin/fd_wrapper -d data/deterministic/elevator/domain.pddl -p data/deterministic/elevator/p-121.pddl --algorithm astar --heuristic ff --working-dir results/experiment-2-2021-12-14T23:47:54.512044/fd-ff/p-121
p-122	success	 -1.000000	  0.439040	  1.072968	552	/home/anonymousauthor/Projects/planning-for-past-temporal-goals/bin/fd_wrapper -d data/deterministic/elevator/domain.pddl -p data/deterministic/elevator/p-122.pddl --algorithm astar --heuristic ff --working-dir results/experiment-2-2021-12-14T23:47:54.512044/fd-ff/p-122
p-123	timeout	 -1.000000	 -1.000000	300.003986	None	/home/anonymousauthor/Projects/planning-for-past-temporal-goals/bin/fd_wrapper -d data/deterministic/elevator/domain.pddl -p data/deterministic/elevator/p-123.pddl --algorithm astar --heuristic ff --working-dir results/experiment-2-2021-12-14T23:47:54.512044/fd-ff/p-123
p-124	success	 -1.000000	  0.148624	  0.717918	275	/home/anonymousauthor/Projects/planning-for-past-temporal-goals/bin/fd_wrapper -d data/deterministic/elevator/domain.pddl -p data/deterministic/elevator/p-124.pddl --algorithm astar --heuristic ff --working-dir results/experiment-2-2021-12-14T23:47:54.512044/fd-ff/p-124
p-125	success	 -1.000000	  0.233432	  0.917715	333	/home/anonymousauthor/Projects/planning-for-past-temporal-goals/bin/fd_wrapper -d data/deterministic/elevator/domain.pddl -p data/deterministic/elevator/p-125.pddl --algorithm astar --heuristic ff --working-dir results/experiment-2-2021-12-14T23:47:54.512044/fd-ff/p-125
p-126	success	 -1.000000	  0.280047	  0.867848	403	/home/anonymousauthor/Projects/planning-for-past-temporal-goals/bin/fd_wrapper -d data/deterministic/elevator/domain.pddl -p data/deterministic/elevator/p-126.pddl --algorithm astar --heuristic ff --working-dir results/experiment-2-2021-12-14T23:47:54.512044/fd-ff/p-126
p-127	timeout	 -1.000000	 -1.000000	300.003917	None	/home/anonymousauthor/Projects/planning-for-past-temporal-goals/bin/fd_wrapper -d data/deterministic/elevator/domain.pddl -p data/deterministic/elevator/p-127.pddl --algorithm astar --heuristic ff --working-dir results/experiment-2-2021-12-14T23:47:54.512044/fd-ff/p-127
p-128	success	 -1.000000	  0.188798	  0.868723	306	/home/anonymousauthor/Projects/planning-for-past-temporal-goals/bin/fd_wrapper -d data/deterministic/elevator/domain.pddl -p data/deterministic/elevator/p-128.pddl --algorithm astar --heuristic ff --working-dir results/experiment-2-2021-12-14T23:47:54.512044/fd-ff/p-128
p-129	success	 -1.000000	  0.360847	  1.068175	456	/home/anonymousauthor/Projects/planning-for-past-temporal-goals/bin/fd_wrapper -d data/deterministic/elevator/domain.pddl -p data/deterministic/elevator/p-129.pddl --algorithm astar --heuristic ff --working-dir results/experiment-2-2021-12-14T23:47:54.512044/fd-ff/p-129
p-130	success	 -1.000000	  0.144737	  0.768769	245	/home/anonymousauthor/Projects/planning-for-past-temporal-goals/bin/fd_wrapper -d data/deterministic/elevator/domain.pddl -p data/deterministic/elevator/p-130.pddl --algorithm astar --heuristic ff --working-dir results/experiment-2-2021-12-14T23:47:54.512044/fd-ff/p-130
p-131	timeout	 -1.000000	 -1.000000	300.005307	None	/home/anonymousauthor/Projects/planning-for-past-temporal-goals/bin/fd_wrapper -d data/deterministic/elevator/domain.pddl -p data/deterministic/elevator/p-131.pddl --algorithm astar --heuristic ff --working-dir results/experiment-2-2021-12-14T23:47:54.512044/fd-ff/p-131
p-132	success	 -1.000000	  0.152218	  0.817800	234	/home/anonymousauthor/Projects/planning-for-past-temporal-goals/bin/fd_wrapper -d data/deterministic/elevator/domain.pddl -p data/deterministic/elevator/p-132.pddl --algorithm astar --heuristic ff --working-dir results/experiment-2-2021-12-14T23:47:54.512044/fd-ff/p-132
p-133	success	 -1.000000	  0.713724	  1.420717	687	/home/anonymousauthor/Projects/planning-for-past-temporal-goals/bin/fd_wrapper -d data/deterministic/elevator/domain.pddl -p data/deterministic/elevator/p-133.pddl --algorithm astar --heuristic ff --working-dir results/experiment-2-2021-12-14T23:47:54.512044/fd-ff/p-133
p-134	success	 -1.000000	  0.247613	  0.918517	340	/home/anonymousauthor/Projects/planning-for-past-temporal-goals/bin/fd_wrapper -d data/deterministic/elevator/domain.pddl -p data/deterministic/elevator/p-134.pddl --algorithm astar --heuristic ff --working-dir results/experiment-2-2021-12-14T23:47:54.512044/fd-ff/p-134
p-135	success	 -1.000000	  0.423376	  1.068157	486	/home/anonymousauthor/Projects/planning-for-past-temporal-goals/bin/fd_wrapper -d data/deterministic/elevator/domain.pddl -p data/deterministic/elevator/p-135.pddl --algorithm astar --heuristic ff --working-dir results/experiment-2-2021-12-14T23:47:54.512044/fd-ff/p-135
p-136	success	 -1.000000	  0.240620	  0.918916	363	/home/anonymousauthor/Projects/planning-for-past-temporal-goals/bin/fd_wrapper -d data/deterministic/elevator/domain.pddl -p data/deterministic/elevator/p-136.pddl --algorithm astar --heuristic ff --working-dir results/experiment-2-2021-12-14T23:47:54.512044/fd-ff/p-136
p-137	timeout	 -1.000000	 -1.000000	300.003709	None	/home/anonymousauthor/Projects/planning-for-past-temporal-goals/bin/fd_wrapper -d data/deterministic/elevator/domain.pddl -p data/deterministic/elevator/p-137.pddl --algorithm astar --heuristic ff --working-dir results/experiment-2-2021-12-14T23:47:54.512044/fd-ff/p-137
p-138	success	 -1.000000	  0.306796	  0.968455	416	/home/anonymousauthor/Projects/planning-for-past-temporal-goals/bin/fd_wrapper -d data/deterministic/elevator/domain.pddl -p data/deterministic/elevator/p-138.pddl --algorithm astar --heuristic ff --working-dir results/experiment-2-2021-12-14T23:47:54.512044/fd-ff/p-138
p-139	success	 -1.000000	  0.455656	  1.168310	419	/home/anonymousauthor/Projects/planning-for-past-temporal-goals/bin/fd_wrapper -d data/deterministic/elevator/domain.pddl -p data/deterministic/elevator/p-139.pddl --algorithm astar --heuristic ff --working-dir results/experiment-2-2021-12-14T23:47:54.512044/fd-ff/p-139
p-140	success	 -1.000000	  0.290106	  1.020262	345	/home/anonymousauthor/Projects/planning-for-past-temporal-goals/bin/fd_wrapper -d data/deterministic/elevator/domain.pddl -p data/deterministic/elevator/p-140.pddl --algorithm astar --heuristic ff --working-dir results/experiment-2-2021-12-14T23:47:54.512044/fd-ff/p-140
p-141	success	 -1.000000	  0.208941	  0.918281	239	/home/anonymousauthor/Projects/planning-for-past-temporal-goals/bin/fd_wrapper -d data/deterministic/elevator/domain.pddl -p data/deterministic/elevator/p-141.pddl --algorithm astar --heuristic ff --working-dir results/experiment-2-2021-12-14T23:47:54.512044/fd-ff/p-141
p-142	success	 -1.000000	  0.460114	  1.168712	379	/home/anonymousauthor/Projects/planning-for-past-temporal-goals/bin/fd_wrapper -d data/deterministic/elevator/domain.pddl -p data/deterministic/elevator/p-142.pddl --algorithm astar --heuristic ff --working-dir results/experiment-2-2021-12-14T23:47:54.512044/fd-ff/p-142
p-143	success	 -1.000000	  0.432380	  1.169281	428	/home/anonymousauthor/Projects/planning-for-past-temporal-goals/bin/fd_wrapper -d data/deterministic/elevator/domain.pddl -p data/deterministic/elevator/p-143.pddl --algorithm astar --heuristic ff --working-dir results/experiment-2-2021-12-14T23:47:54.512044/fd-ff/p-143
p-144	success	 -1.000000	  0.397631	  1.168708	405	/home/anonymousauthor/Projects/planning-for-past-temporal-goals/bin/fd_wrapper -d data/deterministic/elevator/domain.pddl -p data/deterministic/elevator/p-144.pddl --algorithm astar --heuristic ff --working-dir results/experiment-2-2021-12-14T23:47:54.512044/fd-ff/p-144
p-145	success	 -1.000000	  0.427213	  1.169256	464	/home/anonymousauthor/Projects/planning-for-past-temporal-goals/bin/fd_wrapper -d data/deterministic/elevator/domain.pddl -p data/deterministic/elevator/p-145.pddl --algorithm astar --heuristic ff --working-dir results/experiment-2-2021-12-14T23:47:54.512044/fd-ff/p-145
p-146	success	 -1.000000	  0.368722	  1.168738	355	/home/anonymousauthor/Projects/planning-for-past-temporal-goals/bin/fd_wrapper -d data/deterministic/elevator/domain.pddl -p data/deterministic/elevator/p-146.pddl --algorithm astar --heuristic ff --working-dir results/experiment-2-2021-12-14T23:47:54.512044/fd-ff/p-146
p-147	success	 -1.000000	  0.516408	  1.218616	453	/home/anonymousauthor/Projects/planning-for-past-temporal-goals/bin/fd_wrapper -d data/deterministic/elevator/domain.pddl -p data/deterministic/elevator/p-147.pddl --algorithm astar --heuristic ff --working-dir results/experiment-2-2021-12-14T23:47:54.512044/fd-ff/p-147
p-148	success	 -1.000000	  0.375911	  1.067879	378	/home/anonymousauthor/Projects/planning-for-past-temporal-goals/bin/fd_wrapper -d data/deterministic/elevator/domain.pddl -p data/deterministic/elevator/p-148.pddl --algorithm astar --heuristic ff --working-dir results/experiment-2-2021-12-14T23:47:54.512044/fd-ff/p-148
p-149	timeout	 -1.000000	 -1.000000	300.003477	None	/home/anonymousauthor/Projects/planning-for-past-temporal-goals/bin/fd_wrapper -d data/deterministic/elevator/domain.pddl -p data/deterministic/elevator/p-149.pddl --algorithm astar --heuristic ff --working-dir results/experiment-2-2021-12-14T23:47:54.512044/fd-ff/p-149
p-150	success	 -1.000000	  0.448887	  1.218822	394	/home/anonymousauthor/Projects/planning-for-past-temporal-goals/bin/fd_wrapper -d data/deterministic/elevator/domain.pddl -p data/deterministic/elevator/p-150.pddl --algorithm astar --heuristic ff --working-dir results/experiment-2-2021-12-14T23:47:54.512044/fd-ff/p-150
