name	status	time_compilation	time_tool	time_end2end	nb_node_expanded	command
p02	success	  1.320310	  0.587709	  1.908019	5	/home/marcofavorito/planning-for-past-temporal-goals/bin/fond4ltlfpltlf_wrapper -t mynd -d experiment-1b-triangle-tireworld-nondet/domain.pddl -p experiment-1b-triangle-tireworld-nondet/p02.pddl -g O(vehicleat_l2x1 & Y(O(vehicleat_l1x1))) --working-dir experiment-1b-triangle-tireworld-nondet/f4lp-mynd-sc-ff/p02 --algorithm laostar --heuristic ff
p03	success	  0.950995	  0.826720	  1.777715	13	/home/marcofavorito/planning-for-past-temporal-goals/bin/fond4ltlfpltlf_wrapper -t mynd -d experiment-1b-triangle-tireworld-nondet/domain.pddl -p experiment-1b-triangle-tireworld-nondet/p03.pddl -g O(vehicleat_l2x2 & Y(O(vehicleat_l2x1 & Y(O(vehicleat_l1x1))))) --working-dir experiment-1b-triangle-tireworld-nondet/f4lp-mynd-sc-ff/p03 --algorithm laostar --heuristic ff
p04	success	  1.256029	  2.736307	  3.992336	514	/home/marcofavorito/planning-for-past-temporal-goals/bin/fond4ltlfpltlf_wrapper -t mynd -d experiment-1b-triangle-tireworld-nondet/domain.pddl -p experiment-1b-triangle-tireworld-nondet/p04.pddl -g O(vehicleat_l3x2 & Y(O(vehicleat_l2x2 & Y(O(vehicleat_l2x1 & Y(O(vehicleat_l1x1))))))) --working-dir experiment-1b-triangle-tireworld-nondet/f4lp-mynd-sc-ff/p04 --algorithm laostar --heuristic ff
p05	success	  1.326760	  1.637992	  2.964752	61	/home/marcofavorito/planning-for-past-temporal-goals/bin/fond4ltlfpltlf_wrapper -t mynd -d experiment-1b-triangle-tireworld-nondet/domain.pddl -p experiment-1b-triangle-tireworld-nondet/p05.pddl -g O(vehicleat_l3x3 & Y(O(vehicleat_l3x2 & Y(O(vehicleat_l2x2 & Y(O(vehicleat_l2x1 & Y(O(vehicleat_l1x1))))))))) --working-dir experiment-1b-triangle-tireworld-nondet/f4lp-mynd-sc-ff/p05 --algorithm laostar --heuristic ff
p06	timeout	 -1.000000	 -1.000000	300.019789	None	/home/marcofavorito/planning-for-past-temporal-goals/bin/fond4ltlfpltlf_wrapper -t mynd -d experiment-1b-triangle-tireworld-nondet/domain.pddl -p experiment-1b-triangle-tireworld-nondet/p06.pddl -g O(vehicleat_l4x3 & Y(O(vehicleat_l3x3 & Y(O(vehicleat_l3x2 & Y(O(vehicleat_l2x2 & Y(O(vehicleat_l2x1 & Y(O(vehicleat_l1x1))))))))))) --working-dir experiment-1b-triangle-tireworld-nondet/f4lp-mynd-sc-ff/p06 --algorithm laostar --heuristic ff
