name	status	time_compilation	time_tool	time_end2end	nb_node_expanded	command
p02	success	  1.177245	  0.004075	  1.411700	52	/home/marcofavorito/planning-for-past-temporal-goals/bin/fond4ltlfpltlf_wrapper -t fd -d experiment-1b-elevator/domain.pddl -p experiment-1b-elevator/p02.pddl -g O(served_p0) & O(served_p1) --working-dir experiment-1b-elevator/f4lp-fd-ff/p02 --algorithm astar --heuristic ff
p03	success	  0.652571	  0.004406	  1.739860	297	/home/marcofavorito/planning-for-past-temporal-goals/bin/fond4ltlfpltlf_wrapper -t fd -d experiment-1b-elevator/domain.pddl -p experiment-1b-elevator/p03.pddl -g O(served_p0) & O(served_p1) & O(served_p2) --working-dir experiment-1b-elevator/f4lp-fd-ff/p03 --algorithm astar --heuristic ff
p04	success	  0.745104	  0.058548	126.442666	1750	/home/marcofavorito/planning-for-past-temporal-goals/bin/fond4ltlfpltlf_wrapper -t fd -d experiment-1b-elevator/domain.pddl -p experiment-1b-elevator/p04.pddl -g O(served_p0) & O(served_p1) & O(served_p2) & O(served_p3) --working-dir experiment-1b-elevator/f4lp-fd-ff/p04 --algorithm astar --heuristic ff
p05	success	  0.909662	  0.786560	100.214884	9552	/home/marcofavorito/planning-for-past-temporal-goals/bin/fond4ltlfpltlf_wrapper -t fd -d experiment-1b-elevator/domain.pddl -p experiment-1b-elevator/p05.pddl -g O(served_p0) & O(served_p1) & O(served_p2) & O(served_p3) & O(served_p4) --working-dir experiment-1b-elevator/f4lp-fd-ff/p05 --algorithm astar --heuristic ff
p06	success	  1.008690	 26.473300	227.671294	51102	/home/marcofavorito/planning-for-past-temporal-goals/bin/fond4ltlfpltlf_wrapper -t fd -d experiment-1b-elevator/domain.pddl -p experiment-1b-elevator/p06.pddl -g O(served_p0) & O(served_p1) & O(served_p2) & O(served_p3) & O(served_p4) & O(served_p5) --working-dir experiment-1b-elevator/f4lp-fd-ff/p06 --algorithm astar --heuristic ff
p07	timeout	 -1.000000	 -1.000000	300.005304	None	/home/marcofavorito/planning-for-past-temporal-goals/bin/fond4ltlfpltlf_wrapper -t fd -d experiment-1b-elevator/domain.pddl -p experiment-1b-elevator/p07.pddl -g O(served_p0) & O(served_p1) & O(served_p2) & O(served_p3) & O(served_p4) & O(served_p5) & O(served_p6) --working-dir experiment-1b-elevator/f4lp-fd-ff/p07 --algorithm astar --heuristic ff
