name	status	time_compilation	time_tool	time_end2end	nb_node_expanded	command
p-001	success	 -1.000000	  0.001445	  0.216266	7	/home/anonymousauthor/workfolder/planning-with-past-code/bin/fd_wrapper -d data/deterministic/blocksworld/domain.pddl -p data/deterministic/blocksworld/p-001.pddl --algorithm astar --heuristic ff --working-dir results/experiment-2-2021-12-13T19:56:34.610316/fd-ff/p-001
p-002	success	 -1.000000	  0.001507	  0.169316	13	/home/anonymousauthor/workfolder/planning-with-past-code/bin/fd_wrapper -d data/deterministic/blocksworld/domain.pddl -p data/deterministic/blocksworld/p-002.pddl --algorithm astar --heuristic ff --working-dir results/experiment-2-2021-12-13T19:56:34.610316/fd-ff/p-002
p-003	success	 -1.000000	  0.001434	  0.165247	10	/home/anonymousauthor/workfolder/planning-with-past-code/bin/fd_wrapper -d data/deterministic/blocksworld/domain.pddl -p data/deterministic/blocksworld/p-003.pddl --algorithm astar --heuristic ff --working-dir results/experiment-2-2021-12-13T19:56:34.610316/fd-ff/p-003
p-004	success	 -1.000000	  0.001841	  0.216195	26	/home/anonymousauthor/workfolder/planning-with-past-code/bin/fd_wrapper -d data/deterministic/blocksworld/domain.pddl -p data/deterministic/blocksworld/p-004.pddl --algorithm astar --heuristic ff --working-dir results/experiment-2-2021-12-13T19:56:34.610316/fd-ff/p-004
p-005	success	 -1.000000	  0.001706	  0.219527	26	/home/anonymousauthor/workfolder/planning-with-past-code/bin/fd_wrapper -d data/deterministic/blocksworld/domain.pddl -p data/deterministic/blocksworld/p-005.pddl --algorithm astar --heuristic ff --working-dir results/experiment-2-2021-12-13T19:56:34.610316/fd-ff/p-005
p-006	success	 -1.000000	  0.001949	  0.216929	50	/home/anonymousauthor/workfolder/planning-with-past-code/bin/fd_wrapper -d data/deterministic/blocksworld/domain.pddl -p data/deterministic/blocksworld/p-006.pddl --algorithm astar --heuristic ff --working-dir results/experiment-2-2021-12-13T19:56:34.610316/fd-ff/p-006
p-007	success	 -1.000000	  0.001828	  0.166190	18	/home/anonymousauthor/workfolder/planning-with-past-code/bin/fd_wrapper -d data/deterministic/blocksworld/domain.pddl -p data/deterministic/blocksworld/p-007.pddl --algorithm astar --heuristic ff --working-dir results/experiment-2-2021-12-13T19:56:34.610316/fd-ff/p-007
p-008	success	 -1.000000	  0.001769	  0.165038	13	/home/anonymousauthor/workfolder/planning-with-past-code/bin/fd_wrapper -d data/deterministic/blocksworld/domain.pddl -p data/deterministic/blocksworld/p-008.pddl --algorithm astar --heuristic ff --working-dir results/experiment-2-2021-12-13T19:56:34.610316/fd-ff/p-008
p-009	success	 -1.000000	  0.005116	  0.165366	438	/home/anonymousauthor/workfolder/planning-with-past-code/bin/fd_wrapper -d data/deterministic/blocksworld/domain.pddl -p data/deterministic/blocksworld/p-009.pddl --algorithm astar --heuristic ff --working-dir results/experiment-2-2021-12-13T19:56:34.610316/fd-ff/p-009
p-010	success	 -1.000000	  0.003215	  0.219132	130	/home/anonymousauthor/workfolder/planning-with-past-code/bin/fd_wrapper -d data/deterministic/blocksworld/domain.pddl -p data/deterministic/blocksworld/p-010.pddl --algorithm astar --heuristic ff --working-dir results/experiment-2-2021-12-13T19:56:34.610316/fd-ff/p-010
p-011	success	 -1.000000	  0.019194	  0.215924	1833	/home/anonymousauthor/workfolder/planning-with-past-code/bin/fd_wrapper -d data/deterministic/blocksworld/domain.pddl -p data/deterministic/blocksworld/p-011.pddl --algorithm astar --heuristic ff --working-dir results/experiment-2-2021-12-13T19:56:34.610316/fd-ff/p-011
p-012	success	 -1.000000	  0.005319	  0.216029	340	/home/anonymousauthor/workfolder/planning-with-past-code/bin/fd_wrapper -d data/deterministic/blocksworld/domain.pddl -p data/deterministic/blocksworld/p-012.pddl --algorithm astar --heuristic ff --working-dir results/experiment-2-2021-12-13T19:56:34.610316/fd-ff/p-012
p-013	success	 -1.000000	  0.006229	  0.217508	318	/home/anonymousauthor/workfolder/planning-with-past-code/bin/fd_wrapper -d data/deterministic/blocksworld/domain.pddl -p data/deterministic/blocksworld/p-013.pddl --algorithm astar --heuristic ff --working-dir results/experiment-2-2021-12-13T19:56:34.610316/fd-ff/p-013
p-014	success	 -1.000000	  0.020959	  0.215962	1685	/home/anonymousauthor/workfolder/planning-with-past-code/bin/fd_wrapper -d data/deterministic/blocksworld/domain.pddl -p data/deterministic/blocksworld/p-014.pddl --algorithm astar --heuristic ff --working-dir results/experiment-2-2021-12-13T19:56:34.610316/fd-ff/p-014
p-015	success	 -1.000000	  0.003655	  0.215914	110	/home/anonymousauthor/workfolder/planning-with-past-code/bin/fd_wrapper -d data/deterministic/blocksworld/domain.pddl -p data/deterministic/blocksworld/p-015.pddl --algorithm astar --heuristic ff --working-dir results/experiment-2-2021-12-13T19:56:34.610316/fd-ff/p-015
p-016	success	 -1.000000	  0.327060	  0.516539	21605	/home/anonymousauthor/workfolder/planning-with-past-code/bin/fd_wrapper -d data/deterministic/blocksworld/domain.pddl -p data/deterministic/blocksworld/p-016.pddl --algorithm astar --heuristic ff --working-dir results/experiment-2-2021-12-13T19:56:34.610316/fd-ff/p-016
p-017	success	 -1.000000	  0.012244	  0.215518	719	/home/anonymousauthor/workfolder/planning-with-past-code/bin/fd_wrapper -d data/deterministic/blocksworld/domain.pddl -p data/deterministic/blocksworld/p-017.pddl --algorithm astar --heuristic ff --working-dir results/experiment-2-2021-12-13T19:56:34.610316/fd-ff/p-017
p-018	success	 -1.000000	  0.021766	  0.216734	1286	/home/anonymousauthor/workfolder/planning-with-past-code/bin/fd_wrapper -d data/deterministic/blocksworld/domain.pddl -p data/deterministic/blocksworld/p-018.pddl --algorithm astar --heuristic ff --working-dir results/experiment-2-2021-12-13T19:56:34.610316/fd-ff/p-018
p-019	success	 -1.000000	  7.833750	  8.233449	466343	/home/anonymousauthor/workfolder/planning-with-past-code/bin/fd_wrapper -d data/deterministic/blocksworld/domain.pddl -p data/deterministic/blocksworld/p-019.pddl --algorithm astar --heuristic ff --working-dir results/experiment-2-2021-12-13T19:56:34.610316/fd-ff/p-019
p-020	success	 -1.000000	  1.088300	  1.268802	59573	/home/anonymousauthor/workfolder/planning-with-past-code/bin/fd_wrapper -d data/deterministic/blocksworld/domain.pddl -p data/deterministic/blocksworld/p-020.pddl --algorithm astar --heuristic ff --working-dir results/experiment-2-2021-12-13T19:56:34.610316/fd-ff/p-020
p-021	success	 -1.000000	  2.971880	  3.220714	159521	/home/anonymousauthor/workfolder/planning-with-past-code/bin/fd_wrapper -d data/deterministic/blocksworld/domain.pddl -p data/deterministic/blocksworld/p-021.pddl --algorithm astar --heuristic ff --working-dir results/experiment-2-2021-12-13T19:56:34.610316/fd-ff/p-021
p-022	success	 -1.000000	  2.438500	  2.619244	118601	/home/anonymousauthor/workfolder/planning-with-past-code/bin/fd_wrapper -d data/deterministic/blocksworld/domain.pddl -p data/deterministic/blocksworld/p-022.pddl --algorithm astar --heuristic ff --working-dir results/experiment-2-2021-12-13T19:56:34.610316/fd-ff/p-022
p-023	success	 -1.000000	  2.848510	  3.072738	124730	/home/anonymousauthor/workfolder/planning-with-past-code/bin/fd_wrapper -d data/deterministic/blocksworld/domain.pddl -p data/deterministic/blocksworld/p-023.pddl --algorithm astar --heuristic ff --working-dir results/experiment-2-2021-12-13T19:56:34.610316/fd-ff/p-023
p-024	success	 -1.000000	  2.043150	  2.320683	101979	/home/anonymousauthor/workfolder/planning-with-past-code/bin/fd_wrapper -d data/deterministic/blocksworld/domain.pddl -p data/deterministic/blocksworld/p-024.pddl --algorithm astar --heuristic ff --working-dir results/experiment-2-2021-12-13T19:56:34.610316/fd-ff/p-024
p-025	success	 -1.000000	  2.844640	  3.074863	111332	/home/anonymousauthor/workfolder/planning-with-past-code/bin/fd_wrapper -d data/deterministic/blocksworld/domain.pddl -p data/deterministic/blocksworld/p-025.pddl --algorithm astar --heuristic ff --working-dir results/experiment-2-2021-12-13T19:56:34.610316/fd-ff/p-025
p-026	success	 -1.000000	  0.329359	  0.516582	13629	/home/anonymousauthor/workfolder/planning-with-past-code/bin/fd_wrapper -d data/deterministic/blocksworld/domain.pddl -p data/deterministic/blocksworld/p-026.pddl --algorithm astar --heuristic ff --working-dir results/experiment-2-2021-12-13T19:56:34.610316/fd-ff/p-026
p-027	timeout	 -1.000000	 -1.000000	 60.002397	None	/home/anonymousauthor/workfolder/planning-with-past-code/bin/fd_wrapper -d data/deterministic/blocksworld/domain.pddl -p data/deterministic/blocksworld/p-027.pddl --algorithm astar --heuristic ff --working-dir results/experiment-2-2021-12-13T19:56:34.610316/fd-ff/p-027
p-028	timeout	 -1.000000	 -1.000000	 60.002627	None	/home/anonymousauthor/workfolder/planning-with-past-code/bin/fd_wrapper -d data/deterministic/blocksworld/domain.pddl -p data/deterministic/blocksworld/p-028.pddl --algorithm astar --heuristic ff --working-dir results/experiment-2-2021-12-13T19:56:34.610316/fd-ff/p-028
p-029	success	 -1.000000	  7.138070	  7.330120	201350	/home/anonymousauthor/workfolder/planning-with-past-code/bin/fd_wrapper -d data/deterministic/blocksworld/domain.pddl -p data/deterministic/blocksworld/p-029.pddl --algorithm astar --heuristic ff --working-dir results/experiment-2-2021-12-13T19:56:34.610316/fd-ff/p-029
p-030	success	 -1.000000	 14.349500	 14.544615	372538	/home/anonymousauthor/workfolder/planning-with-past-code/bin/fd_wrapper -d data/deterministic/blocksworld/domain.pddl -p data/deterministic/blocksworld/p-030.pddl --algorithm astar --heuristic ff --working-dir results/experiment-2-2021-12-13T19:56:34.610316/fd-ff/p-030
p-031	timeout	 -1.000000	 -1.000000	 60.002324	None	/home/anonymousauthor/workfolder/planning-with-past-code/bin/fd_wrapper -d data/deterministic/blocksworld/domain.pddl -p data/deterministic/blocksworld/p-031.pddl --algorithm astar --heuristic ff --working-dir results/experiment-2-2021-12-13T19:56:34.610316/fd-ff/p-031
p-032	timeout	 -1.000000	 -1.000000	 60.002479	None	/home/anonymousauthor/workfolder/planning-with-past-code/bin/fd_wrapper -d data/deterministic/blocksworld/domain.pddl -p data/deterministic/blocksworld/p-032.pddl --algorithm astar --heuristic ff --working-dir results/experiment-2-2021-12-13T19:56:34.610316/fd-ff/p-032
p-033	timeout	 -1.000000	 -1.000000	 60.002633	None	/home/anonymousauthor/workfolder/planning-with-past-code/bin/fd_wrapper -d data/deterministic/blocksworld/domain.pddl -p data/deterministic/blocksworld/p-033.pddl --algorithm astar --heuristic ff --working-dir results/experiment-2-2021-12-13T19:56:34.610316/fd-ff/p-033
p-034	timeout	 -1.000000	 -1.000000	 60.002453	None	/home/anonymousauthor/workfolder/planning-with-past-code/bin/fd_wrapper -d data/deterministic/blocksworld/domain.pddl -p data/deterministic/blocksworld/p-034.pddl --algorithm astar --heuristic ff --working-dir results/experiment-2-2021-12-13T19:56:34.610316/fd-ff/p-034
p-035	timeout	 -1.000000	 -1.000000	 60.002506	None	/home/anonymousauthor/workfolder/planning-with-past-code/bin/fd_wrapper -d data/deterministic/blocksworld/domain.pddl -p data/deterministic/blocksworld/p-035.pddl --algorithm astar --heuristic ff --working-dir results/experiment-2-2021-12-13T19:56:34.610316/fd-ff/p-035
p-036	error	 -1.000000	 -1.000000	  0.165376	None	/home/anonymousauthor/workfolder/planning-with-past-code/bin/fd_wrapper -d data/deterministic/blocksworld/domain.pddl -p data/deterministic/blocksworld/p-036.pddl --algorithm astar --heuristic ff --working-dir results/experiment-2-2021-12-13T19:56:34.610316/fd-ff/p-036
p-037	error	 -1.000000	 -1.000000	  0.166054	None	/home/anonymousauthor/workfolder/planning-with-past-code/bin/fd_wrapper -d data/deterministic/blocksworld/domain.pddl -p data/deterministic/blocksworld/p-037.pddl --algorithm astar --heuristic ff --working-dir results/experiment-2-2021-12-13T19:56:34.610316/fd-ff/p-037
p-038	error	 -1.000000	 -1.000000	  0.165592	None	/home/anonymousauthor/workfolder/planning-with-past-code/bin/fd_wrapper -d data/deterministic/blocksworld/domain.pddl -p data/deterministic/blocksworld/p-038.pddl --algorithm astar --heuristic ff --working-dir results/experiment-2-2021-12-13T19:56:34.610316/fd-ff/p-038
p-039	error	 -1.000000	 -1.000000	  0.217817	None	/home/anonymousauthor/workfolder/planning-with-past-code/bin/fd_wrapper -d data/deterministic/blocksworld/domain.pddl -p data/deterministic/blocksworld/p-039.pddl --algorithm astar --heuristic ff --working-dir results/experiment-2-2021-12-13T19:56:34.610316/fd-ff/p-039
p-040	error	 -1.000000	 -1.000000	  0.166547	None	/home/anonymousauthor/workfolder/planning-with-past-code/bin/fd_wrapper -d data/deterministic/blocksworld/domain.pddl -p data/deterministic/blocksworld/p-040.pddl --algorithm astar --heuristic ff --working-dir results/experiment-2-2021-12-13T19:56:34.610316/fd-ff/p-040
p-041	error	 -1.000000	 -1.000000	  0.165405	None	/home/anonymousauthor/workfolder/planning-with-past-code/bin/fd_wrapper -d data/deterministic/blocksworld/domain.pddl -p data/deterministic/blocksworld/p-041.pddl --algorithm astar --heuristic ff --working-dir results/experiment-2-2021-12-13T19:56:34.610316/fd-ff/p-041
p-042	error	 -1.000000	 -1.000000	  0.165642	None	/home/anonymousauthor/workfolder/planning-with-past-code/bin/fd_wrapper -d data/deterministic/blocksworld/domain.pddl -p data/deterministic/blocksworld/p-042.pddl --algorithm astar --heuristic ff --working-dir results/experiment-2-2021-12-13T19:56:34.610316/fd-ff/p-042
p-043	error	 -1.000000	 -1.000000	  0.165577	None	/home/anonymousauthor/workfolder/planning-with-past-code/bin/fd_wrapper -d data/deterministic/blocksworld/domain.pddl -p data/deterministic/blocksworld/p-043.pddl --algorithm astar --heuristic ff --working-dir results/experiment-2-2021-12-13T19:56:34.610316/fd-ff/p-043
p-044	error	 -1.000000	 -1.000000	  0.165425	None	/home/anonymousauthor/workfolder/planning-with-past-code/bin/fd_wrapper -d data/deterministic/blocksworld/domain.pddl -p data/deterministic/blocksworld/p-044.pddl --algorithm astar --heuristic ff --working-dir results/experiment-2-2021-12-13T19:56:34.610316/fd-ff/p-044
p-045	error	 -1.000000	 -1.000000	  0.165373	None	/home/anonymousauthor/workfolder/planning-with-past-code/bin/fd_wrapper -d data/deterministic/blocksworld/domain.pddl -p data/deterministic/blocksworld/p-045.pddl --algorithm astar --heuristic ff --working-dir results/experiment-2-2021-12-13T19:56:34.610316/fd-ff/p-045
p-046	error	 -1.000000	 -1.000000	  0.165433	None	/home/anonymousauthor/workfolder/planning-with-past-code/bin/fd_wrapper -d data/deterministic/blocksworld/domain.pddl -p data/deterministic/blocksworld/p-046.pddl --algorithm astar --heuristic ff --working-dir results/experiment-2-2021-12-13T19:56:34.610316/fd-ff/p-046
p-047	error	 -1.000000	 -1.000000	  0.166350	None	/home/anonymousauthor/workfolder/planning-with-past-code/bin/fd_wrapper -d data/deterministic/blocksworld/domain.pddl -p data/deterministic/blocksworld/p-047.pddl --algorithm astar --heuristic ff --working-dir results/experiment-2-2021-12-13T19:56:34.610316/fd-ff/p-047
p-048	error	 -1.000000	 -1.000000	  0.165282	None	/home/anonymousauthor/workfolder/planning-with-past-code/bin/fd_wrapper -d data/deterministic/blocksworld/domain.pddl -p data/deterministic/blocksworld/p-048.pddl --algorithm astar --heuristic ff --working-dir results/experiment-2-2021-12-13T19:56:34.610316/fd-ff/p-048
p-049	error	 -1.000000	 -1.000000	  0.165594	None	/home/anonymousauthor/workfolder/planning-with-past-code/bin/fd_wrapper -d data/deterministic/blocksworld/domain.pddl -p data/deterministic/blocksworld/p-049.pddl --algorithm astar --heuristic ff --working-dir results/experiment-2-2021-12-13T19:56:34.610316/fd-ff/p-049
p-050	error	 -1.000000	 -1.000000	  0.165404	None	/home/anonymousauthor/workfolder/planning-with-past-code/bin/fd_wrapper -d data/deterministic/blocksworld/domain.pddl -p data/deterministic/blocksworld/p-050.pddl --algorithm astar --heuristic ff --working-dir results/experiment-2-2021-12-13T19:56:34.610316/fd-ff/p-050
p-051	error	 -1.000000	 -1.000000	  0.165356	None	/home/anonymousauthor/workfolder/planning-with-past-code/bin/fd_wrapper -d data/deterministic/blocksworld/domain.pddl -p data/deterministic/blocksworld/p-051.pddl --algorithm astar --heuristic ff --working-dir results/experiment-2-2021-12-13T19:56:34.610316/fd-ff/p-051
p-052	error	 -1.000000	 -1.000000	  0.165691	None	/home/anonymousauthor/workfolder/planning-with-past-code/bin/fd_wrapper -d data/deterministic/blocksworld/domain.pddl -p data/deterministic/blocksworld/p-052.pddl --algorithm astar --heuristic ff --working-dir results/experiment-2-2021-12-13T19:56:34.610316/fd-ff/p-052
p-053	error	 -1.000000	 -1.000000	  0.165739	None	/home/anonymousauthor/workfolder/planning-with-past-code/bin/fd_wrapper -d data/deterministic/blocksworld/domain.pddl -p data/deterministic/blocksworld/p-053.pddl --algorithm astar --heuristic ff --working-dir results/experiment-2-2021-12-13T19:56:34.610316/fd-ff/p-053
p-054	error	 -1.000000	 -1.000000	  0.165939	None	/home/anonymousauthor/workfolder/planning-with-past-code/bin/fd_wrapper -d data/deterministic/blocksworld/domain.pddl -p data/deterministic/blocksworld/p-054.pddl --algorithm astar --heuristic ff --working-dir results/experiment-2-2021-12-13T19:56:34.610316/fd-ff/p-054
p-055	error	 -1.000000	 -1.000000	  0.165750	None	/home/anonymousauthor/workfolder/planning-with-past-code/bin/fd_wrapper -d data/deterministic/blocksworld/domain.pddl -p data/deterministic/blocksworld/p-055.pddl --algorithm astar --heuristic ff --working-dir results/experiment-2-2021-12-13T19:56:34.610316/fd-ff/p-055
p-056	error	 -1.000000	 -1.000000	  0.165411	None	/home/anonymousauthor/workfolder/planning-with-past-code/bin/fd_wrapper -d data/deterministic/blocksworld/domain.pddl -p data/deterministic/blocksworld/p-056.pddl --algorithm astar --heuristic ff --working-dir results/experiment-2-2021-12-13T19:56:34.610316/fd-ff/p-056
p-057	error	 -1.000000	 -1.000000	  0.165490	None	/home/anonymousauthor/workfolder/planning-with-past-code/bin/fd_wrapper -d data/deterministic/blocksworld/domain.pddl -p data/deterministic/blocksworld/p-057.pddl --algorithm astar --heuristic ff --working-dir results/experiment-2-2021-12-13T19:56:34.610316/fd-ff/p-057
p-058	error	 -1.000000	 -1.000000	  0.165473	None	/home/anonymousauthor/workfolder/planning-with-past-code/bin/fd_wrapper -d data/deterministic/blocksworld/domain.pddl -p data/deterministic/blocksworld/p-058.pddl --algorithm astar --heuristic ff --working-dir results/experiment-2-2021-12-13T19:56:34.610316/fd-ff/p-058
p-059	error	 -1.000000	 -1.000000	  0.165670	None	/home/anonymousauthor/workfolder/planning-with-past-code/bin/fd_wrapper -d data/deterministic/blocksworld/domain.pddl -p data/deterministic/blocksworld/p-059.pddl --algorithm astar --heuristic ff --working-dir results/experiment-2-2021-12-13T19:56:34.610316/fd-ff/p-059
p-060	error	 -1.000000	 -1.000000	  0.165696	None	/home/anonymousauthor/workfolder/planning-with-past-code/bin/fd_wrapper -d data/deterministic/blocksworld/domain.pddl -p data/deterministic/blocksworld/p-060.pddl --algorithm astar --heuristic ff --working-dir results/experiment-2-2021-12-13T19:56:34.610316/fd-ff/p-060
p-061	error	 -1.000000	 -1.000000	  0.165497	None	/home/anonymousauthor/workfolder/planning-with-past-code/bin/fd_wrapper -d data/deterministic/blocksworld/domain.pddl -p data/deterministic/blocksworld/p-061.pddl --algorithm astar --heuristic ff --working-dir results/experiment-2-2021-12-13T19:56:34.610316/fd-ff/p-061
p-062	error	 -1.000000	 -1.000000	  0.165730	None	/home/anonymousauthor/workfolder/planning-with-past-code/bin/fd_wrapper -d data/deterministic/blocksworld/domain.pddl -p data/deterministic/blocksworld/p-062.pddl --algorithm astar --heuristic ff --working-dir results/experiment-2-2021-12-13T19:56:34.610316/fd-ff/p-062
p-063	error	 -1.000000	 -1.000000	  0.165618	None	/home/anonymousauthor/workfolder/planning-with-past-code/bin/fd_wrapper -d data/deterministic/blocksworld/domain.pddl -p data/deterministic/blocksworld/p-063.pddl --algorithm astar --heuristic ff --working-dir results/experiment-2-2021-12-13T19:56:34.610316/fd-ff/p-063
p-064	error	 -1.000000	 -1.000000	  0.166010	None	/home/anonymousauthor/workfolder/planning-with-past-code/bin/fd_wrapper -d data/deterministic/blocksworld/domain.pddl -p data/deterministic/blocksworld/p-064.pddl --algorithm astar --heuristic ff --working-dir results/experiment-2-2021-12-13T19:56:34.610316/fd-ff/p-064
p-065	error	 -1.000000	 -1.000000	  0.165523	None	/home/anonymousauthor/workfolder/planning-with-past-code/bin/fd_wrapper -d data/deterministic/blocksworld/domain.pddl -p data/deterministic/blocksworld/p-065.pddl --algorithm astar --heuristic ff --working-dir results/experiment-2-2021-12-13T19:56:34.610316/fd-ff/p-065
p-066	error	 -1.000000	 -1.000000	  0.165925	None	/home/anonymousauthor/workfolder/planning-with-past-code/bin/fd_wrapper -d data/deterministic/blocksworld/domain.pddl -p data/deterministic/blocksworld/p-066.pddl --algorithm astar --heuristic ff --working-dir results/experiment-2-2021-12-13T19:56:34.610316/fd-ff/p-066
p-067	error	 -1.000000	 -1.000000	  0.165934	None	/home/anonymousauthor/workfolder/planning-with-past-code/bin/fd_wrapper -d data/deterministic/blocksworld/domain.pddl -p data/deterministic/blocksworld/p-067.pddl --algorithm astar --heuristic ff --working-dir results/experiment-2-2021-12-13T19:56:34.610316/fd-ff/p-067
p-068	error	 -1.000000	 -1.000000	  0.165332	None	/home/anonymousauthor/workfolder/planning-with-past-code/bin/fd_wrapper -d data/deterministic/blocksworld/domain.pddl -p data/deterministic/blocksworld/p-068.pddl --algorithm astar --heuristic ff --working-dir results/experiment-2-2021-12-13T19:56:34.610316/fd-ff/p-068
p-069	error	 -1.000000	 -1.000000	  0.166191	None	/home/anonymousauthor/workfolder/planning-with-past-code/bin/fd_wrapper -d data/deterministic/blocksworld/domain.pddl -p data/deterministic/blocksworld/p-069.pddl --algorithm astar --heuristic ff --working-dir results/experiment-2-2021-12-13T19:56:34.610316/fd-ff/p-069
p-070	error	 -1.000000	 -1.000000	  0.165355	None	/home/anonymousauthor/workfolder/planning-with-past-code/bin/fd_wrapper -d data/deterministic/blocksworld/domain.pddl -p data/deterministic/blocksworld/p-070.pddl --algorithm astar --heuristic ff --working-dir results/experiment-2-2021-12-13T19:56:34.610316/fd-ff/p-070
p-071	error	 -1.000000	 -1.000000	  0.166233	None	/home/anonymousauthor/workfolder/planning-with-past-code/bin/fd_wrapper -d data/deterministic/blocksworld/domain.pddl -p data/deterministic/blocksworld/p-071.pddl --algorithm astar --heuristic ff --working-dir results/experiment-2-2021-12-13T19:56:34.610316/fd-ff/p-071
p-072	error	 -1.000000	 -1.000000	  0.167073	None	/home/anonymousauthor/workfolder/planning-with-past-code/bin/fd_wrapper -d data/deterministic/blocksworld/domain.pddl -p data/deterministic/blocksworld/p-072.pddl --algorithm astar --heuristic ff --working-dir results/experiment-2-2021-12-13T19:56:34.610316/fd-ff/p-072
p-073	error	 -1.000000	 -1.000000	  0.165816	None	/home/anonymousauthor/workfolder/planning-with-past-code/bin/fd_wrapper -d data/deterministic/blocksworld/domain.pddl -p data/deterministic/blocksworld/p-073.pddl --algorithm astar --heuristic ff --working-dir results/experiment-2-2021-12-13T19:56:34.610316/fd-ff/p-073
p-074	error	 -1.000000	 -1.000000	  0.165856	None	/home/anonymousauthor/workfolder/planning-with-past-code/bin/fd_wrapper -d data/deterministic/blocksworld/domain.pddl -p data/deterministic/blocksworld/p-074.pddl --algorithm astar --heuristic ff --working-dir results/experiment-2-2021-12-13T19:56:34.610316/fd-ff/p-074
p-075	error	 -1.000000	 -1.000000	  0.165383	None	/home/anonymousauthor/workfolder/planning-with-past-code/bin/fd_wrapper -d data/deterministic/blocksworld/domain.pddl -p data/deterministic/blocksworld/p-075.pddl --algorithm astar --heuristic ff --working-dir results/experiment-2-2021-12-13T19:56:34.610316/fd-ff/p-075
p-076	error	 -1.000000	 -1.000000	  0.165671	None	/home/anonymousauthor/workfolder/planning-with-past-code/bin/fd_wrapper -d data/deterministic/blocksworld/domain.pddl -p data/deterministic/blocksworld/p-076.pddl --algorithm astar --heuristic ff --working-dir results/experiment-2-2021-12-13T19:56:34.610316/fd-ff/p-076
p-077	error	 -1.000000	 -1.000000	  0.165918	None	/home/anonymousauthor/workfolder/planning-with-past-code/bin/fd_wrapper -d data/deterministic/blocksworld/domain.pddl -p data/deterministic/blocksworld/p-077.pddl --algorithm astar --heuristic ff --working-dir results/experiment-2-2021-12-13T19:56:34.610316/fd-ff/p-077
p-078	error	 -1.000000	 -1.000000	  0.165320	None	/home/anonymousauthor/workfolder/planning-with-past-code/bin/fd_wrapper -d data/deterministic/blocksworld/domain.pddl -p data/deterministic/blocksworld/p-078.pddl --algorithm astar --heuristic ff --working-dir results/experiment-2-2021-12-13T19:56:34.610316/fd-ff/p-078
p-079	error	 -1.000000	 -1.000000	  0.167962	None	/home/anonymousauthor/workfolder/planning-with-past-code/bin/fd_wrapper -d data/deterministic/blocksworld/domain.pddl -p data/deterministic/blocksworld/p-079.pddl --algorithm astar --heuristic ff --working-dir results/experiment-2-2021-12-13T19:56:34.610316/fd-ff/p-079
p-080	error	 -1.000000	 -1.000000	  0.166932	None	/home/anonymousauthor/workfolder/planning-with-past-code/bin/fd_wrapper -d data/deterministic/blocksworld/domain.pddl -p data/deterministic/blocksworld/p-080.pddl --algorithm astar --heuristic ff --working-dir results/experiment-2-2021-12-13T19:56:34.610316/fd-ff/p-080
p-081	error	 -1.000000	 -1.000000	  0.165659	None	/home/anonymousauthor/workfolder/planning-with-past-code/bin/fd_wrapper -d data/deterministic/blocksworld/domain.pddl -p data/deterministic/blocksworld/p-081.pddl --algorithm astar --heuristic ff --working-dir results/experiment-2-2021-12-13T19:56:34.610316/fd-ff/p-081
p-082	error	 -1.000000	 -1.000000	  0.165532	None	/home/anonymousauthor/workfolder/planning-with-past-code/bin/fd_wrapper -d data/deterministic/blocksworld/domain.pddl -p data/deterministic/blocksworld/p-082.pddl --algorithm astar --heuristic ff --working-dir results/experiment-2-2021-12-13T19:56:34.610316/fd-ff/p-082
p-083	error	 -1.000000	 -1.000000	  0.165905	None	/home/anonymousauthor/workfolder/planning-with-past-code/bin/fd_wrapper -d data/deterministic/blocksworld/domain.pddl -p data/deterministic/blocksworld/p-083.pddl --algorithm astar --heuristic ff --working-dir results/experiment-2-2021-12-13T19:56:34.610316/fd-ff/p-083
p-084	error	 -1.000000	 -1.000000	  0.165722	None	/home/anonymousauthor/workfolder/planning-with-past-code/bin/fd_wrapper -d data/deterministic/blocksworld/domain.pddl -p data/deterministic/blocksworld/p-084.pddl --algorithm astar --heuristic ff --working-dir results/experiment-2-2021-12-13T19:56:34.610316/fd-ff/p-084
p-085	error	 -1.000000	 -1.000000	  0.165623	None	/home/anonymousauthor/workfolder/planning-with-past-code/bin/fd_wrapper -d data/deterministic/blocksworld/domain.pddl -p data/deterministic/blocksworld/p-085.pddl --algorithm astar --heuristic ff --working-dir results/experiment-2-2021-12-13T19:56:34.610316/fd-ff/p-085
p-086	error	 -1.000000	 -1.000000	  0.217418	None	/home/anonymousauthor/workfolder/planning-with-past-code/bin/fd_wrapper -d data/deterministic/blocksworld/domain.pddl -p data/deterministic/blocksworld/p-086.pddl --algorithm astar --heuristic ff --working-dir results/experiment-2-2021-12-13T19:56:34.610316/fd-ff/p-086
p-087	error	 -1.000000	 -1.000000	  0.166540	None	/home/anonymousauthor/workfolder/planning-with-past-code/bin/fd_wrapper -d data/deterministic/blocksworld/domain.pddl -p data/deterministic/blocksworld/p-087.pddl --algorithm astar --heuristic ff --working-dir results/experiment-2-2021-12-13T19:56:34.610316/fd-ff/p-087
p-088	error	 -1.000000	 -1.000000	  0.165358	None	/home/anonymousauthor/workfolder/planning-with-past-code/bin/fd_wrapper -d data/deterministic/blocksworld/domain.pddl -p data/deterministic/blocksworld/p-088.pddl --algorithm astar --heuristic ff --working-dir results/experiment-2-2021-12-13T19:56:34.610316/fd-ff/p-088
p-089	error	 -1.000000	 -1.000000	  0.167320	None	/home/anonymousauthor/workfolder/planning-with-past-code/bin/fd_wrapper -d data/deterministic/blocksworld/domain.pddl -p data/deterministic/blocksworld/p-089.pddl --algorithm astar --heuristic ff --working-dir results/experiment-2-2021-12-13T19:56:34.610316/fd-ff/p-089
p-090	error	 -1.000000	 -1.000000	  0.165475	None	/home/anonymousauthor/workfolder/planning-with-past-code/bin/fd_wrapper -d data/deterministic/blocksworld/domain.pddl -p data/deterministic/blocksworld/p-090.pddl --algorithm astar --heuristic ff --working-dir results/experiment-2-2021-12-13T19:56:34.610316/fd-ff/p-090
p-091	error	 -1.000000	 -1.000000	  0.165898	None	/home/anonymousauthor/workfolder/planning-with-past-code/bin/fd_wrapper -d data/deterministic/blocksworld/domain.pddl -p data/deterministic/blocksworld/p-091.pddl --algorithm astar --heuristic ff --working-dir results/experiment-2-2021-12-13T19:56:34.610316/fd-ff/p-091
p-092	error	 -1.000000	 -1.000000	  0.165713	None	/home/anonymousauthor/workfolder/planning-with-past-code/bin/fd_wrapper -d data/deterministic/blocksworld/domain.pddl -p data/deterministic/blocksworld/p-092.pddl --algorithm astar --heuristic ff --working-dir results/experiment-2-2021-12-13T19:56:34.610316/fd-ff/p-092
p-093	error	 -1.000000	 -1.000000	  0.165788	None	/home/anonymousauthor/workfolder/planning-with-past-code/bin/fd_wrapper -d data/deterministic/blocksworld/domain.pddl -p data/deterministic/blocksworld/p-093.pddl --algorithm astar --heuristic ff --working-dir results/experiment-2-2021-12-13T19:56:34.610316/fd-ff/p-093
p-094	error	 -1.000000	 -1.000000	  0.165413	None	/home/anonymousauthor/workfolder/planning-with-past-code/bin/fd_wrapper -d data/deterministic/blocksworld/domain.pddl -p data/deterministic/blocksworld/p-094.pddl --algorithm astar --heuristic ff --working-dir results/experiment-2-2021-12-13T19:56:34.610316/fd-ff/p-094
p-095	error	 -1.000000	 -1.000000	  0.216001	None	/home/anonymousauthor/workfolder/planning-with-past-code/bin/fd_wrapper -d data/deterministic/blocksworld/domain.pddl -p data/deterministic/blocksworld/p-095.pddl --algorithm astar --heuristic ff --working-dir results/experiment-2-2021-12-13T19:56:34.610316/fd-ff/p-095
p-096	error	 -1.000000	 -1.000000	  0.165914	None	/home/anonymousauthor/workfolder/planning-with-past-code/bin/fd_wrapper -d data/deterministic/blocksworld/domain.pddl -p data/deterministic/blocksworld/p-096.pddl --algorithm astar --heuristic ff --working-dir results/experiment-2-2021-12-13T19:56:34.610316/fd-ff/p-096
p-097	error	 -1.000000	 -1.000000	  0.165531	None	/home/anonymousauthor/workfolder/planning-with-past-code/bin/fd_wrapper -d data/deterministic/blocksworld/domain.pddl -p data/deterministic/blocksworld/p-097.pddl --algorithm astar --heuristic ff --working-dir results/experiment-2-2021-12-13T19:56:34.610316/fd-ff/p-097
p-098	error	 -1.000000	 -1.000000	  0.165871	None	/home/anonymousauthor/workfolder/planning-with-past-code/bin/fd_wrapper -d data/deterministic/blocksworld/domain.pddl -p data/deterministic/blocksworld/p-098.pddl --algorithm astar --heuristic ff --working-dir results/experiment-2-2021-12-13T19:56:34.610316/fd-ff/p-098
p-099	error	 -1.000000	 -1.000000	  0.167519	None	/home/anonymousauthor/workfolder/planning-with-past-code/bin/fd_wrapper -d data/deterministic/blocksworld/domain.pddl -p data/deterministic/blocksworld/p-099.pddl --algorithm astar --heuristic ff --working-dir results/experiment-2-2021-12-13T19:56:34.610316/fd-ff/p-099
p-100	error	 -1.000000	 -1.000000	  0.165373	None	/home/anonymousauthor/workfolder/planning-with-past-code/bin/fd_wrapper -d data/deterministic/blocksworld/domain.pddl -p data/deterministic/blocksworld/p-100.pddl --algorithm astar --heuristic ff --working-dir results/experiment-2-2021-12-13T19:56:34.610316/fd-ff/p-100
p-101	error	 -1.000000	 -1.000000	  0.166112	None	/home/anonymousauthor/workfolder/planning-with-past-code/bin/fd_wrapper -d data/deterministic/blocksworld/domain.pddl -p data/deterministic/blocksworld/p-101.pddl --algorithm astar --heuristic ff --working-dir results/experiment-2-2021-12-13T19:56:34.610316/fd-ff/p-101
p-102	error	 -1.000000	 -1.000000	  0.165657	None	/home/anonymousauthor/workfolder/planning-with-past-code/bin/fd_wrapper -d data/deterministic/blocksworld/domain.pddl -p data/deterministic/blocksworld/p-102.pddl --algorithm astar --heuristic ff --working-dir results/experiment-2-2021-12-13T19:56:34.610316/fd-ff/p-102
