name	status	time_compilation	time_tool	time_end2end	nb_node_expanded	command
p02	success	  0.149847	  0.462597	  0.612444	17	/home/francesco/Projects/planning-for-past-temporal-goals/bin/ltlfond2fond_wrapper -t mynd -d experiment-1a-triangletireworld-nondet/domain.pddl -p experiment-1a-triangletireworld-nondet/p02.pddl -g F("vehicleat l1x1"&X(F("vehicleat l2x1"&X(F("vehicleat l1x2"))))) --working-dir experiment-1a-triangletireworld-nondet/lf2f-mynd-sc-ff/p02 --algorithm laostar --heuristic ff
p03	success	  0.102643	  0.685105	  0.787748	13	/home/francesco/Projects/planning-for-past-temporal-goals/bin/ltlfond2fond_wrapper -t mynd -d experiment-1a-triangletireworld-nondet/domain.pddl -p experiment-1a-triangletireworld-nondet/p03.pddl -g F("vehicleat l1x1"&X(F("vehicleat l2x1"&X(F("vehicleat l1x2"))))) --working-dir experiment-1a-triangletireworld-nondet/lf2f-mynd-sc-ff/p03 --algorithm laostar --heuristic ff
p04	success	  0.142231	  0.638869	  0.781100	10	/home/francesco/Projects/planning-for-past-temporal-goals/bin/ltlfond2fond_wrapper -t mynd -d experiment-1a-triangletireworld-nondet/domain.pddl -p experiment-1a-triangletireworld-nondet/p04.pddl -g F("vehicleat l1x1"&X(F("vehicleat l2x1"&X(F("vehicleat l1x2"))))) --working-dir experiment-1a-triangletireworld-nondet/lf2f-mynd-sc-ff/p04 --algorithm laostar --heuristic ff
p05	success	  0.129669	  0.929549	  1.059218	13	/home/francesco/Projects/planning-for-past-temporal-goals/bin/ltlfond2fond_wrapper -t mynd -d experiment-1a-triangletireworld-nondet/domain.pddl -p experiment-1a-triangletireworld-nondet/p05.pddl -g F("vehicleat l1x1"&X(F("vehicleat l2x1"&X(F("vehicleat l1x2"))))) --working-dir experiment-1a-triangletireworld-nondet/lf2f-mynd-sc-ff/p05 --algorithm laostar --heuristic ff
p06	success	  0.149158	  0.987185	  1.136343	13	/home/francesco/Projects/planning-for-past-temporal-goals/bin/ltlfond2fond_wrapper -t mynd -d experiment-1a-triangletireworld-nondet/domain.pddl -p experiment-1a-triangletireworld-nondet/p06.pddl -g F("vehicleat l1x1"&X(F("vehicleat l2x1"&X(F("vehicleat l1x2"))))) --working-dir experiment-1a-triangletireworld-nondet/lf2f-mynd-sc-ff/p06 --algorithm laostar --heuristic ff
p07	success	  0.130029	  1.237249	  1.367278	13	/home/francesco/Projects/planning-for-past-temporal-goals/bin/ltlfond2fond_wrapper -t mynd -d experiment-1a-triangletireworld-nondet/domain.pddl -p experiment-1a-triangletireworld-nondet/p07.pddl -g F("vehicleat l1x1"&X(F("vehicleat l2x1"&X(F("vehicleat l1x2"))))) --working-dir experiment-1a-triangletireworld-nondet/lf2f-mynd-sc-ff/p07 --algorithm laostar --heuristic ff
p08	success	  0.111926	  1.861044	  1.972970	13	/home/francesco/Projects/planning-for-past-temporal-goals/bin/ltlfond2fond_wrapper -t mynd -d experiment-1a-triangletireworld-nondet/domain.pddl -p experiment-1a-triangletireworld-nondet/p08.pddl -g F("vehicleat l1x1"&X(F("vehicleat l2x1"&X(F("vehicleat l1x2"))))) --working-dir experiment-1a-triangletireworld-nondet/lf2f-mynd-sc-ff/p08 --algorithm laostar --heuristic ff
p09	success	  0.106897	  2.312962	  2.419859	13	/home/francesco/Projects/planning-for-past-temporal-goals/bin/ltlfond2fond_wrapper -t mynd -d experiment-1a-triangletireworld-nondet/domain.pddl -p experiment-1a-triangletireworld-nondet/p09.pddl -g F("vehicleat l1x1"&X(F("vehicleat l2x1"&X(F("vehicleat l1x2"))))) --working-dir experiment-1a-triangletireworld-nondet/lf2f-mynd-sc-ff/p09 --algorithm laostar --heuristic ff
p10	success	  0.112976	  2.729284	  2.842260	13	/home/francesco/Projects/planning-for-past-temporal-goals/bin/ltlfond2fond_wrapper -t mynd -d experiment-1a-triangletireworld-nondet/domain.pddl -p experiment-1a-triangletireworld-nondet/p10.pddl -g F("vehicleat l1x1"&X(F("vehicleat l2x1"&X(F("vehicleat l1x2"))))) --working-dir experiment-1a-triangletireworld-nondet/lf2f-mynd-sc-ff/p10 --algorithm laostar --heuristic ff
