name	status	time_compilation	time_tool	time_end2end	nb_node_expanded	command
p03	success	  0.156765	 14.245252	 14.402017	74	/home/francesco/Projects/planning-for-past-temporal-goals/bin/ltlfond2fond_wrapper -t mynd -d results/experiment-1a-blocksworld-nondet/domain.pddl -p results/experiment-1a-blocksworld-nondet/p03.pddl -g F("on b2 b3"&X(F("on b1 b2"))) --working-dir results/experiment-1a-blocksworld-nondet/lf2f-mynd-sc-ff/p03 --algorithm laostar --heuristic ff
p04	success	  0.154094	 37.123254	 37.277348	62	/home/francesco/Projects/planning-for-past-temporal-goals/bin/ltlfond2fond_wrapper -t mynd -d results/experiment-1a-blocksworld-nondet/domain.pddl -p results/experiment-1a-blocksworld-nondet/p04.pddl -g F("on b2 b3"&X(F("on b1 b2"))) --working-dir results/experiment-1a-blocksworld-nondet/lf2f-mynd-sc-ff/p04 --algorithm laostar --heuristic ff
p05	success	  0.144988	 83.832458	 83.977446	42	/home/francesco/Projects/planning-for-past-temporal-goals/bin/ltlfond2fond_wrapper -t mynd -d results/experiment-1a-blocksworld-nondet/domain.pddl -p results/experiment-1a-blocksworld-nondet/p05.pddl -g F("on b2 b3"&X(F("on b1 b2"))) --working-dir results/experiment-1a-blocksworld-nondet/lf2f-mynd-sc-ff/p05 --algorithm laostar --heuristic ff
p06	success	  0.146957	163.828260	163.975217	122	/home/francesco/Projects/planning-for-past-temporal-goals/bin/ltlfond2fond_wrapper -t mynd -d results/experiment-1a-blocksworld-nondet/domain.pddl -p results/experiment-1a-blocksworld-nondet/p06.pddl -g F("on b2 b3"&X(F("on b1 b2"))) --working-dir results/experiment-1a-blocksworld-nondet/lf2f-mynd-sc-ff/p06 --algorithm laostar --heuristic ff
p07	success	  0.151548	297.437289	297.588837	104	/home/francesco/Projects/planning-for-past-temporal-goals/bin/ltlfond2fond_wrapper -t mynd -d results/experiment-1a-blocksworld-nondet/domain.pddl -p results/experiment-1a-blocksworld-nondet/p07.pddl -g F("on b2 b3"&X(F("on b1 b2"))) --working-dir results/experiment-1a-blocksworld-nondet/lf2f-mynd-sc-ff/p07 --algorithm laostar --heuristic ff
p08	timeout	 -1.000000	 -1.000000	300.004974	None	/home/francesco/Projects/planning-for-past-temporal-goals/bin/ltlfond2fond_wrapper -t mynd -d results/experiment-1a-blocksworld-nondet/domain.pddl -p results/experiment-1a-blocksworld-nondet/p08.pddl -g F("on b2 b3"&X(F("on b1 b2"))) --working-dir results/experiment-1a-blocksworld-nondet/lf2f-mynd-sc-ff/p08 --algorithm laostar --heuristic ff
