name	status	time_compilation	time_tool	time_end2end	nb_node_expanded	command
p01	success	  0.445921	  0.562265	  1.008186	12	/home/marcofavorito/planning-for-past-temporal-goals/bin/plan4past -t mynd --domain data/non-deterministic/blocksworld/domain.pddl --problem data/non-deterministic/blocksworld/p01.pddl --formula emptyhand & on_b1_b2 & on_b2_b5 & ontable_b3 & ontable_b4 & ontable_b5 & clear_b1 & clear_b3 & clear_b4 --working-dir experiment-2-blocksworld-nondet/p4p-mynd-sc-ff/p01 --algorithm laostar --heuristic ff
p02	success	  0.466492	  0.557464	  1.023956	8	/home/marcofavorito/planning-for-past-temporal-goals/bin/plan4past -t mynd --domain data/non-deterministic/blocksworld/domain.pddl --problem data/non-deterministic/blocksworld/p02.pddl --formula emptyhand & ontable_b1 & ontable_b2 & ontable_b3 & on_b4_b1 & on_b5_b2 & clear_b3 & clear_b4 & clear_b5 --working-dir experiment-2-blocksworld-nondet/p4p-mynd-sc-ff/p02 --algorithm laostar --heuristic ff
p03	success	  0.432277	  0.535332	  0.967609	10	/home/marcofavorito/planning-for-past-temporal-goals/bin/plan4past -t mynd --domain data/non-deterministic/blocksworld/domain.pddl --problem data/non-deterministic/blocksworld/p03.pddl --formula emptyhand & ontable_b1 & ontable_b2 & on_b3_b1 & ontable_b4 & on_b5_b3 & clear_b2 & clear_b4 & clear_b5 --working-dir experiment-2-blocksworld-nondet/p4p-mynd-sc-ff/p03 --algorithm laostar --heuristic ff
p04	success	  0.434269	  1.027744	  1.462013	200	/home/marcofavorito/planning-for-past-temporal-goals/bin/plan4past -t mynd --domain data/non-deterministic/blocksworld/domain.pddl --problem data/non-deterministic/blocksworld/p04.pddl --formula emptyhand & on_b1_b5 & on_b2_b3 & on_b3_b1 & on_b4_b2 & ontable_b5 & clear_b4 --working-dir experiment-2-blocksworld-nondet/p4p-mynd-sc-ff/p04 --algorithm laostar --heuristic ff
p05	success	  0.438154	  0.555420	  0.993574	16	/home/marcofavorito/planning-for-past-temporal-goals/bin/plan4past -t mynd --domain data/non-deterministic/blocksworld/domain.pddl --problem data/non-deterministic/blocksworld/p05.pddl --formula emptyhand & on_b1_b3 & on_b2_b4 & ontable_b3 & on_b4_b1 & ontable_b5 & clear_b2 & clear_b5 --working-dir experiment-2-blocksworld-nondet/p4p-mynd-sc-ff/p05 --algorithm laostar --heuristic ff
p06	success	  0.430100	  0.603886	  1.033986	31	/home/marcofavorito/planning-for-past-temporal-goals/bin/plan4past -t mynd --domain data/non-deterministic/blocksworld/domain.pddl --problem data/non-deterministic/blocksworld/p06.pddl --formula emptyhand & ontable_b1 & on_b2_b4 & ontable_b3 & on_b4_b3 & on_b5_b1 & clear_b2 & clear_b5 --working-dir experiment-2-blocksworld-nondet/p4p-mynd-sc-ff/p06 --algorithm laostar --heuristic ff
p07	success	  0.448488	  0.631516	  1.080004	60	/home/marcofavorito/planning-for-past-temporal-goals/bin/plan4past -t mynd --domain data/non-deterministic/blocksworld/domain.pddl --problem data/non-deterministic/blocksworld/p07.pddl --formula emptyhand & ontable_b1 & on_b2_b5 & on_b3_b4 & ontable_b4 & on_b5_b3 & clear_b1 & clear_b2 --working-dir experiment-2-blocksworld-nondet/p4p-mynd-sc-ff/p07 --algorithm laostar --heuristic ff
p08	success	  0.435806	  0.657881	  1.093687	57	/home/marcofavorito/planning-for-past-temporal-goals/bin/plan4past -t mynd --domain data/non-deterministic/blocksworld/domain.pddl --problem data/non-deterministic/blocksworld/p08.pddl --formula emptyhand & ontable_b1 & ontable_b2 & on_b3_b2 & on_b4_b3 & on_b5_b4 & clear_b1 & clear_b5 --working-dir experiment-2-blocksworld-nondet/p4p-mynd-sc-ff/p08 --algorithm laostar --heuristic ff
p09	success	  0.426713	  0.569516	  0.996229	8	/home/marcofavorito/planning-for-past-temporal-goals/bin/plan4past -t mynd --domain data/non-deterministic/blocksworld/domain.pddl --problem data/non-deterministic/blocksworld/p09.pddl --formula emptyhand & on_b1_b4 & ontable_b2 & on_b3_b2 & ontable_b4 & ontable_b5 & clear_b1 & clear_b3 & clear_b5 --working-dir experiment-2-blocksworld-nondet/p4p-mynd-sc-ff/p09 --algorithm laostar --heuristic ff
p10	success	  0.430685	  0.562790	  0.993475	10	/home/marcofavorito/planning-for-past-temporal-goals/bin/plan4past -t mynd --domain data/non-deterministic/blocksworld/domain.pddl --problem data/non-deterministic/blocksworld/p10.pddl --formula emptyhand & on_b1_b2 & ontable_b2 & on_b3_b5 & ontable_b4 & ontable_b5 & clear_b1 & clear_b3 & clear_b4 --working-dir experiment-2-blocksworld-nondet/p4p-mynd-sc-ff/p10 --algorithm laostar --heuristic ff
p11	success	  0.429700	  1.577080	  2.006780	75	/home/marcofavorito/planning-for-past-temporal-goals/bin/plan4past -t mynd --domain data/non-deterministic/blocksworld/domain.pddl --problem data/non-deterministic/blocksworld/p11.pddl --formula emptyhand & on_b1_b9 & ontable_b2 & on_b3_b1 & on_b4_b7 & on_b5_b4 & on_b6_b8 & on_b7_b10 & on_b8_b5 & on_b9_b6 & ontable_b10 & clear_b2 & clear_b3 --working-dir experiment-2-blocksworld-nondet/p4p-mynd-sc-ff/p11 --algorithm laostar --heuristic ff
p12	timeout	 -1.000000	 -1.000000	300.004540	None	/home/marcofavorito/planning-for-past-temporal-goals/bin/plan4past -t mynd --domain data/non-deterministic/blocksworld/domain.pddl --problem data/non-deterministic/blocksworld/p12.pddl --formula emptyhand & on_b1_b3 & on_b2_b9 & ontable_b3 & on_b4_b10 & on_b5_b7 & on_b6_b4 & ontable_b7 & on_b8_b2 & on_b9_b1 & on_b10_b8 & clear_b5 & clear_b6 --working-dir experiment-2-blocksworld-nondet/p4p-mynd-sc-ff/p12 --algorithm laostar --heuristic ff
p13	success	  0.440866	  2.882127	  3.322993	216	/home/marcofavorito/planning-for-past-temporal-goals/bin/plan4past -t mynd --domain data/non-deterministic/blocksworld/domain.pddl --problem data/non-deterministic/blocksworld/p13.pddl --formula emptyhand & on_b1_b7 & on_b2_b8 & on_b3_b10 & ontable_b4 & on_b5_b4 & on_b6_b3 & on_b7_b6 & ontable_b8 & ontable_b9 & on_b10_b5 & clear_b1 & clear_b2 & clear_b9 --working-dir experiment-2-blocksworld-nondet/p4p-mynd-sc-ff/p13 --algorithm laostar --heuristic ff
p14	success	  0.433727	  1.280382	  1.714109	29	/home/marcofavorito/planning-for-past-temporal-goals/bin/plan4past -t mynd --domain data/non-deterministic/blocksworld/domain.pddl --problem data/non-deterministic/blocksworld/p14.pddl --formula emptyhand & ontable_b1 & ontable_b2 & on_b3_b8 & on_b4_b1 & on_b5_b10 & ontable_b6 & on_b7_b6 & ontable_b8 & on_b9_b2 & on_b10_b4 & clear_b3 & clear_b5 & clear_b7 & clear_b9 --working-dir experiment-2-blocksworld-nondet/p4p-mynd-sc-ff/p14 --algorithm laostar --heuristic ff
p15	success	  0.433641	 26.874093	 27.307734	1104	/home/marcofavorito/planning-for-past-temporal-goals/bin/plan4past -t mynd --domain data/non-deterministic/blocksworld/domain.pddl --problem data/non-deterministic/blocksworld/p15.pddl --formula emptyhand & on_b1_b9 & on_b2_b5 & on_b3_b2 & on_b4_b3 & on_b5_b6 & ontable_b6 & on_b7_b4 & on_b8_b7 & ontable_b9 & on_b10_b1 & clear_b8 & clear_b10 --working-dir experiment-2-blocksworld-nondet/p4p-mynd-sc-ff/p15 --algorithm laostar --heuristic ff
p16	timeout	 -1.000000	 -1.000000	300.004771	None	/home/marcofavorito/planning-for-past-temporal-goals/bin/plan4past -t mynd --domain data/non-deterministic/blocksworld/domain.pddl --problem data/non-deterministic/blocksworld/p16.pddl --formula emptyhand & on_b1_b7 & on_b2_b8 & on_b3_b10 & ontable_b4 & on_b5_b4 & on_b6_b9 & on_b7_b2 & on_b8_b3 & on_b9_b5 & ontable_b10 & clear_b1 & clear_b6 --working-dir experiment-2-blocksworld-nondet/p4p-mynd-sc-ff/p16 --algorithm laostar --heuristic ff
p17	success	  0.425568	 11.249506	 11.675074	682	/home/marcofavorito/planning-for-past-temporal-goals/bin/plan4past -t mynd --domain data/non-deterministic/blocksworld/domain.pddl --problem data/non-deterministic/blocksworld/p17.pddl --formula emptyhand & on_b1_b8 & ontable_b2 & on_b3_b6 & on_b4_b2 & ontable_b5 & on_b6_b10 & on_b7_b1 & on_b8_b5 & ontable_b9 & ontable_b10 & clear_b3 & clear_b4 & clear_b7 & clear_b9 --working-dir experiment-2-blocksworld-nondet/p4p-mynd-sc-ff/p17 --algorithm laostar --heuristic ff
p18	timeout	 -1.000000	 -1.000000	300.004734	None	/home/marcofavorito/planning-for-past-temporal-goals/bin/plan4past -t mynd --domain data/non-deterministic/blocksworld/domain.pddl --problem data/non-deterministic/blocksworld/p18.pddl --formula emptyhand & ontable_b1 & on_b2_b4 & on_b3_b5 & ontable_b4 & on_b5_b8 & ontable_b6 & ontable_b7 & on_b8_b1 & on_b9_b6 & on_b10_b7 & clear_b2 & clear_b3 & clear_b9 & clear_b10 --working-dir experiment-2-blocksworld-nondet/p4p-mynd-sc-ff/p18 --algorithm laostar --heuristic ff
p19	timeout	 -1.000000	 -1.000000	300.004288	None	/home/marcofavorito/planning-for-past-temporal-goals/bin/plan4past -t mynd --domain data/non-deterministic/blocksworld/domain.pddl --problem data/non-deterministic/blocksworld/p19.pddl --formula emptyhand & ontable_b1 & on_b2_b9 & on_b3_b7 & on_b4_b10 & on_b5_b2 & on_b6_b1 & ontable_b7 & on_b8_b4 & ontable_b9 & on_b10_b6 & clear_b3 & clear_b5 & clear_b8 --working-dir experiment-2-blocksworld-nondet/p4p-mynd-sc-ff/p19 --algorithm laostar --heuristic ff
p20	timeout	 -1.000000	 -1.000000	300.005237	None	/home/marcofavorito/planning-for-past-temporal-goals/bin/plan4past -t mynd --domain data/non-deterministic/blocksworld/domain.pddl --problem data/non-deterministic/blocksworld/p20.pddl --formula emptyhand & on_b1_b9 & on_b2_b1 & ontable_b3 & ontable_b4 & ontable_b5 & on_b6_b7 & ontable_b7 & ontable_b8 & on_b9_b6 & on_b10_b3 & clear_b2 & clear_b4 & clear_b5 & clear_b8 & clear_b10 --working-dir experiment-2-blocksworld-nondet/p4p-mynd-sc-ff/p20 --algorithm laostar --heuristic ff
p21	timeout	 -1.000000	 -1.000000	300.005027	None	/home/marcofavorito/planning-for-past-temporal-goals/bin/plan4past -t mynd --domain data/non-deterministic/blocksworld/domain.pddl --problem data/non-deterministic/blocksworld/p21.pddl --formula emptyhand & on_b1_b6 & on_b2_b1 & on_b3_b12 & ontable_b4 & on_b5_b3 & ontable_b6 & ontable_b7 & on_b8_b9 & ontable_b9 & on_b10_b5 & on_b11_b2 & on_b12_b8 & on_b13_b15 & on_b14_b11 & on_b15_b14 & clear_b4 & clear_b7 & clear_b10 & clear_b13 --working-dir experiment-2-blocksworld-nondet/p4p-mynd-sc-ff/p21 --algorithm laostar --heuristic ff
p22	timeout	 -1.000000	 -1.000000	300.004360	None	/home/marcofavorito/planning-for-past-temporal-goals/bin/plan4past -t mynd --domain data/non-deterministic/blocksworld/domain.pddl --problem data/non-deterministic/blocksworld/p22.pddl --formula emptyhand & on_b1_b11 & on_b2_b12 & on_b3_b9 & on_b4_b14 & on_b5_b7 & ontable_b6 & ontable_b7 & on_b8_b4 & on_b9_b10 & on_b10_b6 & on_b11_b15 & on_b12_b3 & on_b13_b2 & ontable_b14 & on_b15_b5 & clear_b1 & clear_b8 & clear_b13 --working-dir experiment-2-blocksworld-nondet/p4p-mynd-sc-ff/p22 --algorithm laostar --heuristic ff
p23	timeout	 -1.000000	 -1.000000	300.004390	None	/home/marcofavorito/planning-for-past-temporal-goals/bin/plan4past -t mynd --domain data/non-deterministic/blocksworld/domain.pddl --problem data/non-deterministic/blocksworld/p23.pddl --formula emptyhand & on_b1_b12 & on_b2_b10 & ontable_b3 & on_b4_b7 & on_b5_b15 & on_b6_b5 & ontable_b7 & ontable_b8 & on_b9_b3 & on_b10_b13 & on_b11_b8 & ontable_b12 & on_b13_b11 & on_b14_b4 & on_b15_b14 & clear_b1 & clear_b2 & clear_b6 & clear_b9 --working-dir experiment-2-blocksworld-nondet/p4p-mynd-sc-ff/p23 --algorithm laostar --heuristic ff
p24	timeout	 -1.000000	 -1.000000	300.004111	None	/home/marcofavorito/planning-for-past-temporal-goals/bin/plan4past -t mynd --domain data/non-deterministic/blocksworld/domain.pddl --problem data/non-deterministic/blocksworld/p24.pddl --formula emptyhand & on_b1_b14 & on_b2_b4 & on_b3_b9 & on_b4_b12 & ontable_b5 & on_b6_b1 & on_b7_b6 & on_b8_b10 & on_b9_b15 & on_b10_b7 & ontable_b11 & on_b12_b13 & on_b13_b8 & ontable_b14 & ontable_b15 & clear_b2 & clear_b3 & clear_b5 & clear_b11 --working-dir experiment-2-blocksworld-nondet/p4p-mynd-sc-ff/p24 --algorithm laostar --heuristic ff
p25	timeout	 -1.000000	 -1.000000	300.004330	None	/home/marcofavorito/planning-for-past-temporal-goals/bin/plan4past -t mynd --domain data/non-deterministic/blocksworld/domain.pddl --problem data/non-deterministic/blocksworld/p25.pddl --formula emptyhand & ontable_b1 & on_b2_b9 & on_b3_b7 & on_b4_b5 & on_b5_b12 & on_b6_b1 & on_b7_b15 & on_b8_b11 & on_b9_b10 & on_b10_b8 & on_b11_b13 & on_b12_b3 & ontable_b13 & on_b14_b2 & on_b15_b6 & clear_b4 & clear_b14 --working-dir experiment-2-blocksworld-nondet/p4p-mynd-sc-ff/p25 --algorithm laostar --heuristic ff
p26	success	  0.444809	192.514380	192.959189	2316	/home/marcofavorito/planning-for-past-temporal-goals/bin/plan4past -t mynd --domain data/non-deterministic/blocksworld/domain.pddl --problem data/non-deterministic/blocksworld/p26.pddl --formula emptyhand & ontable_b1 & on_b2_b12 & ontable_b3 & on_b4_b9 & on_b5_b15 & on_b6_b10 & on_b7_b6 & on_b8_b11 & on_b9_b5 & ontable_b10 & on_b11_b3 & ontable_b12 & on_b13_b14 & on_b14_b7 & ontable_b15 & clear_b1 & clear_b2 & clear_b4 & clear_b8 & clear_b13 --working-dir experiment-2-blocksworld-nondet/p4p-mynd-sc-ff/p26 --algorithm laostar --heuristic ff
p27	timeout	 -1.000000	 -1.000000	300.004517	None	/home/marcofavorito/planning-for-past-temporal-goals/bin/plan4past -t mynd --domain data/non-deterministic/blocksworld/domain.pddl --problem data/non-deterministic/blocksworld/p27.pddl --formula emptyhand & on_b1_b8 & on_b2_b10 & on_b3_b15 & on_b4_b14 & on_b5_b11 & ontable_b6 & on_b7_b4 & on_b8_b3 & on_b9_b1 & on_b10_b9 & on_b11_b6 & on_b12_b7 & on_b13_b5 & ontable_b14 & ontable_b15 & clear_b2 & clear_b12 & clear_b13 --working-dir experiment-2-blocksworld-nondet/p4p-mynd-sc-ff/p27 --algorithm laostar --heuristic ff
p28	timeout	 -1.000000	 -1.000000	300.004419	None	/home/marcofavorito/planning-for-past-temporal-goals/bin/plan4past -t mynd --domain data/non-deterministic/blocksworld/domain.pddl --problem data/non-deterministic/blocksworld/p28.pddl --formula emptyhand & ontable_b1 & on_b2_b11 & on_b3_b15 & on_b4_b1 & ontable_b5 & on_b6_b14 & on_b7_b4 & on_b8_b7 & ontable_b9 & ontable_b10 & on_b11_b9 & on_b12_b2 & ontable_b13 & on_b14_b5 & on_b15_b8 & clear_b3 & clear_b6 & clear_b10 & clear_b12 & clear_b13 --working-dir experiment-2-blocksworld-nondet/p4p-mynd-sc-ff/p28 --algorithm laostar --heuristic ff
p29	success	  0.453414	130.730923	131.184337	1872	/home/marcofavorito/planning-for-past-temporal-goals/bin/plan4past -t mynd --domain data/non-deterministic/blocksworld/domain.pddl --problem data/non-deterministic/blocksworld/p29.pddl --formula emptyhand & on_b1_b7 & on_b2_b5 & on_b3_b8 & on_b4_b3 & on_b5_b14 & on_b6_b1 & on_b7_b2 & on_b8_b9 & on_b9_b6 & ontable_b10 & ontable_b11 & ontable_b12 & on_b13_b15 & ontable_b14 & on_b15_b10 & clear_b4 & clear_b11 & clear_b12 & clear_b13 --working-dir experiment-2-blocksworld-nondet/p4p-mynd-sc-ff/p29 --algorithm laostar --heuristic ff
p30	timeout	 -1.000000	 -1.000000	300.005336	None	/home/marcofavorito/planning-for-past-temporal-goals/bin/plan4past -t mynd --domain data/non-deterministic/blocksworld/domain.pddl --problem data/non-deterministic/blocksworld/p30.pddl --formula emptyhand & ontable_b1 & on_b2_b6 & on_b3_b15 & ontable_b4 & on_b5_b9 & on_b6_b11 & on_b7_b13 & ontable_b8 & on_b9_b14 & ontable_b10 & on_b11_b1 & on_b12_b7 & on_b13_b2 & on_b14_b3 & ontable_b15 & clear_b4 & clear_b5 & clear_b8 & clear_b10 & clear_b12 --working-dir experiment-2-blocksworld-nondet/p4p-mynd-sc-ff/p30 --algorithm laostar --heuristic ff
