name	status	time_compilation	time_tool	time_end2end	nb_node_expanded	command
p-001	success	 -1.000000	  0.002852	  0.316582	7	/home/francesco/Projects/planning-for-past-temporal-goals/bin/fd_wrapper -d data/deterministic/blocksworld/domain.pddl -p data/deterministic/blocksworld/p-001.pddl --algorithm astar --heuristic ff --working-dir results/experiment-2-blocksworld-det/fd-ff/p-001
p-002	success	 -1.000000	  0.002631	  0.318106	13	/home/francesco/Projects/planning-for-past-temporal-goals/bin/fd_wrapper -d data/deterministic/blocksworld/domain.pddl -p data/deterministic/blocksworld/p-002.pddl --algorithm astar --heuristic ff --working-dir results/experiment-2-blocksworld-det/fd-ff/p-002
p-003	success	 -1.000000	  0.002452	  0.266000	10	/home/francesco/Projects/planning-for-past-temporal-goals/bin/fd_wrapper -d data/deterministic/blocksworld/domain.pddl -p data/deterministic/blocksworld/p-003.pddl --algorithm astar --heuristic ff --working-dir results/experiment-2-blocksworld-det/fd-ff/p-003
p-004	success	 -1.000000	  0.003058	  0.266108	26	/home/francesco/Projects/planning-for-past-temporal-goals/bin/fd_wrapper -d data/deterministic/blocksworld/domain.pddl -p data/deterministic/blocksworld/p-004.pddl --algorithm astar --heuristic ff --working-dir results/experiment-2-blocksworld-det/fd-ff/p-004
p-005	success	 -1.000000	  0.002955	  0.316970	26	/home/francesco/Projects/planning-for-past-temporal-goals/bin/fd_wrapper -d data/deterministic/blocksworld/domain.pddl -p data/deterministic/blocksworld/p-005.pddl --algorithm astar --heuristic ff --working-dir results/experiment-2-blocksworld-det/fd-ff/p-005
p-006	success	 -1.000000	  0.003433	  0.367336	50	/home/francesco/Projects/planning-for-past-temporal-goals/bin/fd_wrapper -d data/deterministic/blocksworld/domain.pddl -p data/deterministic/blocksworld/p-006.pddl --algorithm astar --heuristic ff --working-dir results/experiment-2-blocksworld-det/fd-ff/p-006
p-007	success	 -1.000000	  0.003186	  0.316502	18	/home/francesco/Projects/planning-for-past-temporal-goals/bin/fd_wrapper -d data/deterministic/blocksworld/domain.pddl -p data/deterministic/blocksworld/p-007.pddl --algorithm astar --heuristic ff --working-dir results/experiment-2-blocksworld-det/fd-ff/p-007
p-008	success	 -1.000000	  0.003343	  0.366632	13	/home/francesco/Projects/planning-for-past-temporal-goals/bin/fd_wrapper -d data/deterministic/blocksworld/domain.pddl -p data/deterministic/blocksworld/p-008.pddl --algorithm astar --heuristic ff --working-dir results/experiment-2-blocksworld-det/fd-ff/p-008
p-009	success	 -1.000000	  0.008892	  0.366723	438	/home/francesco/Projects/planning-for-past-temporal-goals/bin/fd_wrapper -d data/deterministic/blocksworld/domain.pddl -p data/deterministic/blocksworld/p-009.pddl --algorithm astar --heuristic ff --working-dir results/experiment-2-blocksworld-det/fd-ff/p-009
p-010	success	 -1.000000	  0.005557	  0.366766	130	/home/francesco/Projects/planning-for-past-temporal-goals/bin/fd_wrapper -d data/deterministic/blocksworld/domain.pddl -p data/deterministic/blocksworld/p-010.pddl --algorithm astar --heuristic ff --working-dir results/experiment-2-blocksworld-det/fd-ff/p-010
p-011	success	 -1.000000	  0.032446	  0.418725	1833	/home/francesco/Projects/planning-for-past-temporal-goals/bin/fd_wrapper -d data/deterministic/blocksworld/domain.pddl -p data/deterministic/blocksworld/p-011.pddl --algorithm astar --heuristic ff --working-dir results/experiment-2-blocksworld-det/fd-ff/p-011
p-012	success	 -1.000000	  0.009041	  0.419296	340	/home/francesco/Projects/planning-for-past-temporal-goals/bin/fd_wrapper -d data/deterministic/blocksworld/domain.pddl -p data/deterministic/blocksworld/p-012.pddl --algorithm astar --heuristic ff --working-dir results/experiment-2-blocksworld-det/fd-ff/p-012
p-013	success	 -1.000000	  0.010823	  0.419291	318	/home/francesco/Projects/planning-for-past-temporal-goals/bin/fd_wrapper -d data/deterministic/blocksworld/domain.pddl -p data/deterministic/blocksworld/p-013.pddl --algorithm astar --heuristic ff --working-dir results/experiment-2-blocksworld-det/fd-ff/p-013
p-014	success	 -1.000000	  0.082346	  0.569781	1685	/home/francesco/Projects/planning-for-past-temporal-goals/bin/fd_wrapper -d data/deterministic/blocksworld/domain.pddl -p data/deterministic/blocksworld/p-014.pddl --algorithm astar --heuristic ff --working-dir results/experiment-2-blocksworld-det/fd-ff/p-014
p-015	success	 -1.000000	  0.006279	  0.419642	110	/home/francesco/Projects/planning-for-past-temporal-goals/bin/fd_wrapper -d data/deterministic/blocksworld/domain.pddl -p data/deterministic/blocksworld/p-015.pddl --algorithm astar --heuristic ff --working-dir results/experiment-2-blocksworld-det/fd-ff/p-015
p-016	success	 -1.000000	  0.534633	  0.969559	21605	/home/francesco/Projects/planning-for-past-temporal-goals/bin/fd_wrapper -d data/deterministic/blocksworld/domain.pddl -p data/deterministic/blocksworld/p-016.pddl --algorithm astar --heuristic ff --working-dir results/experiment-2-blocksworld-det/fd-ff/p-016
p-017	success	 -1.000000	  0.026044	  0.417603	719	/home/francesco/Projects/planning-for-past-temporal-goals/bin/fd_wrapper -d data/deterministic/blocksworld/domain.pddl -p data/deterministic/blocksworld/p-017.pddl --algorithm astar --heuristic ff --working-dir results/experiment-2-blocksworld-det/fd-ff/p-017
p-018	success	 -1.000000	  0.038019	  0.467370	1286	/home/francesco/Projects/planning-for-past-temporal-goals/bin/fd_wrapper -d data/deterministic/blocksworld/domain.pddl -p data/deterministic/blocksworld/p-018.pddl --algorithm astar --heuristic ff --working-dir results/experiment-2-blocksworld-det/fd-ff/p-018
p-019	success	 -1.000000	 11.753200	 12.194658	466343	/home/francesco/Projects/planning-for-past-temporal-goals/bin/fd_wrapper -d data/deterministic/blocksworld/domain.pddl -p data/deterministic/blocksworld/p-019.pddl --algorithm astar --heuristic ff --working-dir results/experiment-2-blocksworld-det/fd-ff/p-019
p-020	success	 -1.000000	  1.651590	  2.021210	59573	/home/francesco/Projects/planning-for-past-temporal-goals/bin/fd_wrapper -d data/deterministic/blocksworld/domain.pddl -p data/deterministic/blocksworld/p-020.pddl --algorithm astar --heuristic ff --working-dir results/experiment-2-blocksworld-det/fd-ff/p-020
p-021	success	 -1.000000	  4.362090	  4.725442	159521	/home/francesco/Projects/planning-for-past-temporal-goals/bin/fd_wrapper -d data/deterministic/blocksworld/domain.pddl -p data/deterministic/blocksworld/p-021.pddl --algorithm astar --heuristic ff --working-dir results/experiment-2-blocksworld-det/fd-ff/p-021
p-022	success	 -1.000000	  3.650850	  3.974802	118601	/home/francesco/Projects/planning-for-past-temporal-goals/bin/fd_wrapper -d data/deterministic/blocksworld/domain.pddl -p data/deterministic/blocksworld/p-022.pddl --algorithm astar --heuristic ff --working-dir results/experiment-2-blocksworld-det/fd-ff/p-022
p-023	success	 -1.000000	  4.304180	  4.624148	124730	/home/francesco/Projects/planning-for-past-temporal-goals/bin/fd_wrapper -d data/deterministic/blocksworld/domain.pddl -p data/deterministic/blocksworld/p-023.pddl --algorithm astar --heuristic ff --working-dir results/experiment-2-blocksworld-det/fd-ff/p-023
p-024	success	 -1.000000	  2.974690	  3.372906	101979	/home/francesco/Projects/planning-for-past-temporal-goals/bin/fd_wrapper -d data/deterministic/blocksworld/domain.pddl -p data/deterministic/blocksworld/p-024.pddl --algorithm astar --heuristic ff --working-dir results/experiment-2-blocksworld-det/fd-ff/p-024
p-025	success	 -1.000000	  4.221370	  4.625336	111332	/home/francesco/Projects/planning-for-past-temporal-goals/bin/fd_wrapper -d data/deterministic/blocksworld/domain.pddl -p data/deterministic/blocksworld/p-025.pddl --algorithm astar --heuristic ff --working-dir results/experiment-2-blocksworld-det/fd-ff/p-025
p-026	success	 -1.000000	  0.524298	  0.868416	13629	/home/francesco/Projects/planning-for-past-temporal-goals/bin/fd_wrapper -d data/deterministic/blocksworld/domain.pddl -p data/deterministic/blocksworld/p-026.pddl --algorithm astar --heuristic ff --working-dir results/experiment-2-blocksworld-det/fd-ff/p-026
p-027	timeout	 -1.000000	 -1.000000	300.003578	None	/home/francesco/Projects/planning-for-past-temporal-goals/bin/fd_wrapper -d data/deterministic/blocksworld/domain.pddl -p data/deterministic/blocksworld/p-027.pddl --algorithm astar --heuristic ff --working-dir results/experiment-2-blocksworld-det/fd-ff/p-027
p-028	timeout	 -1.000000	 -1.000000	300.002997	None	/home/francesco/Projects/planning-for-past-temporal-goals/bin/fd_wrapper -d data/deterministic/blocksworld/domain.pddl -p data/deterministic/blocksworld/p-028.pddl --algorithm astar --heuristic ff --working-dir results/experiment-2-blocksworld-det/fd-ff/p-028
p-029	success	 -1.000000	 10.705500	 11.038862	201350	/home/francesco/Projects/planning-for-past-temporal-goals/bin/fd_wrapper -d data/deterministic/blocksworld/domain.pddl -p data/deterministic/blocksworld/p-029.pddl --algorithm astar --heuristic ff --working-dir results/experiment-2-blocksworld-det/fd-ff/p-029
p-030	success	 -1.000000	 22.345800	 22.713186	372538	/home/francesco/Projects/planning-for-past-temporal-goals/bin/fd_wrapper -d data/deterministic/blocksworld/domain.pddl -p data/deterministic/blocksworld/p-030.pddl --algorithm astar --heuristic ff --working-dir results/experiment-2-blocksworld-det/fd-ff/p-030
p-031	timeout	 -1.000000	 -1.000000	300.003069	None	/home/francesco/Projects/planning-for-past-temporal-goals/bin/fd_wrapper -d data/deterministic/blocksworld/domain.pddl -p data/deterministic/blocksworld/p-031.pddl --algorithm astar --heuristic ff --working-dir results/experiment-2-blocksworld-det/fd-ff/p-031
p-032	timeout	 -1.000000	 -1.000000	300.003024	None	/home/francesco/Projects/planning-for-past-temporal-goals/bin/fd_wrapper -d data/deterministic/blocksworld/domain.pddl -p data/deterministic/blocksworld/p-032.pddl --algorithm astar --heuristic ff --working-dir results/experiment-2-blocksworld-det/fd-ff/p-032
p-033	timeout	 -1.000000	 -1.000000	300.002865	None	/home/francesco/Projects/planning-for-past-temporal-goals/bin/fd_wrapper -d data/deterministic/blocksworld/domain.pddl -p data/deterministic/blocksworld/p-033.pddl --algorithm astar --heuristic ff --working-dir results/experiment-2-blocksworld-det/fd-ff/p-033
p-034	timeout	 -1.000000	 -1.000000	300.002975	None	/home/francesco/Projects/planning-for-past-temporal-goals/bin/fd_wrapper -d data/deterministic/blocksworld/domain.pddl -p data/deterministic/blocksworld/p-034.pddl --algorithm astar --heuristic ff --working-dir results/experiment-2-blocksworld-det/fd-ff/p-034
p-035	timeout	 -1.000000	 -1.000000	300.002976	None	/home/francesco/Projects/planning-for-past-temporal-goals/bin/fd_wrapper -d data/deterministic/blocksworld/domain.pddl -p data/deterministic/blocksworld/p-035.pddl --algorithm astar --heuristic ff --working-dir results/experiment-2-blocksworld-det/fd-ff/p-035
p-036	timeout	 -1.000000	 -1.000000	300.003443	None	/home/francesco/Projects/planning-for-past-temporal-goals/bin/fd_wrapper -d data/deterministic/blocksworld/domain.pddl -p data/deterministic/blocksworld/p-036.pddl --algorithm astar --heuristic ff --working-dir results/experiment-2-blocksworld-det/fd-ff/p-036
p-037	timeout	 -1.000000	 -1.000000	300.002942	None	/home/francesco/Projects/planning-for-past-temporal-goals/bin/fd_wrapper -d data/deterministic/blocksworld/domain.pddl -p data/deterministic/blocksworld/p-037.pddl --algorithm astar --heuristic ff --working-dir results/experiment-2-blocksworld-det/fd-ff/p-037
p-038	timeout	 -1.000000	 -1.000000	300.003343	None	/home/francesco/Projects/planning-for-past-temporal-goals/bin/fd_wrapper -d data/deterministic/blocksworld/domain.pddl -p data/deterministic/blocksworld/p-038.pddl --algorithm astar --heuristic ff --working-dir results/experiment-2-blocksworld-det/fd-ff/p-038
p-039	timeout	 -1.000000	 -1.000000	300.003077	None	/home/francesco/Projects/planning-for-past-temporal-goals/bin/fd_wrapper -d data/deterministic/blocksworld/domain.pddl -p data/deterministic/blocksworld/p-039.pddl --algorithm astar --heuristic ff --working-dir results/experiment-2-blocksworld-det/fd-ff/p-039
p-040	timeout	 -1.000000	 -1.000000	300.004948	None	/home/francesco/Projects/planning-for-past-temporal-goals/bin/fd_wrapper -d data/deterministic/blocksworld/domain.pddl -p data/deterministic/blocksworld/p-040.pddl --algorithm astar --heuristic ff --working-dir results/experiment-2-blocksworld-det/fd-ff/p-040
p-041	timeout	 -1.000000	 -1.000000	300.003360	None	/home/francesco/Projects/planning-for-past-temporal-goals/bin/fd_wrapper -d data/deterministic/blocksworld/domain.pddl -p data/deterministic/blocksworld/p-041.pddl --algorithm astar --heuristic ff --working-dir results/experiment-2-blocksworld-det/fd-ff/p-041
p-042	timeout	 -1.000000	 -1.000000	300.003166	None	/home/francesco/Projects/planning-for-past-temporal-goals/bin/fd_wrapper -d data/deterministic/blocksworld/domain.pddl -p data/deterministic/blocksworld/p-042.pddl --algorithm astar --heuristic ff --working-dir results/experiment-2-blocksworld-det/fd-ff/p-042
p-043	timeout	 -1.000000	 -1.000000	300.003196	None	/home/francesco/Projects/planning-for-past-temporal-goals/bin/fd_wrapper -d data/deterministic/blocksworld/domain.pddl -p data/deterministic/blocksworld/p-043.pddl --algorithm astar --heuristic ff --working-dir results/experiment-2-blocksworld-det/fd-ff/p-043
p-044	timeout	 -1.000000	 -1.000000	300.003288	None	/home/francesco/Projects/planning-for-past-temporal-goals/bin/fd_wrapper -d data/deterministic/blocksworld/domain.pddl -p data/deterministic/blocksworld/p-044.pddl --algorithm astar --heuristic ff --working-dir results/experiment-2-blocksworld-det/fd-ff/p-044
p-045	timeout	 -1.000000	 -1.000000	300.003335	None	/home/francesco/Projects/planning-for-past-temporal-goals/bin/fd_wrapper -d data/deterministic/blocksworld/domain.pddl -p data/deterministic/blocksworld/p-045.pddl --algorithm astar --heuristic ff --working-dir results/experiment-2-blocksworld-det/fd-ff/p-045
p-046	timeout	 -1.000000	 -1.000000	300.003320	None	/home/francesco/Projects/planning-for-past-temporal-goals/bin/fd_wrapper -d data/deterministic/blocksworld/domain.pddl -p data/deterministic/blocksworld/p-046.pddl --algorithm astar --heuristic ff --working-dir results/experiment-2-blocksworld-det/fd-ff/p-046
p-047	timeout	 -1.000000	 -1.000000	300.003379	None	/home/francesco/Projects/planning-for-past-temporal-goals/bin/fd_wrapper -d data/deterministic/blocksworld/domain.pddl -p data/deterministic/blocksworld/p-047.pddl --algorithm astar --heuristic ff --working-dir results/experiment-2-blocksworld-det/fd-ff/p-047
p-048	timeout	 -1.000000	 -1.000000	300.003253	None	/home/francesco/Projects/planning-for-past-temporal-goals/bin/fd_wrapper -d data/deterministic/blocksworld/domain.pddl -p data/deterministic/blocksworld/p-048.pddl --algorithm astar --heuristic ff --working-dir results/experiment-2-blocksworld-det/fd-ff/p-048
p-049	timeout	 -1.000000	 -1.000000	300.003249	None	/home/francesco/Projects/planning-for-past-temporal-goals/bin/fd_wrapper -d data/deterministic/blocksworld/domain.pddl -p data/deterministic/blocksworld/p-049.pddl --algorithm astar --heuristic ff --working-dir results/experiment-2-blocksworld-det/fd-ff/p-049
p-050	timeout	 -1.000000	 -1.000000	300.003606	None	/home/francesco/Projects/planning-for-past-temporal-goals/bin/fd_wrapper -d data/deterministic/blocksworld/domain.pddl -p data/deterministic/blocksworld/p-050.pddl --algorithm astar --heuristic ff --working-dir results/experiment-2-blocksworld-det/fd-ff/p-050
p-051	timeout	 -1.000000	 -1.000000	300.003685	None	/home/francesco/Projects/planning-for-past-temporal-goals/bin/fd_wrapper -d data/deterministic/blocksworld/domain.pddl -p data/deterministic/blocksworld/p-051.pddl --algorithm astar --heuristic ff --working-dir results/experiment-2-blocksworld-det/fd-ff/p-051
p-052	timeout	 -1.000000	 -1.000000	300.003005	None	/home/francesco/Projects/planning-for-past-temporal-goals/bin/fd_wrapper -d data/deterministic/blocksworld/domain.pddl -p data/deterministic/blocksworld/p-052.pddl --algorithm astar --heuristic ff --working-dir results/experiment-2-blocksworld-det/fd-ff/p-052
p-053	timeout	 -1.000000	 -1.000000	300.003212	None	/home/francesco/Projects/planning-for-past-temporal-goals/bin/fd_wrapper -d data/deterministic/blocksworld/domain.pddl -p data/deterministic/blocksworld/p-053.pddl --algorithm astar --heuristic ff --working-dir results/experiment-2-blocksworld-det/fd-ff/p-053
p-054	timeout	 -1.000000	 -1.000000	300.003968	None	/home/francesco/Projects/planning-for-past-temporal-goals/bin/fd_wrapper -d data/deterministic/blocksworld/domain.pddl -p data/deterministic/blocksworld/p-054.pddl --algorithm astar --heuristic ff --working-dir results/experiment-2-blocksworld-det/fd-ff/p-054
p-055	timeout	 -1.000000	 -1.000000	300.003296	None	/home/francesco/Projects/planning-for-past-temporal-goals/bin/fd_wrapper -d data/deterministic/blocksworld/domain.pddl -p data/deterministic/blocksworld/p-055.pddl --algorithm astar --heuristic ff --working-dir results/experiment-2-blocksworld-det/fd-ff/p-055
p-056	timeout	 -1.000000	 -1.000000	300.003286	None	/home/francesco/Projects/planning-for-past-temporal-goals/bin/fd_wrapper -d data/deterministic/blocksworld/domain.pddl -p data/deterministic/blocksworld/p-056.pddl --algorithm astar --heuristic ff --working-dir results/experiment-2-blocksworld-det/fd-ff/p-056
p-057	timeout	 -1.000000	 -1.000000	300.003264	None	/home/francesco/Projects/planning-for-past-temporal-goals/bin/fd_wrapper -d data/deterministic/blocksworld/domain.pddl -p data/deterministic/blocksworld/p-057.pddl --algorithm astar --heuristic ff --working-dir results/experiment-2-blocksworld-det/fd-ff/p-057
p-058	timeout	 -1.000000	 -1.000000	300.003232	None	/home/francesco/Projects/planning-for-past-temporal-goals/bin/fd_wrapper -d data/deterministic/blocksworld/domain.pddl -p data/deterministic/blocksworld/p-058.pddl --algorithm astar --heuristic ff --working-dir results/experiment-2-blocksworld-det/fd-ff/p-058
p-059	timeout	 -1.000000	 -1.000000	300.003298	None	/home/francesco/Projects/planning-for-past-temporal-goals/bin/fd_wrapper -d data/deterministic/blocksworld/domain.pddl -p data/deterministic/blocksworld/p-059.pddl --algorithm astar --heuristic ff --working-dir results/experiment-2-blocksworld-det/fd-ff/p-059
p-060	timeout	 -1.000000	 -1.000000	300.003236	None	/home/francesco/Projects/planning-for-past-temporal-goals/bin/fd_wrapper -d data/deterministic/blocksworld/domain.pddl -p data/deterministic/blocksworld/p-060.pddl --algorithm astar --heuristic ff --working-dir results/experiment-2-blocksworld-det/fd-ff/p-060
p-061	timeout	 -1.000000	 -1.000000	300.003090	None	/home/francesco/Projects/planning-for-past-temporal-goals/bin/fd_wrapper -d data/deterministic/blocksworld/domain.pddl -p data/deterministic/blocksworld/p-061.pddl --algorithm astar --heuristic ff --working-dir results/experiment-2-blocksworld-det/fd-ff/p-061
p-062	timeout	 -1.000000	 -1.000000	300.003039	None	/home/francesco/Projects/planning-for-past-temporal-goals/bin/fd_wrapper -d data/deterministic/blocksworld/domain.pddl -p data/deterministic/blocksworld/p-062.pddl --algorithm astar --heuristic ff --working-dir results/experiment-2-blocksworld-det/fd-ff/p-062
p-063	timeout	 -1.000000	 -1.000000	300.003063	None	/home/francesco/Projects/planning-for-past-temporal-goals/bin/fd_wrapper -d data/deterministic/blocksworld/domain.pddl -p data/deterministic/blocksworld/p-063.pddl --algorithm astar --heuristic ff --working-dir results/experiment-2-blocksworld-det/fd-ff/p-063
p-064	timeout	 -1.000000	 -1.000000	300.003024	None	/home/francesco/Projects/planning-for-past-temporal-goals/bin/fd_wrapper -d data/deterministic/blocksworld/domain.pddl -p data/deterministic/blocksworld/p-064.pddl --algorithm astar --heuristic ff --working-dir results/experiment-2-blocksworld-det/fd-ff/p-064
p-065	timeout	 -1.000000	 -1.000000	300.014118	None	/home/francesco/Projects/planning-for-past-temporal-goals/bin/fd_wrapper -d data/deterministic/blocksworld/domain.pddl -p data/deterministic/blocksworld/p-065.pddl --algorithm astar --heuristic ff --working-dir results/experiment-2-blocksworld-det/fd-ff/p-065
p-066	timeout	 -1.000000	 -1.000000	300.003335	None	/home/francesco/Projects/planning-for-past-temporal-goals/bin/fd_wrapper -d data/deterministic/blocksworld/domain.pddl -p data/deterministic/blocksworld/p-066.pddl --algorithm astar --heuristic ff --working-dir results/experiment-2-blocksworld-det/fd-ff/p-066
p-067	timeout	 -1.000000	 -1.000000	300.002782	None	/home/francesco/Projects/planning-for-past-temporal-goals/bin/fd_wrapper -d data/deterministic/blocksworld/domain.pddl -p data/deterministic/blocksworld/p-067.pddl --algorithm astar --heuristic ff --working-dir results/experiment-2-blocksworld-det/fd-ff/p-067
p-068	timeout	 -1.000000	 -1.000000	300.085320	None	/home/francesco/Projects/planning-for-past-temporal-goals/bin/fd_wrapper -d data/deterministic/blocksworld/domain.pddl -p data/deterministic/blocksworld/p-068.pddl --algorithm astar --heuristic ff --working-dir results/experiment-2-blocksworld-det/fd-ff/p-068
p-069	timeout	 -1.000000	 -1.000000	300.003095	None	/home/francesco/Projects/planning-for-past-temporal-goals/bin/fd_wrapper -d data/deterministic/blocksworld/domain.pddl -p data/deterministic/blocksworld/p-069.pddl --algorithm astar --heuristic ff --working-dir results/experiment-2-blocksworld-det/fd-ff/p-069
p-070	timeout	 -1.000000	 -1.000000	300.003387	None	/home/francesco/Projects/planning-for-past-temporal-goals/bin/fd_wrapper -d data/deterministic/blocksworld/domain.pddl -p data/deterministic/blocksworld/p-070.pddl --algorithm astar --heuristic ff --working-dir results/experiment-2-blocksworld-det/fd-ff/p-070
p-071	timeout	 -1.000000	 -1.000000	300.002951	None	/home/francesco/Projects/planning-for-past-temporal-goals/bin/fd_wrapper -d data/deterministic/blocksworld/domain.pddl -p data/deterministic/blocksworld/p-071.pddl --algorithm astar --heuristic ff --working-dir results/experiment-2-blocksworld-det/fd-ff/p-071
p-072	timeout	 -1.000000	 -1.000000	300.002918	None	/home/francesco/Projects/planning-for-past-temporal-goals/bin/fd_wrapper -d data/deterministic/blocksworld/domain.pddl -p data/deterministic/blocksworld/p-072.pddl --algorithm astar --heuristic ff --working-dir results/experiment-2-blocksworld-det/fd-ff/p-072
p-073	timeout	 -1.000000	 -1.000000	300.002913	None	/home/francesco/Projects/planning-for-past-temporal-goals/bin/fd_wrapper -d data/deterministic/blocksworld/domain.pddl -p data/deterministic/blocksworld/p-073.pddl --algorithm astar --heuristic ff --working-dir results/experiment-2-blocksworld-det/fd-ff/p-073
p-074	timeout	 -1.000000	 -1.000000	300.003021	None	/home/francesco/Projects/planning-for-past-temporal-goals/bin/fd_wrapper -d data/deterministic/blocksworld/domain.pddl -p data/deterministic/blocksworld/p-074.pddl --algorithm astar --heuristic ff --working-dir results/experiment-2-blocksworld-det/fd-ff/p-074
p-075	timeout	 -1.000000	 -1.000000	300.002921	None	/home/francesco/Projects/planning-for-past-temporal-goals/bin/fd_wrapper -d data/deterministic/blocksworld/domain.pddl -p data/deterministic/blocksworld/p-075.pddl --algorithm astar --heuristic ff --working-dir results/experiment-2-blocksworld-det/fd-ff/p-075
p-076	timeout	 -1.000000	 -1.000000	300.002940	None	/home/francesco/Projects/planning-for-past-temporal-goals/bin/fd_wrapper -d data/deterministic/blocksworld/domain.pddl -p data/deterministic/blocksworld/p-076.pddl --algorithm astar --heuristic ff --working-dir results/experiment-2-blocksworld-det/fd-ff/p-076
p-077	timeout	 -1.000000	 -1.000000	300.003099	None	/home/francesco/Projects/planning-for-past-temporal-goals/bin/fd_wrapper -d data/deterministic/blocksworld/domain.pddl -p data/deterministic/blocksworld/p-077.pddl --algorithm astar --heuristic ff --working-dir results/experiment-2-blocksworld-det/fd-ff/p-077
p-078	timeout	 -1.000000	 -1.000000	300.002998	None	/home/francesco/Projects/planning-for-past-temporal-goals/bin/fd_wrapper -d data/deterministic/blocksworld/domain.pddl -p data/deterministic/blocksworld/p-078.pddl --algorithm astar --heuristic ff --working-dir results/experiment-2-blocksworld-det/fd-ff/p-078
p-079	timeout	 -1.000000	 -1.000000	300.003043	None	/home/francesco/Projects/planning-for-past-temporal-goals/bin/fd_wrapper -d data/deterministic/blocksworld/domain.pddl -p data/deterministic/blocksworld/p-079.pddl --algorithm astar --heuristic ff --working-dir results/experiment-2-blocksworld-det/fd-ff/p-079
p-080	timeout	 -1.000000	 -1.000000	300.003082	None	/home/francesco/Projects/planning-for-past-temporal-goals/bin/fd_wrapper -d data/deterministic/blocksworld/domain.pddl -p data/deterministic/blocksworld/p-080.pddl --algorithm astar --heuristic ff --working-dir results/experiment-2-blocksworld-det/fd-ff/p-080
p-081	timeout	 -1.000000	 -1.000000	300.002941	None	/home/francesco/Projects/planning-for-past-temporal-goals/bin/fd_wrapper -d data/deterministic/blocksworld/domain.pddl -p data/deterministic/blocksworld/p-081.pddl --algorithm astar --heuristic ff --working-dir results/experiment-2-blocksworld-det/fd-ff/p-081
p-082	timeout	 -1.000000	 -1.000000	300.003212	None	/home/francesco/Projects/planning-for-past-temporal-goals/bin/fd_wrapper -d data/deterministic/blocksworld/domain.pddl -p data/deterministic/blocksworld/p-082.pddl --algorithm astar --heuristic ff --working-dir results/experiment-2-blocksworld-det/fd-ff/p-082
p-083	timeout	 -1.000000	 -1.000000	300.003094	None	/home/francesco/Projects/planning-for-past-temporal-goals/bin/fd_wrapper -d data/deterministic/blocksworld/domain.pddl -p data/deterministic/blocksworld/p-083.pddl --algorithm astar --heuristic ff --working-dir results/experiment-2-blocksworld-det/fd-ff/p-083
p-084	timeout	 -1.000000	 -1.000000	300.002916	None	/home/francesco/Projects/planning-for-past-temporal-goals/bin/fd_wrapper -d data/deterministic/blocksworld/domain.pddl -p data/deterministic/blocksworld/p-084.pddl --algorithm astar --heuristic ff --working-dir results/experiment-2-blocksworld-det/fd-ff/p-084
p-085	timeout	 -1.000000	 -1.000000	300.004213	None	/home/francesco/Projects/planning-for-past-temporal-goals/bin/fd_wrapper -d data/deterministic/blocksworld/domain.pddl -p data/deterministic/blocksworld/p-085.pddl --algorithm astar --heuristic ff --working-dir results/experiment-2-blocksworld-det/fd-ff/p-085
p-086	timeout	 -1.000000	 -1.000000	300.003451	None	/home/francesco/Projects/planning-for-past-temporal-goals/bin/fd_wrapper -d data/deterministic/blocksworld/domain.pddl -p data/deterministic/blocksworld/p-086.pddl --algorithm astar --heuristic ff --working-dir results/experiment-2-blocksworld-det/fd-ff/p-086
p-087	timeout	 -1.000000	 -1.000000	300.003373	None	/home/francesco/Projects/planning-for-past-temporal-goals/bin/fd_wrapper -d data/deterministic/blocksworld/domain.pddl -p data/deterministic/blocksworld/p-087.pddl --algorithm astar --heuristic ff --working-dir results/experiment-2-blocksworld-det/fd-ff/p-087
p-088	timeout	 -1.000000	 -1.000000	300.003067	None	/home/francesco/Projects/planning-for-past-temporal-goals/bin/fd_wrapper -d data/deterministic/blocksworld/domain.pddl -p data/deterministic/blocksworld/p-088.pddl --algorithm astar --heuristic ff --working-dir results/experiment-2-blocksworld-det/fd-ff/p-088
p-089	timeout	 -1.000000	 -1.000000	300.003150	None	/home/francesco/Projects/planning-for-past-temporal-goals/bin/fd_wrapper -d data/deterministic/blocksworld/domain.pddl -p data/deterministic/blocksworld/p-089.pddl --algorithm astar --heuristic ff --working-dir results/experiment-2-blocksworld-det/fd-ff/p-089
p-090	timeout	 -1.000000	 -1.000000	300.002884	None	/home/francesco/Projects/planning-for-past-temporal-goals/bin/fd_wrapper -d data/deterministic/blocksworld/domain.pddl -p data/deterministic/blocksworld/p-090.pddl --algorithm astar --heuristic ff --working-dir results/experiment-2-blocksworld-det/fd-ff/p-090
p-091	timeout	 -1.000000	 -1.000000	300.003007	None	/home/francesco/Projects/planning-for-past-temporal-goals/bin/fd_wrapper -d data/deterministic/blocksworld/domain.pddl -p data/deterministic/blocksworld/p-091.pddl --algorithm astar --heuristic ff --working-dir results/experiment-2-blocksworld-det/fd-ff/p-091
p-092	timeout	 -1.000000	 -1.000000	300.003197	None	/home/francesco/Projects/planning-for-past-temporal-goals/bin/fd_wrapper -d data/deterministic/blocksworld/domain.pddl -p data/deterministic/blocksworld/p-092.pddl --algorithm astar --heuristic ff --working-dir results/experiment-2-blocksworld-det/fd-ff/p-092
p-093	timeout	 -1.000000	 -1.000000	300.002901	None	/home/francesco/Projects/planning-for-past-temporal-goals/bin/fd_wrapper -d data/deterministic/blocksworld/domain.pddl -p data/deterministic/blocksworld/p-093.pddl --algorithm astar --heuristic ff --working-dir results/experiment-2-blocksworld-det/fd-ff/p-093
p-094	timeout	 -1.000000	 -1.000000	300.003135	None	/home/francesco/Projects/planning-for-past-temporal-goals/bin/fd_wrapper -d data/deterministic/blocksworld/domain.pddl -p data/deterministic/blocksworld/p-094.pddl --algorithm astar --heuristic ff --working-dir results/experiment-2-blocksworld-det/fd-ff/p-094
p-095	timeout	 -1.000000	 -1.000000	300.002931	None	/home/francesco/Projects/planning-for-past-temporal-goals/bin/fd_wrapper -d data/deterministic/blocksworld/domain.pddl -p data/deterministic/blocksworld/p-095.pddl --algorithm astar --heuristic ff --working-dir results/experiment-2-blocksworld-det/fd-ff/p-095
p-096	timeout	 -1.000000	 -1.000000	300.003073	None	/home/francesco/Projects/planning-for-past-temporal-goals/bin/fd_wrapper -d data/deterministic/blocksworld/domain.pddl -p data/deterministic/blocksworld/p-096.pddl --algorithm astar --heuristic ff --working-dir results/experiment-2-blocksworld-det/fd-ff/p-096
p-097	timeout	 -1.000000	 -1.000000	300.003070	None	/home/francesco/Projects/planning-for-past-temporal-goals/bin/fd_wrapper -d data/deterministic/blocksworld/domain.pddl -p data/deterministic/blocksworld/p-097.pddl --algorithm astar --heuristic ff --working-dir results/experiment-2-blocksworld-det/fd-ff/p-097
p-098	timeout	 -1.000000	 -1.000000	300.003155	None	/home/francesco/Projects/planning-for-past-temporal-goals/bin/fd_wrapper -d data/deterministic/blocksworld/domain.pddl -p data/deterministic/blocksworld/p-098.pddl --algorithm astar --heuristic ff --working-dir results/experiment-2-blocksworld-det/fd-ff/p-098
p-099	timeout	 -1.000000	 -1.000000	300.003123	None	/home/francesco/Projects/planning-for-past-temporal-goals/bin/fd_wrapper -d data/deterministic/blocksworld/domain.pddl -p data/deterministic/blocksworld/p-099.pddl --algorithm astar --heuristic ff --working-dir results/experiment-2-blocksworld-det/fd-ff/p-099
p-100	timeout	 -1.000000	 -1.000000	300.002942	None	/home/francesco/Projects/planning-for-past-temporal-goals/bin/fd_wrapper -d data/deterministic/blocksworld/domain.pddl -p data/deterministic/blocksworld/p-100.pddl --algorithm astar --heuristic ff --working-dir results/experiment-2-blocksworld-det/fd-ff/p-100
p-101	timeout	 -1.000000	 -1.000000	300.002826	None	/home/francesco/Projects/planning-for-past-temporal-goals/bin/fd_wrapper -d data/deterministic/blocksworld/domain.pddl -p data/deterministic/blocksworld/p-101.pddl --algorithm astar --heuristic ff --working-dir results/experiment-2-blocksworld-det/fd-ff/p-101
p-102	timeout	 -1.000000	 -1.000000	300.002827	None	/home/francesco/Projects/planning-for-past-temporal-goals/bin/fd_wrapper -d data/deterministic/blocksworld/domain.pddl -p data/deterministic/blocksworld/p-102.pddl --algorithm astar --heuristic ff --working-dir results/experiment-2-blocksworld-det/fd-ff/p-102
