name	status	time_compilation	time_tool	time_end2end	nb_node_expanded	command
p02	success	  0.619862	  0.002732	  0.834438	52	/home/anonymousauthor/Projects/planning-for-past-temporal-goals/bin/fond4ltlfpltlf_wrapper -t fd -d experiment-1b-elevator/domain.pddl -p experiment-1b-elevator/p02.pddl -g O(served_p0) & O(served_p1) --working-dir experiment-1b-elevator/f4lp-fd-ff/p02 --algorithm astar --heuristic ff
p03	success	  0.629012	  0.004637	  1.604116	297	/home/anonymousauthor/Projects/planning-for-past-temporal-goals/bin/fond4ltlfpltlf_wrapper -t fd -d experiment-1b-elevator/domain.pddl -p experiment-1b-elevator/p03.pddl -g O(served_p0) & O(served_p1) & O(served_p2) --working-dir experiment-1b-elevator/f4lp-fd-ff/p03 --algorithm astar --heuristic ff
p04	success	  0.635395	  0.037077	114.018715	1750	/home/anonymousauthor/Projects/planning-for-past-temporal-goals/bin/fond4ltlfpltlf_wrapper -t fd -d experiment-1b-elevator/domain.pddl -p experiment-1b-elevator/p04.pddl -g O(served_p0) & O(served_p1) & O(served_p2) & O(served_p3) --working-dir experiment-1b-elevator/f4lp-fd-ff/p04 --algorithm astar --heuristic ff
p05	success	  0.697037	  0.888100	137.316475	9552	/home/anonymousauthor/Projects/planning-for-past-temporal-goals/bin/fond4ltlfpltlf_wrapper -t fd -d experiment-1b-elevator/domain.pddl -p experiment-1b-elevator/p05.pddl -g O(served_p0) & O(served_p1) & O(served_p2) & O(served_p3) & O(served_p4) --working-dir experiment-1b-elevator/f4lp-fd-ff/p05 --algorithm astar --heuristic ff
p06	success	  0.822029	 30.998000	298.566850	51102	/home/anonymousauthor/Projects/planning-for-past-temporal-goals/bin/fond4ltlfpltlf_wrapper -t fd -d experiment-1b-elevator/domain.pddl -p experiment-1b-elevator/p06.pddl -g O(served_p0) & O(served_p1) & O(served_p2) & O(served_p3) & O(served_p4) & O(served_p5) --working-dir experiment-1b-elevator/f4lp-fd-ff/p06 --algorithm astar --heuristic ff
p07	timeout	 -1.000000	 -1.000000	300.003536	None	/home/anonymousauthor/Projects/planning-for-past-temporal-goals/bin/fond4ltlfpltlf_wrapper -t fd -d experiment-1b-elevator/domain.pddl -p experiment-1b-elevator/p07.pddl -g O(served_p0) & O(served_p1) & O(served_p2) & O(served_p3) & O(served_p4) & O(served_p5) & O(served_p6) --working-dir experiment-1b-elevator/f4lp-fd-ff/p07 --algorithm astar --heuristic ff
