name	status	time_compilation	time_tool	time_end2end	nb_node_expanded	command
p03	success	  0.090445	  0.002680	  0.342788	10	/home/marcofavorito/planning-for-past-temporal-goals/bin/ltlfond2fond_wrapper -t fd -d experiment-1a-blocksworld-det/domain.pddl -p experiment-1a-blocksworld-det/p03.pddl -g F("on b2 b3"&X(F("on b1 b2"))) --working-dir experiment-1a-blocksworld-det/lf2f-fd-ff/p03 --algorithm astar --heuristic ff
p04	success	  0.094716	  0.003199	  0.390279	8	/home/marcofavorito/planning-for-past-temporal-goals/bin/ltlfond2fond_wrapper -t fd -d experiment-1a-blocksworld-det/domain.pddl -p experiment-1a-blocksworld-det/p04.pddl -g F("on b2 b3"&X(F("on b1 b2"))) --working-dir experiment-1a-blocksworld-det/lf2f-fd-ff/p04 --algorithm astar --heuristic ff
p05	success	  0.091823	  0.004104	  0.447737	8	/home/marcofavorito/planning-for-past-temporal-goals/bin/ltlfond2fond_wrapper -t fd -d experiment-1a-blocksworld-det/domain.pddl -p experiment-1a-blocksworld-det/p05.pddl -g F("on b2 b3"&X(F("on b1 b2"))) --working-dir experiment-1a-blocksworld-det/lf2f-fd-ff/p05 --algorithm astar --heuristic ff
p06	success	  0.094246	  0.005577	  0.544823	8	/home/marcofavorito/planning-for-past-temporal-goals/bin/ltlfond2fond_wrapper -t fd -d experiment-1a-blocksworld-det/domain.pddl -p experiment-1a-blocksworld-det/p06.pddl -g F("on b2 b3"&X(F("on b1 b2"))) --working-dir experiment-1a-blocksworld-det/lf2f-fd-ff/p06 --algorithm astar --heuristic ff
p07	success	  0.091124	  0.007290	  0.644273	8	/home/marcofavorito/planning-for-past-temporal-goals/bin/ltlfond2fond_wrapper -t fd -d experiment-1a-blocksworld-det/domain.pddl -p experiment-1a-blocksworld-det/p07.pddl -g F("on b2 b3"&X(F("on b1 b2"))) --working-dir experiment-1a-blocksworld-det/lf2f-fd-ff/p07 --algorithm astar --heuristic ff
p08	success	  0.093187	  0.010106	  0.808026	8	/home/marcofavorito/planning-for-past-temporal-goals/bin/ltlfond2fond_wrapper -t fd -d experiment-1a-blocksworld-det/domain.pddl -p experiment-1a-blocksworld-det/p08.pddl -g F("on b2 b3"&X(F("on b1 b2"))) --working-dir experiment-1a-blocksworld-det/lf2f-fd-ff/p08 --algorithm astar --heuristic ff
p09	success	  0.091005	  0.013535	  0.990734	8	/home/marcofavorito/planning-for-past-temporal-goals/bin/ltlfond2fond_wrapper -t fd -d experiment-1a-blocksworld-det/domain.pddl -p experiment-1a-blocksworld-det/p09.pddl -g F("on b2 b3"&X(F("on b1 b2"))) --working-dir experiment-1a-blocksworld-det/lf2f-fd-ff/p09 --algorithm astar --heuristic ff
p10	success	  0.092642	  0.017033	  1.223012	7	/home/marcofavorito/planning-for-past-temporal-goals/bin/ltlfond2fond_wrapper -t fd -d experiment-1a-blocksworld-det/domain.pddl -p experiment-1a-blocksworld-det/p10.pddl -g F("on b2 b3"&X(F("on b1 b2"))) --working-dir experiment-1a-blocksworld-det/lf2f-fd-ff/p10 --algorithm astar --heuristic ff
p11	success	  0.090839	  0.021945	  1.518376	7	/home/marcofavorito/planning-for-past-temporal-goals/bin/ltlfond2fond_wrapper -t fd -d experiment-1a-blocksworld-det/domain.pddl -p experiment-1a-blocksworld-det/p11.pddl -g F("on b2 b3"&X(F("on b1 b2"))) --working-dir experiment-1a-blocksworld-det/lf2f-fd-ff/p11 --algorithm astar --heuristic ff
p12	success	  0.092696	  0.028086	  1.898481	7	/home/marcofavorito/planning-for-past-temporal-goals/bin/ltlfond2fond_wrapper -t fd -d experiment-1a-blocksworld-det/domain.pddl -p experiment-1a-blocksworld-det/p12.pddl -g F("on b2 b3"&X(F("on b1 b2"))) --working-dir experiment-1a-blocksworld-det/lf2f-fd-ff/p12 --algorithm astar --heuristic ff
p13	success	  0.094801	  0.034808	  2.326092	7	/home/marcofavorito/planning-for-past-temporal-goals/bin/ltlfond2fond_wrapper -t fd -d experiment-1a-blocksworld-det/domain.pddl -p experiment-1a-blocksworld-det/p13.pddl -g F("on b2 b3"&X(F("on b1 b2"))) --working-dir experiment-1a-blocksworld-det/lf2f-fd-ff/p13 --algorithm astar --heuristic ff
p14	success	  0.091129	  0.045176	  2.851738	7	/home/marcofavorito/planning-for-past-temporal-goals/bin/ltlfond2fond_wrapper -t fd -d experiment-1a-blocksworld-det/domain.pddl -p experiment-1a-blocksworld-det/p14.pddl -g F("on b2 b3"&X(F("on b1 b2"))) --working-dir experiment-1a-blocksworld-det/lf2f-fd-ff/p14 --algorithm astar --heuristic ff
p15	success	  0.095643	  0.055269	  3.459616	7	/home/marcofavorito/planning-for-past-temporal-goals/bin/ltlfond2fond_wrapper -t fd -d experiment-1a-blocksworld-det/domain.pddl -p experiment-1a-blocksworld-det/p15.pddl -g F("on b2 b3"&X(F("on b1 b2"))) --working-dir experiment-1a-blocksworld-det/lf2f-fd-ff/p15 --algorithm astar --heuristic ff
p16	success	  0.098844	  0.065625	  4.046971	7	/home/marcofavorito/planning-for-past-temporal-goals/bin/ltlfond2fond_wrapper -t fd -d experiment-1a-blocksworld-det/domain.pddl -p experiment-1a-blocksworld-det/p16.pddl -g F("on b2 b3"&X(F("on b1 b2"))) --working-dir experiment-1a-blocksworld-det/lf2f-fd-ff/p16 --algorithm astar --heuristic ff
p17	success	  0.089326	  0.080655	  4.846667	7	/home/marcofavorito/planning-for-past-temporal-goals/bin/ltlfond2fond_wrapper -t fd -d experiment-1a-blocksworld-det/domain.pddl -p experiment-1a-blocksworld-det/p17.pddl -g F("on b2 b3"&X(F("on b1 b2"))) --working-dir experiment-1a-blocksworld-det/lf2f-fd-ff/p17 --algorithm astar --heuristic ff
p18	success	  0.096659	  0.102375	  5.830897	7	/home/marcofavorito/planning-for-past-temporal-goals/bin/ltlfond2fond_wrapper -t fd -d experiment-1a-blocksworld-det/domain.pddl -p experiment-1a-blocksworld-det/p18.pddl -g F("on b2 b3"&X(F("on b1 b2"))) --working-dir experiment-1a-blocksworld-det/lf2f-fd-ff/p18 --algorithm astar --heuristic ff
p19	success	  0.093620	  0.121592	  6.536001	7	/home/marcofavorito/planning-for-past-temporal-goals/bin/ltlfond2fond_wrapper -t fd -d experiment-1a-blocksworld-det/domain.pddl -p experiment-1a-blocksworld-det/p19.pddl -g F("on b2 b3"&X(F("on b1 b2"))) --working-dir experiment-1a-blocksworld-det/lf2f-fd-ff/p19 --algorithm astar --heuristic ff
p20	success	  0.091508	  0.150586	  7.756233	7	/home/marcofavorito/planning-for-past-temporal-goals/bin/ltlfond2fond_wrapper -t fd -d experiment-1a-blocksworld-det/domain.pddl -p experiment-1a-blocksworld-det/p20.pddl -g F("on b2 b3"&X(F("on b1 b2"))) --working-dir experiment-1a-blocksworld-det/lf2f-fd-ff/p20 --algorithm astar --heuristic ff
