name	status	time_compilation	time_tool	time_end2end	nb_node_expanded	command
p02	success	  0.684122	  0.463655	  1.147777	5	/home/francesco/Projects/planning-for-past-temporal-goals/bin/fond4ltlfpltlf_wrapper -t mynd -d experiment-1b-blocksworld-nondet/domain.pddl -p experiment-1b-blocksworld-nondet/p02.pddl -g O(on_b1_b2) --working-dir experiment-1b-blocksworld-nondet/f4lp-mynd-sc-ff/p02 --algorithm laostar --heuristic ff
p03	success	  0.666986	  0.527398	  1.194384	21	/home/francesco/Projects/planning-for-past-temporal-goals/bin/fond4ltlfpltlf_wrapper -t mynd -d experiment-1b-blocksworld-nondet/domain.pddl -p experiment-1b-blocksworld-nondet/p03.pddl -g O(on_b1_b2 & Y(O(on_b2_b3))) --working-dir experiment-1b-blocksworld-nondet/f4lp-mynd-sc-ff/p03 --algorithm laostar --heuristic ff
p04	success	  0.642543	  1.064218	  1.706761	274	/home/francesco/Projects/planning-for-past-temporal-goals/bin/fond4ltlfpltlf_wrapper -t mynd -d experiment-1b-blocksworld-nondet/domain.pddl -p experiment-1b-blocksworld-nondet/p04.pddl -g O(on_b1_b2 & Y(O(on_b2_b3 & Y(O(on_b3_b4))))) --working-dir experiment-1b-blocksworld-nondet/f4lp-mynd-sc-ff/p04 --algorithm laostar --heuristic ff
p05	success	  0.639540	  1.642786	  2.282326	500	/home/francesco/Projects/planning-for-past-temporal-goals/bin/fond4ltlfpltlf_wrapper -t mynd -d experiment-1b-blocksworld-nondet/domain.pddl -p experiment-1b-blocksworld-nondet/p05.pddl -g O(on_b1_b2 & Y(O(on_b2_b3 & Y(O(on_b3_b4 & Y(O(on_b4_b5))))))) --working-dir experiment-1b-blocksworld-nondet/f4lp-mynd-sc-ff/p05 --algorithm laostar --heuristic ff
p06	timeout	 -1.000000	 -1.000000	300.005185	None	/home/francesco/Projects/planning-for-past-temporal-goals/bin/fond4ltlfpltlf_wrapper -t mynd -d experiment-1b-blocksworld-nondet/domain.pddl -p experiment-1b-blocksworld-nondet/p06.pddl -g O(on_b1_b2 & Y(O(on_b2_b3 & Y(O(on_b3_b4 & Y(O(on_b4_b5 & Y(O(on_b5_b6))))))))) --working-dir experiment-1b-blocksworld-nondet/f4lp-mynd-sc-ff/p06 --algorithm laostar --heuristic ff
p07	success	  0.670486	 17.668179	 18.338665	2240	/home/francesco/Projects/planning-for-past-temporal-goals/bin/fond4ltlfpltlf_wrapper -t mynd -d experiment-1b-blocksworld-nondet/domain.pddl -p experiment-1b-blocksworld-nondet/p07.pddl -g O(on_b1_b2 & Y(O(on_b2_b3 & Y(O(on_b3_b4 & Y(O(on_b4_b5 & Y(O(on_b5_b6 & Y(O(on_b6_b7))))))))))) --working-dir experiment-1b-blocksworld-nondet/f4lp-mynd-sc-ff/p07 --algorithm laostar --heuristic ff
p08	timeout	 -1.000000	 -1.000000	300.004269	None	/home/francesco/Projects/planning-for-past-temporal-goals/bin/fond4ltlfpltlf_wrapper -t mynd -d experiment-1b-blocksworld-nondet/domain.pddl -p experiment-1b-blocksworld-nondet/p08.pddl -g O(on_b1_b2 & Y(O(on_b2_b3 & Y(O(on_b3_b4 & Y(O(on_b4_b5 & Y(O(on_b5_b6 & Y(O(on_b6_b7 & Y(O(on_b7_b8))))))))))))) --working-dir experiment-1b-blocksworld-nondet/f4lp-mynd-sc-ff/p08 --algorithm laostar --heuristic ff
p09	timeout	 -1.000000	 -1.000000	300.004044	None	/home/francesco/Projects/planning-for-past-temporal-goals/bin/fond4ltlfpltlf_wrapper -t mynd -d experiment-1b-blocksworld-nondet/domain.pddl -p experiment-1b-blocksworld-nondet/p09.pddl -g O(on_b1_b2 & Y(O(on_b2_b3 & Y(O(on_b3_b4 & Y(O(on_b4_b5 & Y(O(on_b5_b6 & Y(O(on_b6_b7 & Y(O(on_b7_b8 & Y(O(on_b8_b9))))))))))))))) --working-dir experiment-1b-blocksworld-nondet/f4lp-mynd-sc-ff/p09 --algorithm laostar --heuristic ff
p10	timeout	 -1.000000	 -1.000000	300.003975	None	/home/francesco/Projects/planning-for-past-temporal-goals/bin/fond4ltlfpltlf_wrapper -t mynd -d experiment-1b-blocksworld-nondet/domain.pddl -p experiment-1b-blocksworld-nondet/p10.pddl -g O(on_b1_b2 & Y(O(on_b2_b3 & Y(O(on_b3_b4 & Y(O(on_b4_b5 & Y(O(on_b5_b6 & Y(O(on_b6_b7 & Y(O(on_b7_b8 & Y(O(on_b8_b9 & Y(O(on_b9_b10))))))))))))))))) --working-dir experiment-1b-blocksworld-nondet/f4lp-mynd-sc-ff/p10 --algorithm laostar --heuristic ff
p11	timeout	 -1.000000	 -1.000000	300.004298	None	/home/francesco/Projects/planning-for-past-temporal-goals/bin/fond4ltlfpltlf_wrapper -t mynd -d experiment-1b-blocksworld-nondet/domain.pddl -p experiment-1b-blocksworld-nondet/p11.pddl -g O(on_b1_b2 & Y(O(on_b2_b3 & Y(O(on_b3_b4 & Y(O(on_b4_b5 & Y(O(on_b5_b6 & Y(O(on_b6_b7 & Y(O(on_b7_b8 & Y(O(on_b8_b9 & Y(O(on_b9_b10 & Y(O(on_b10_b11))))))))))))))))))) --working-dir experiment-1b-blocksworld-nondet/f4lp-mynd-sc-ff/p11 --algorithm laostar --heuristic ff
p12	timeout	 -1.000000	 -1.000000	300.004027	None	/home/francesco/Projects/planning-for-past-temporal-goals/bin/fond4ltlfpltlf_wrapper -t mynd -d experiment-1b-blocksworld-nondet/domain.pddl -p experiment-1b-blocksworld-nondet/p12.pddl -g O(on_b1_b2 & Y(O(on_b2_b3 & Y(O(on_b3_b4 & Y(O(on_b4_b5 & Y(O(on_b5_b6 & Y(O(on_b6_b7 & Y(O(on_b7_b8 & Y(O(on_b8_b9 & Y(O(on_b9_b10 & Y(O(on_b10_b11 & Y(O(on_b11_b12))))))))))))))))))))) --working-dir experiment-1b-blocksworld-nondet/f4lp-mynd-sc-ff/p12 --algorithm laostar --heuristic ff
p13	timeout	 -1.000000	 -1.000000	300.003597	None	/home/francesco/Projects/planning-for-past-temporal-goals/bin/fond4ltlfpltlf_wrapper -t mynd -d experiment-1b-blocksworld-nondet/domain.pddl -p experiment-1b-blocksworld-nondet/p13.pddl -g O(on_b1_b2 & Y(O(on_b2_b3 & Y(O(on_b3_b4 & Y(O(on_b4_b5 & Y(O(on_b5_b6 & Y(O(on_b6_b7 & Y(O(on_b7_b8 & Y(O(on_b8_b9 & Y(O(on_b9_b10 & Y(O(on_b10_b11 & Y(O(on_b11_b12 & Y(O(on_b12_b13))))))))))))))))))))))) --working-dir experiment-1b-blocksworld-nondet/f4lp-mynd-sc-ff/p13 --algorithm laostar --heuristic ff
p14	timeout	 -1.000000	 -1.000000	300.003317	None	/home/francesco/Projects/planning-for-past-temporal-goals/bin/fond4ltlfpltlf_wrapper -t mynd -d experiment-1b-blocksworld-nondet/domain.pddl -p experiment-1b-blocksworld-nondet/p14.pddl -g O(on_b1_b2 & Y(O(on_b2_b3 & Y(O(on_b3_b4 & Y(O(on_b4_b5 & Y(O(on_b5_b6 & Y(O(on_b6_b7 & Y(O(on_b7_b8 & Y(O(on_b8_b9 & Y(O(on_b9_b10 & Y(O(on_b10_b11 & Y(O(on_b11_b12 & Y(O(on_b12_b13 & Y(O(on_b13_b14))))))))))))))))))))))))) --working-dir experiment-1b-blocksworld-nondet/f4lp-mynd-sc-ff/p14 --algorithm laostar --heuristic ff
p15	timeout	 -1.000000	 -1.000000	300.003232	None	/home/francesco/Projects/planning-for-past-temporal-goals/bin/fond4ltlfpltlf_wrapper -t mynd -d experiment-1b-blocksworld-nondet/domain.pddl -p experiment-1b-blocksworld-nondet/p15.pddl -g O(on_b1_b2 & Y(O(on_b2_b3 & Y(O(on_b3_b4 & Y(O(on_b4_b5 & Y(O(on_b5_b6 & Y(O(on_b6_b7 & Y(O(on_b7_b8 & Y(O(on_b8_b9 & Y(O(on_b9_b10 & Y(O(on_b10_b11 & Y(O(on_b11_b12 & Y(O(on_b12_b13 & Y(O(on_b13_b14 & Y(O(on_b14_b15))))))))))))))))))))))))))) --working-dir experiment-1b-blocksworld-nondet/f4lp-mynd-sc-ff/p15 --algorithm laostar --heuristic ff
p16	timeout	 -1.000000	 -1.000000	300.003264	None	/home/francesco/Projects/planning-for-past-temporal-goals/bin/fond4ltlfpltlf_wrapper -t mynd -d experiment-1b-blocksworld-nondet/domain.pddl -p experiment-1b-blocksworld-nondet/p16.pddl -g O(on_b1_b2 & Y(O(on_b2_b3 & Y(O(on_b3_b4 & Y(O(on_b4_b5 & Y(O(on_b5_b6 & Y(O(on_b6_b7 & Y(O(on_b7_b8 & Y(O(on_b8_b9 & Y(O(on_b9_b10 & Y(O(on_b10_b11 & Y(O(on_b11_b12 & Y(O(on_b12_b13 & Y(O(on_b13_b14 & Y(O(on_b14_b15 & Y(O(on_b15_b16))))))))))))))))))))))))))))) --working-dir experiment-1b-blocksworld-nondet/f4lp-mynd-sc-ff/p16 --algorithm laostar --heuristic ff
p17	timeout	 -1.000000	 -1.000000	300.003184	None	/home/francesco/Projects/planning-for-past-temporal-goals/bin/fond4ltlfpltlf_wrapper -t mynd -d experiment-1b-blocksworld-nondet/domain.pddl -p experiment-1b-blocksworld-nondet/p17.pddl -g O(on_b1_b2 & Y(O(on_b2_b3 & Y(O(on_b3_b4 & Y(O(on_b4_b5 & Y(O(on_b5_b6 & Y(O(on_b6_b7 & Y(O(on_b7_b8 & Y(O(on_b8_b9 & Y(O(on_b9_b10 & Y(O(on_b10_b11 & Y(O(on_b11_b12 & Y(O(on_b12_b13 & Y(O(on_b13_b14 & Y(O(on_b14_b15 & Y(O(on_b15_b16 & Y(O(on_b16_b17))))))))))))))))))))))))))))))) --working-dir experiment-1b-blocksworld-nondet/f4lp-mynd-sc-ff/p17 --algorithm laostar --heuristic ff
p18	timeout	 -1.000000	 -1.000000	300.003258	None	/home/francesco/Projects/planning-for-past-temporal-goals/bin/fond4ltlfpltlf_wrapper -t mynd -d experiment-1b-blocksworld-nondet/domain.pddl -p experiment-1b-blocksworld-nondet/p18.pddl -g O(on_b1_b2 & Y(O(on_b2_b3 & Y(O(on_b3_b4 & Y(O(on_b4_b5 & Y(O(on_b5_b6 & Y(O(on_b6_b7 & Y(O(on_b7_b8 & Y(O(on_b8_b9 & Y(O(on_b9_b10 & Y(O(on_b10_b11 & Y(O(on_b11_b12 & Y(O(on_b12_b13 & Y(O(on_b13_b14 & Y(O(on_b14_b15 & Y(O(on_b15_b16 & Y(O(on_b16_b17 & Y(O(on_b17_b18))))))))))))))))))))))))))))))))) --working-dir experiment-1b-blocksworld-nondet/f4lp-mynd-sc-ff/p18 --algorithm laostar --heuristic ff
p19	timeout	 -1.000000	 -1.000000	300.003475	None	/home/francesco/Projects/planning-for-past-temporal-goals/bin/fond4ltlfpltlf_wrapper -t mynd -d experiment-1b-blocksworld-nondet/domain.pddl -p experiment-1b-blocksworld-nondet/p19.pddl -g O(on_b1_b2 & Y(O(on_b2_b3 & Y(O(on_b3_b4 & Y(O(on_b4_b5 & Y(O(on_b5_b6 & Y(O(on_b6_b7 & Y(O(on_b7_b8 & Y(O(on_b8_b9 & Y(O(on_b9_b10 & Y(O(on_b10_b11 & Y(O(on_b11_b12 & Y(O(on_b12_b13 & Y(O(on_b13_b14 & Y(O(on_b14_b15 & Y(O(on_b15_b16 & Y(O(on_b16_b17 & Y(O(on_b17_b18 & Y(O(on_b18_b19))))))))))))))))))))))))))))))))))) --working-dir experiment-1b-blocksworld-nondet/f4lp-mynd-sc-ff/p19 --algorithm laostar --heuristic ff
p20	timeout	 -1.000000	 -1.000000	300.003489	None	/home/francesco/Projects/planning-for-past-temporal-goals/bin/fond4ltlfpltlf_wrapper -t mynd -d experiment-1b-blocksworld-nondet/domain.pddl -p experiment-1b-blocksworld-nondet/p20.pddl -g O(on_b1_b2 & Y(O(on_b2_b3 & Y(O(on_b3_b4 & Y(O(on_b4_b5 & Y(O(on_b5_b6 & Y(O(on_b6_b7 & Y(O(on_b7_b8 & Y(O(on_b8_b9 & Y(O(on_b9_b10 & Y(O(on_b10_b11 & Y(O(on_b11_b12 & Y(O(on_b12_b13 & Y(O(on_b13_b14 & Y(O(on_b14_b15 & Y(O(on_b15_b16 & Y(O(on_b16_b17 & Y(O(on_b17_b18 & Y(O(on_b18_b19 & Y(O(on_b19_b20))))))))))))))))))))))))))))))))))))) --working-dir experiment-1b-blocksworld-nondet/f4lp-mynd-sc-ff/p20 --algorithm laostar --heuristic ff
