name	status	time_compilation	time_tool	time_end2end	nb_node_expanded	command
p02	success	  0.191362	  0.506836	  0.698198	17	/home/marcofavorito/workfolder/planning-with-past-code/bin/ltlfond2fond_wrapper -t mynd -d results/experiment-1-2021-12-14T01:14:57.199669/domain.pddl -p results/experiment-1-2021-12-14T01:14:57.199669/p02.pddl -g F("vehicleat l1x1"&X(F("vehicleat l2x1"&X(F("vehicleat l1x2"))))) --working-dir results/experiment-1-2021-12-14T01:14:57.199669/lf2f-mynd-sc-ff/p02 --algorithm laostar --heuristic ff
p03	failure	  0.116553	 -1.000000	 29.495749	None	/home/marcofavorito/workfolder/planning-with-past-code/bin/ltlfond2fond_wrapper -t mynd -d results/experiment-1-2021-12-14T01:14:57.199669/domain.pddl -p results/experiment-1-2021-12-14T01:14:57.199669/p03.pddl -g F("vehicleat l1x1"&X(F("vehicleat l2x1"&X(F("vehicleat l3x1"&X(F("vehicleat l2x2"&X(F("vehicleat l1x3"))))))))) --working-dir results/experiment-1-2021-12-14T01:14:57.199669/lf2f-mynd-sc-ff/p03 --algorithm laostar --heuristic ff
p04	timeout	 -1.000000	 -1.000000	300.003238	None	/home/marcofavorito/workfolder/planning-with-past-code/bin/ltlfond2fond_wrapper -t mynd -d results/experiment-1-2021-12-14T01:14:57.199669/domain.pddl -p results/experiment-1-2021-12-14T01:14:57.199669/p04.pddl -g F("vehicleat l1x1"&X(F("vehicleat l2x1"&X(F("vehicleat l3x1"&X(F("vehicleat l4x1"&X(F("vehicleat l3x2"&X(F("vehicleat l2x3"&X(F("vehicleat l1x4"))))))))))))) --working-dir results/experiment-1-2021-12-14T01:14:57.199669/lf2f-mynd-sc-ff/p04 --algorithm laostar --heuristic ff
p05	timeout	 -1.000000	 -1.000000	300.003629	None	/home/marcofavorito/workfolder/planning-with-past-code/bin/ltlfond2fond_wrapper -t mynd -d results/experiment-1-2021-12-14T01:14:57.199669/domain.pddl -p results/experiment-1-2021-12-14T01:14:57.199669/p05.pddl -g F("vehicleat l1x1"&X(F("vehicleat l2x1"&X(F("vehicleat l3x1"&X(F("vehicleat l4x1"&X(F("vehicleat l5x1"&X(F("vehicleat l4x2"&X(F("vehicleat l3x3"&X(F("vehicleat l2x4"&X(F("vehicleat l1x5"))))))))))))))))) --working-dir results/experiment-1-2021-12-14T01:14:57.199669/lf2f-mynd-sc-ff/p05 --algorithm laostar --heuristic ff
p06	timeout	 -1.000000	 -1.000000	300.003757	None	/home/marcofavorito/workfolder/planning-with-past-code/bin/ltlfond2fond_wrapper -t mynd -d results/experiment-1-2021-12-14T01:14:57.199669/domain.pddl -p results/experiment-1-2021-12-14T01:14:57.199669/p06.pddl -g F("vehicleat l1x1"&X(F("vehicleat l2x1"&X(F("vehicleat l3x1"&X(F("vehicleat l4x1"&X(F("vehicleat l5x1"&X(F("vehicleat l6x1"&X(F("vehicleat l5x2"&X(F("vehicleat l4x3"&X(F("vehicleat l3x4"&X(F("vehicleat l2x5"&X(F("vehicleat l1x6"))))))))))))))))))))) --working-dir results/experiment-1-2021-12-14T01:14:57.199669/lf2f-mynd-sc-ff/p06 --algorithm laostar --heuristic ff
p07	timeout	 -1.000000	 -1.000000	300.003775	None	/home/marcofavorito/workfolder/planning-with-past-code/bin/ltlfond2fond_wrapper -t mynd -d results/experiment-1-2021-12-14T01:14:57.199669/domain.pddl -p results/experiment-1-2021-12-14T01:14:57.199669/p07.pddl -g F("vehicleat l1x1"&X(F("vehicleat l2x1"&X(F("vehicleat l3x1"&X(F("vehicleat l4x1"&X(F("vehicleat l5x1"&X(F("vehicleat l6x1"&X(F("vehicleat l7x1"&X(F("vehicleat l6x2"&X(F("vehicleat l5x3"&X(F("vehicleat l4x4"&X(F("vehicleat l3x5"&X(F("vehicleat l2x6"&X(F("vehicleat l1x7"))))))))))))))))))))))))) --working-dir results/experiment-1-2021-12-14T01:14:57.199669/lf2f-mynd-sc-ff/p07 --algorithm laostar --heuristic ff
p08	timeout	 -1.000000	 -1.000000	300.004261	None	/home/marcofavorito/workfolder/planning-with-past-code/bin/ltlfond2fond_wrapper -t mynd -d results/experiment-1-2021-12-14T01:14:57.199669/domain.pddl -p results/experiment-1-2021-12-14T01:14:57.199669/p08.pddl -g F("vehicleat l1x1"&X(F("vehicleat l2x1"&X(F("vehicleat l3x1"&X(F("vehicleat l4x1"&X(F("vehicleat l5x1"&X(F("vehicleat l6x1"&X(F("vehicleat l7x1"&X(F("vehicleat l8x1"&X(F("vehicleat l7x2"&X(F("vehicleat l6x3"&X(F("vehicleat l5x4"&X(F("vehicleat l4x5"&X(F("vehicleat l3x6"&X(F("vehicleat l2x7"&X(F("vehicleat l1x8"))))))))))))))))))))))))))))) --working-dir results/experiment-1-2021-12-14T01:14:57.199669/lf2f-mynd-sc-ff/p08 --algorithm laostar --heuristic ff
p09	timeout	 -1.000000	 -1.000000	300.003575	None	/home/marcofavorito/workfolder/planning-with-past-code/bin/ltlfond2fond_wrapper -t mynd -d results/experiment-1-2021-12-14T01:14:57.199669/domain.pddl -p results/experiment-1-2021-12-14T01:14:57.199669/p09.pddl -g F("vehicleat l1x1"&X(F("vehicleat l2x1"&X(F("vehicleat l3x1"&X(F("vehicleat l4x1"&X(F("vehicleat l5x1"&X(F("vehicleat l6x1"&X(F("vehicleat l7x1"&X(F("vehicleat l8x1"&X(F("vehicleat l9x1"&X(F("vehicleat l8x2"&X(F("vehicleat l7x3"&X(F("vehicleat l6x4"&X(F("vehicleat l5x5"&X(F("vehicleat l4x6"&X(F("vehicleat l3x7"&X(F("vehicleat l2x8"&X(F("vehicleat l1x9"))))))))))))))))))))))))))))))))) --working-dir results/experiment-1-2021-12-14T01:14:57.199669/lf2f-mynd-sc-ff/p09 --algorithm laostar --heuristic ff
p10	error	 -1.000000	 -1.000000	 44.082729	None	/home/marcofavorito/workfolder/planning-with-past-code/bin/ltlfond2fond_wrapper -t mynd -d results/experiment-1-2021-12-14T01:14:57.199669/domain.pddl -p results/experiment-1-2021-12-14T01:14:57.199669/p10.pddl -g F("vehicleat l1x1"&X(F("vehicleat l2x1"&X(F("vehicleat l3x1"&X(F("vehicleat l4x1"&X(F("vehicleat l5x1"&X(F("vehicleat l6x1"&X(F("vehicleat l7x1"&X(F("vehicleat l8x1"&X(F("vehicleat l9x1"&X(F("vehicleat l10x1"&X(F("vehicleat l9x2"&X(F("vehicleat l8x3"&X(F("vehicleat l7x4"&X(F("vehicleat l6x5"&X(F("vehicleat l5x6"&X(F("vehicleat l4x7"&X(F("vehicleat l3x8"&X(F("vehicleat l2x9"&X(F("vehicleat l1x10"))))))))))))))))))))))))))))))))))))) --working-dir results/experiment-1-2021-12-14T01:14:57.199669/lf2f-mynd-sc-ff/p10 --algorithm laostar --heuristic ff
