name	status	time_compilation	time_tool	time_end2end	nb_node_expanded	command
p02	success	  0.149223	  0.510234	  0.659457	4	/home/marcofavorito/workfolder/planning-with-past-code/bin/ltlfond2fond_wrapper -t mynd -d final_results/experiment-1b-triangle-tireworld-nondet/domain.pddl -p final_results/experiment-1b-triangle-tireworld-nondet/p02.pddl -g F("vehicleat l1x1"&X(F("vehicleat l2x1"))) --working-dir final_results/experiment-1b-triangle-tireworld-nondet/lf2f-mynd-sc-ff/p02 --algorithm laostar --heuristic ff
p03	success	  0.156946	  0.638324	  0.795270	10	/home/marcofavorito/workfolder/planning-with-past-code/bin/ltlfond2fond_wrapper -t mynd -d final_results/experiment-1b-triangle-tireworld-nondet/domain.pddl -p final_results/experiment-1b-triangle-tireworld-nondet/p03.pddl -g F("vehicleat l1x1"&X(F("vehicleat l2x1"&X(F("vehicleat l2x2"))))) --working-dir final_results/experiment-1b-triangle-tireworld-nondet/lf2f-mynd-sc-ff/p03 --algorithm laostar --heuristic ff
p04	success	  0.145264	  0.822975	  0.968239	22	/home/marcofavorito/workfolder/planning-with-past-code/bin/ltlfond2fond_wrapper -t mynd -d final_results/experiment-1b-triangle-tireworld-nondet/domain.pddl -p final_results/experiment-1b-triangle-tireworld-nondet/p04.pddl -g F("vehicleat l1x1"&X(F("vehicleat l2x1"&X(F("vehicleat l2x2"&X(F("vehicleat l3x2"))))))) --working-dir final_results/experiment-1b-triangle-tireworld-nondet/lf2f-mynd-sc-ff/p04 --algorithm laostar --heuristic ff
p05	timeout	 -1.000000	 -1.000000	300.003945	None	/home/marcofavorito/workfolder/planning-with-past-code/bin/ltlfond2fond_wrapper -t mynd -d final_results/experiment-1b-triangle-tireworld-nondet/domain.pddl -p final_results/experiment-1b-triangle-tireworld-nondet/p05.pddl -g F("vehicleat l1x1"&X(F("vehicleat l2x1"&X(F("vehicleat l2x2"&X(F("vehicleat l3x2"&X(F("vehicleat l3x3"))))))))) --working-dir final_results/experiment-1b-triangle-tireworld-nondet/lf2f-mynd-sc-ff/p05 --algorithm laostar --heuristic ff
