name	status	time_compilation	time_tool	time_end2end	nb_node_expanded	command
p03	success	  0.145292	  0.436954	  0.582246	93	/home/marcofavorito/workfolder/planning-with-past-code/bin/ltlfond2fond_wrapper -t mynd -d experiment-1a-triangle-tireworld-nondet/domain.pddl -p experiment-1a-triangle-tireworld-nondet/p03.pddl -g F("vehicleat l1x2"&X(F("vehicleat l2x1"&X(F("vehicleat l3x1"))))) --working-dir experiment-1a-triangle-tireworld-nondet/lf2f-mynd-sc-ff/p03 --algorithm laostar --heuristic ff
p04	success	  0.078825	  0.794967	  0.873792	1167	/home/marcofavorito/workfolder/planning-with-past-code/bin/ltlfond2fond_wrapper -t mynd -d experiment-1a-triangle-tireworld-nondet/domain.pddl -p experiment-1a-triangle-tireworld-nondet/p04.pddl -g F("vehicleat l1x2"&X(F("vehicleat l2x1"&X(F("vehicleat l3x1"))))) --working-dir experiment-1a-triangle-tireworld-nondet/lf2f-mynd-sc-ff/p04 --algorithm laostar --heuristic ff
p05	success	  0.089423	267.474638	267.564061	25294	/home/marcofavorito/workfolder/planning-with-past-code/bin/ltlfond2fond_wrapper -t mynd -d experiment-1a-triangle-tireworld-nondet/domain.pddl -p experiment-1a-triangle-tireworld-nondet/p05.pddl -g F("vehicleat l1x2"&X(F("vehicleat l2x1"&X(F("vehicleat l3x1"))))) --working-dir experiment-1a-triangle-tireworld-nondet/lf2f-mynd-sc-ff/p05 --algorithm laostar --heuristic ff
p06	timeout	 -1.000000	 -1.000000	300.003766	None	/home/marcofavorito/workfolder/planning-with-past-code/bin/ltlfond2fond_wrapper -t mynd -d experiment-1a-triangle-tireworld-nondet/domain.pddl -p experiment-1a-triangle-tireworld-nondet/p06.pddl -g F("vehicleat l1x2"&X(F("vehicleat l2x1"&X(F("vehicleat l3x1"))))) --working-dir experiment-1a-triangle-tireworld-nondet/lf2f-mynd-sc-ff/p06 --algorithm laostar --heuristic ff
