name	status	time_compilation	time_tool	time_end2end	nb_node_expanded	command
p03	success	  0.236894	 13.744549	 13.981443	74	/home/anonymousauthor/Projects/planning-for-past-temporal-goals/bin/ltlfond2fond_wrapper -t mynd -d experiment-1a-blocksworld-nondet-lf2f/domain.pddl -p experiment-1a-blocksworld-nondet-lf2f/p03.pddl -g F("on b2 b3"&X(F("on b1 b2"))) --working-dir experiment-1a-blocksworld-nondet-lf2f/lf2f-mynd-sc-ff/p03 --algorithm laostar --heuristic ff
p04	success	  0.146016	 36.433509	 36.579525	62	/home/anonymousauthor/Projects/planning-for-past-temporal-goals/bin/ltlfond2fond_wrapper -t mynd -d experiment-1a-blocksworld-nondet-lf2f/domain.pddl -p experiment-1a-blocksworld-nondet-lf2f/p04.pddl -g F("on b2 b3"&X(F("on b1 b2"))) --working-dir experiment-1a-blocksworld-nondet-lf2f/lf2f-mynd-sc-ff/p04 --algorithm laostar --heuristic ff
p05	timeout	 -1.000000	 -1.000000	 60.003530	None	/home/anonymousauthor/Projects/planning-for-past-temporal-goals/bin/ltlfond2fond_wrapper -t mynd -d experiment-1a-blocksworld-nondet-lf2f/domain.pddl -p experiment-1a-blocksworld-nondet-lf2f/p05.pddl -g F("on b2 b3"&X(F("on b1 b2"))) --working-dir experiment-1a-blocksworld-nondet-lf2f/lf2f-mynd-sc-ff/p05 --algorithm laostar --heuristic ff
p06	timeout	 -1.000000	 -1.000000	 60.004132	None	/home/anonymousauthor/Projects/planning-for-past-temporal-goals/bin/ltlfond2fond_wrapper -t mynd -d experiment-1a-blocksworld-nondet-lf2f/domain.pddl -p experiment-1a-blocksworld-nondet-lf2f/p06.pddl -g F("on b2 b3"&X(F("on b1 b2"))) --working-dir experiment-1a-blocksworld-nondet-lf2f/lf2f-mynd-sc-ff/p06 --algorithm laostar --heuristic ff
p07	timeout	 -1.000000	 -1.000000	 60.003437	None	/home/anonymousauthor/Projects/planning-for-past-temporal-goals/bin/ltlfond2fond_wrapper -t mynd -d experiment-1a-blocksworld-nondet-lf2f/domain.pddl -p experiment-1a-blocksworld-nondet-lf2f/p07.pddl -g F("on b2 b3"&X(F("on b1 b2"))) --working-dir experiment-1a-blocksworld-nondet-lf2f/lf2f-mynd-sc-ff/p07 --algorithm laostar --heuristic ff
p08	timeout	 -1.000000	 -1.000000	 60.003139	None	/home/anonymousauthor/Projects/planning-for-past-temporal-goals/bin/ltlfond2fond_wrapper -t mynd -d experiment-1a-blocksworld-nondet-lf2f/domain.pddl -p experiment-1a-blocksworld-nondet-lf2f/p08.pddl -g F("on b2 b3"&X(F("on b1 b2"))) --working-dir experiment-1a-blocksworld-nondet-lf2f/lf2f-mynd-sc-ff/p08 --algorithm laostar --heuristic ff
p09	timeout	 -1.000000	 -1.000000	 60.003193	None	/home/anonymousauthor/Projects/planning-for-past-temporal-goals/bin/ltlfond2fond_wrapper -t mynd -d experiment-1a-blocksworld-nondet-lf2f/domain.pddl -p experiment-1a-blocksworld-nondet-lf2f/p09.pddl -g F("on b2 b3"&X(F("on b1 b2"))) --working-dir experiment-1a-blocksworld-nondet-lf2f/lf2f-mynd-sc-ff/p09 --algorithm laostar --heuristic ff
p10	timeout	 -1.000000	 -1.000000	 60.003541	None	/home/anonymousauthor/Projects/planning-for-past-temporal-goals/bin/ltlfond2fond_wrapper -t mynd -d experiment-1a-blocksworld-nondet-lf2f/domain.pddl -p experiment-1a-blocksworld-nondet-lf2f/p10.pddl -g F("on b2 b3"&X(F("on b1 b2"))) --working-dir experiment-1a-blocksworld-nondet-lf2f/lf2f-mynd-sc-ff/p10 --algorithm laostar --heuristic ff
p11	timeout	 -1.000000	 -1.000000	 60.003195	None	/home/anonymousauthor/Projects/planning-for-past-temporal-goals/bin/ltlfond2fond_wrapper -t mynd -d experiment-1a-blocksworld-nondet-lf2f/domain.pddl -p experiment-1a-blocksworld-nondet-lf2f/p11.pddl -g F("on b2 b3"&X(F("on b1 b2"))) --working-dir experiment-1a-blocksworld-nondet-lf2f/lf2f-mynd-sc-ff/p11 --algorithm laostar --heuristic ff
p12	timeout	 -1.000000	 -1.000000	 60.005278	None	/home/anonymousauthor/Projects/planning-for-past-temporal-goals/bin/ltlfond2fond_wrapper -t mynd -d experiment-1a-blocksworld-nondet-lf2f/domain.pddl -p experiment-1a-blocksworld-nondet-lf2f/p12.pddl -g F("on b2 b3"&X(F("on b1 b2"))) --working-dir experiment-1a-blocksworld-nondet-lf2f/lf2f-mynd-sc-ff/p12 --algorithm laostar --heuristic ff
p13	timeout	 -1.000000	 -1.000000	 60.003197	None	/home/anonymousauthor/Projects/planning-for-past-temporal-goals/bin/ltlfond2fond_wrapper -t mynd -d experiment-1a-blocksworld-nondet-lf2f/domain.pddl -p experiment-1a-blocksworld-nondet-lf2f/p13.pddl -g F("on b2 b3"&X(F("on b1 b2"))) --working-dir experiment-1a-blocksworld-nondet-lf2f/lf2f-mynd-sc-ff/p13 --algorithm laostar --heuristic ff
