name	status	time_compilation	time_tool	time_end2end	nb_node_expanded	command
p01	success	 -1.000000	 -1.000000	  0.768126	12	/home/francesco/Projects/planning-for-past-temporal-goals/bin/mynd_wrapper -d data/non-deterministic/blocksworld/domain.pddl -p data/non-deterministic/blocksworld/p01.pddl --algorithm laostar --heuristic ff --working-dir final_results/experiment-2-blocksworld-nondet/mynd-sc-ff/p01
p02	success	 -1.000000	 -1.000000	  0.719057	8	/home/francesco/Projects/planning-for-past-temporal-goals/bin/mynd_wrapper -d data/non-deterministic/blocksworld/domain.pddl -p data/non-deterministic/blocksworld/p02.pddl --algorithm laostar --heuristic ff --working-dir final_results/experiment-2-blocksworld-nondet/mynd-sc-ff/p02
p03	success	 -1.000000	 -1.000000	  0.818467	10	/home/francesco/Projects/planning-for-past-temporal-goals/bin/mynd_wrapper -d data/non-deterministic/blocksworld/domain.pddl -p data/non-deterministic/blocksworld/p03.pddl --algorithm laostar --heuristic ff --working-dir final_results/experiment-2-blocksworld-nondet/mynd-sc-ff/p03
p04	success	 -1.000000	 -1.000000	  1.471944	200	/home/francesco/Projects/planning-for-past-temporal-goals/bin/mynd_wrapper -d data/non-deterministic/blocksworld/domain.pddl -p data/non-deterministic/blocksworld/p04.pddl --algorithm laostar --heuristic ff --working-dir final_results/experiment-2-blocksworld-nondet/mynd-sc-ff/p04
p05	success	 -1.000000	 -1.000000	  0.768370	16	/home/francesco/Projects/planning-for-past-temporal-goals/bin/mynd_wrapper -d data/non-deterministic/blocksworld/domain.pddl -p data/non-deterministic/blocksworld/p05.pddl --algorithm laostar --heuristic ff --working-dir final_results/experiment-2-blocksworld-nondet/mynd-sc-ff/p05
p06	success	 -1.000000	 -1.000000	  0.818148	31	/home/francesco/Projects/planning-for-past-temporal-goals/bin/mynd_wrapper -d data/non-deterministic/blocksworld/domain.pddl -p data/non-deterministic/blocksworld/p06.pddl --algorithm laostar --heuristic ff --working-dir final_results/experiment-2-blocksworld-nondet/mynd-sc-ff/p06
p07	success	 -1.000000	 -1.000000	  0.868791	60	/home/francesco/Projects/planning-for-past-temporal-goals/bin/mynd_wrapper -d data/non-deterministic/blocksworld/domain.pddl -p data/non-deterministic/blocksworld/p07.pddl --algorithm laostar --heuristic ff --working-dir final_results/experiment-2-blocksworld-nondet/mynd-sc-ff/p07
p08	success	 -1.000000	 -1.000000	  0.918408	57	/home/francesco/Projects/planning-for-past-temporal-goals/bin/mynd_wrapper -d data/non-deterministic/blocksworld/domain.pddl -p data/non-deterministic/blocksworld/p08.pddl --algorithm laostar --heuristic ff --working-dir final_results/experiment-2-blocksworld-nondet/mynd-sc-ff/p08
p09	success	 -1.000000	 -1.000000	  0.767940	8	/home/francesco/Projects/planning-for-past-temporal-goals/bin/mynd_wrapper -d data/non-deterministic/blocksworld/domain.pddl -p data/non-deterministic/blocksworld/p09.pddl --algorithm laostar --heuristic ff --working-dir final_results/experiment-2-blocksworld-nondet/mynd-sc-ff/p09
p10	success	 -1.000000	 -1.000000	  0.768297	10	/home/francesco/Projects/planning-for-past-temporal-goals/bin/mynd_wrapper -d data/non-deterministic/blocksworld/domain.pddl -p data/non-deterministic/blocksworld/p10.pddl --algorithm laostar --heuristic ff --working-dir final_results/experiment-2-blocksworld-nondet/mynd-sc-ff/p10
p11	success	 -1.000000	 -1.000000	  2.272612	75	/home/francesco/Projects/planning-for-past-temporal-goals/bin/mynd_wrapper -d data/non-deterministic/blocksworld/domain.pddl -p data/non-deterministic/blocksworld/p11.pddl --algorithm laostar --heuristic ff --working-dir final_results/experiment-2-blocksworld-nondet/mynd-sc-ff/p11
p12	timeout	 -1.000000	 -1.000000	300.004729	None	/home/francesco/Projects/planning-for-past-temporal-goals/bin/mynd_wrapper -d data/non-deterministic/blocksworld/domain.pddl -p data/non-deterministic/blocksworld/p12.pddl --algorithm laostar --heuristic ff --working-dir final_results/experiment-2-blocksworld-nondet/mynd-sc-ff/p12
p13	success	 -1.000000	 -1.000000	  2.822361	216	/home/francesco/Projects/planning-for-past-temporal-goals/bin/mynd_wrapper -d data/non-deterministic/blocksworld/domain.pddl -p data/non-deterministic/blocksworld/p13.pddl --algorithm laostar --heuristic ff --working-dir final_results/experiment-2-blocksworld-nondet/mynd-sc-ff/p13
p14	success	 -1.000000	 -1.000000	  1.469200	29	/home/francesco/Projects/planning-for-past-temporal-goals/bin/mynd_wrapper -d data/non-deterministic/blocksworld/domain.pddl -p data/non-deterministic/blocksworld/p14.pddl --algorithm laostar --heuristic ff --working-dir final_results/experiment-2-blocksworld-nondet/mynd-sc-ff/p14
p15	success	 -1.000000	 -1.000000	 16.161563	1068	/home/francesco/Projects/planning-for-past-temporal-goals/bin/mynd_wrapper -d data/non-deterministic/blocksworld/domain.pddl -p data/non-deterministic/blocksworld/p15.pddl --algorithm laostar --heuristic ff --working-dir final_results/experiment-2-blocksworld-nondet/mynd-sc-ff/p15
p16	timeout	 -1.000000	 -1.000000	300.004097	None	/home/francesco/Projects/planning-for-past-temporal-goals/bin/mynd_wrapper -d data/non-deterministic/blocksworld/domain.pddl -p data/non-deterministic/blocksworld/p16.pddl --algorithm laostar --heuristic ff --working-dir final_results/experiment-2-blocksworld-nondet/mynd-sc-ff/p16
p17	success	 -1.000000	 -1.000000	  7.988780	682	/home/francesco/Projects/planning-for-past-temporal-goals/bin/mynd_wrapper -d data/non-deterministic/blocksworld/domain.pddl -p data/non-deterministic/blocksworld/p17.pddl --algorithm laostar --heuristic ff --working-dir final_results/experiment-2-blocksworld-nondet/mynd-sc-ff/p17
p18	timeout	 -1.000000	 -1.000000	300.003838	None	/home/francesco/Projects/planning-for-past-temporal-goals/bin/mynd_wrapper -d data/non-deterministic/blocksworld/domain.pddl -p data/non-deterministic/blocksworld/p18.pddl --algorithm laostar --heuristic ff --working-dir final_results/experiment-2-blocksworld-nondet/mynd-sc-ff/p18
p19	timeout	 -1.000000	 -1.000000	300.003971	None	/home/francesco/Projects/planning-for-past-temporal-goals/bin/mynd_wrapper -d data/non-deterministic/blocksworld/domain.pddl -p data/non-deterministic/blocksworld/p19.pddl --algorithm laostar --heuristic ff --working-dir final_results/experiment-2-blocksworld-nondet/mynd-sc-ff/p19
p20	timeout	 -1.000000	 -1.000000	300.004002	None	/home/francesco/Projects/planning-for-past-temporal-goals/bin/mynd_wrapper -d data/non-deterministic/blocksworld/domain.pddl -p data/non-deterministic/blocksworld/p20.pddl --algorithm laostar --heuristic ff --working-dir final_results/experiment-2-blocksworld-nondet/mynd-sc-ff/p20
p21	timeout	 -1.000000	 -1.000000	300.004211	None	/home/francesco/Projects/planning-for-past-temporal-goals/bin/mynd_wrapper -d data/non-deterministic/blocksworld/domain.pddl -p data/non-deterministic/blocksworld/p21.pddl --algorithm laostar --heuristic ff --working-dir final_results/experiment-2-blocksworld-nondet/mynd-sc-ff/p21
p22	timeout	 -1.000000	 -1.000000	300.004163	None	/home/francesco/Projects/planning-for-past-temporal-goals/bin/mynd_wrapper -d data/non-deterministic/blocksworld/domain.pddl -p data/non-deterministic/blocksworld/p22.pddl --algorithm laostar --heuristic ff --working-dir final_results/experiment-2-blocksworld-nondet/mynd-sc-ff/p22
p23	timeout	 -1.000000	 -1.000000	300.004415	None	/home/francesco/Projects/planning-for-past-temporal-goals/bin/mynd_wrapper -d data/non-deterministic/blocksworld/domain.pddl -p data/non-deterministic/blocksworld/p23.pddl --algorithm laostar --heuristic ff --working-dir final_results/experiment-2-blocksworld-nondet/mynd-sc-ff/p23
p24	timeout	 -1.000000	 -1.000000	300.004351	None	/home/francesco/Projects/planning-for-past-temporal-goals/bin/mynd_wrapper -d data/non-deterministic/blocksworld/domain.pddl -p data/non-deterministic/blocksworld/p24.pddl --algorithm laostar --heuristic ff --working-dir final_results/experiment-2-blocksworld-nondet/mynd-sc-ff/p24
p25	timeout	 -1.000000	 -1.000000	300.004148	None	/home/francesco/Projects/planning-for-past-temporal-goals/bin/mynd_wrapper -d data/non-deterministic/blocksworld/domain.pddl -p data/non-deterministic/blocksworld/p25.pddl --algorithm laostar --heuristic ff --working-dir final_results/experiment-2-blocksworld-nondet/mynd-sc-ff/p25
p26	success	 -1.000000	 -1.000000	140.384088	2330	/home/francesco/Projects/planning-for-past-temporal-goals/bin/mynd_wrapper -d data/non-deterministic/blocksworld/domain.pddl -p data/non-deterministic/blocksworld/p26.pddl --algorithm laostar --heuristic ff --working-dir final_results/experiment-2-blocksworld-nondet/mynd-sc-ff/p26
p27	timeout	 -1.000000	 -1.000000	300.004300	None	/home/francesco/Projects/planning-for-past-temporal-goals/bin/mynd_wrapper -d data/non-deterministic/blocksworld/domain.pddl -p data/non-deterministic/blocksworld/p27.pddl --algorithm laostar --heuristic ff --working-dir final_results/experiment-2-blocksworld-nondet/mynd-sc-ff/p27
p28	success	 -1.000000	 -1.000000	 34.715827	1036	/home/francesco/Projects/planning-for-past-temporal-goals/bin/mynd_wrapper -d data/non-deterministic/blocksworld/domain.pddl -p data/non-deterministic/blocksworld/p28.pddl --algorithm laostar --heuristic ff --working-dir final_results/experiment-2-blocksworld-nondet/mynd-sc-ff/p28
p29	success	 -1.000000	 -1.000000	 94.745260	1872	/home/francesco/Projects/planning-for-past-temporal-goals/bin/mynd_wrapper -d data/non-deterministic/blocksworld/domain.pddl -p data/non-deterministic/blocksworld/p29.pddl --algorithm laostar --heuristic ff --working-dir final_results/experiment-2-blocksworld-nondet/mynd-sc-ff/p29
p30	success	 -1.000000	 -1.000000	101.919464	1888	/home/francesco/Projects/planning-for-past-temporal-goals/bin/mynd_wrapper -d data/non-deterministic/blocksworld/domain.pddl -p data/non-deterministic/blocksworld/p30.pddl --algorithm laostar --heuristic ff --working-dir final_results/experiment-2-blocksworld-nondet/mynd-sc-ff/p30
