name	status	time_compilation	time_tool	time_end2end	nb_node_expanded	command
p-001	success	 -1.000000	  0.002349	  0.319684	5	/home/marcofavorito/planning-for-past-temporal-goals/bin/fd_wrapper -d data/deterministic/elevator/domain.pddl -p data/deterministic/elevator/p-001.pddl --algorithm astar --heuristic ff --working-dir results/experiment-2-2021-12-15T00:54:17.482043/fd-ff/p-001
p-002	success	 -1.000000	  0.002958	  0.216865	4	/home/marcofavorito/planning-for-past-temporal-goals/bin/fd_wrapper -d data/deterministic/elevator/domain.pddl -p data/deterministic/elevator/p-002.pddl --algorithm astar --heuristic ff --working-dir results/experiment-2-2021-12-15T00:54:17.482043/fd-ff/p-002
p-003	success	 -1.000000	  0.002105	  0.266512	5	/home/marcofavorito/planning-for-past-temporal-goals/bin/fd_wrapper -d data/deterministic/elevator/domain.pddl -p data/deterministic/elevator/p-003.pddl --algorithm astar --heuristic ff --working-dir results/experiment-2-2021-12-15T00:54:17.482043/fd-ff/p-003
p-004	success	 -1.000000	  0.003022	  0.217003	5	/home/marcofavorito/planning-for-past-temporal-goals/bin/fd_wrapper -d data/deterministic/elevator/domain.pddl -p data/deterministic/elevator/p-004.pddl --algorithm astar --heuristic ff --working-dir results/experiment-2-2021-12-15T00:54:17.482043/fd-ff/p-004
p-005	success	 -1.000000	  0.003168	  0.266872	5	/home/marcofavorito/planning-for-past-temporal-goals/bin/fd_wrapper -d data/deterministic/elevator/domain.pddl -p data/deterministic/elevator/p-005.pddl --algorithm astar --heuristic ff --working-dir results/experiment-2-2021-12-15T00:54:17.482043/fd-ff/p-005
p-006	success	 -1.000000	  0.002250	  0.317346	9	/home/marcofavorito/planning-for-past-temporal-goals/bin/fd_wrapper -d data/deterministic/elevator/domain.pddl -p data/deterministic/elevator/p-006.pddl --algorithm astar --heuristic ff --working-dir results/experiment-2-2021-12-15T00:54:17.482043/fd-ff/p-006
p-007	success	 -1.000000	  0.003196	  0.317525	9	/home/marcofavorito/planning-for-past-temporal-goals/bin/fd_wrapper -d data/deterministic/elevator/domain.pddl -p data/deterministic/elevator/p-007.pddl --algorithm astar --heuristic ff --working-dir results/experiment-2-2021-12-15T00:54:17.482043/fd-ff/p-007
p-008	success	 -1.000000	  0.003207	  0.317255	9	/home/marcofavorito/planning-for-past-temporal-goals/bin/fd_wrapper -d data/deterministic/elevator/domain.pddl -p data/deterministic/elevator/p-008.pddl --algorithm astar --heuristic ff --working-dir results/experiment-2-2021-12-15T00:54:17.482043/fd-ff/p-008
p-009	success	 -1.000000	  0.002226	  0.267071	8	/home/marcofavorito/planning-for-past-temporal-goals/bin/fd_wrapper -d data/deterministic/elevator/domain.pddl -p data/deterministic/elevator/p-009.pddl --algorithm astar --heuristic ff --working-dir results/experiment-2-2021-12-15T00:54:17.482043/fd-ff/p-009
p-010	success	 -1.000000	  0.002260	  0.267175	11	/home/marcofavorito/planning-for-past-temporal-goals/bin/fd_wrapper -d data/deterministic/elevator/domain.pddl -p data/deterministic/elevator/p-010.pddl --algorithm astar --heuristic ff --working-dir results/experiment-2-2021-12-15T00:54:17.482043/fd-ff/p-010
p-011	success	 -1.000000	  0.002589	  0.216930	18	/home/marcofavorito/planning-for-past-temporal-goals/bin/fd_wrapper -d data/deterministic/elevator/domain.pddl -p data/deterministic/elevator/p-011.pddl --algorithm astar --heuristic ff --working-dir results/experiment-2-2021-12-15T00:54:17.482043/fd-ff/p-011
p-012	success	 -1.000000	  0.004255	  0.317383	23	/home/marcofavorito/planning-for-past-temporal-goals/bin/fd_wrapper -d data/deterministic/elevator/domain.pddl -p data/deterministic/elevator/p-012.pddl --algorithm astar --heuristic ff --working-dir results/experiment-2-2021-12-15T00:54:17.482043/fd-ff/p-012
p-013	success	 -1.000000	  0.003971	  0.267187	17	/home/marcofavorito/planning-for-past-temporal-goals/bin/fd_wrapper -d data/deterministic/elevator/domain.pddl -p data/deterministic/elevator/p-013.pddl --algorithm astar --heuristic ff --working-dir results/experiment-2-2021-12-15T00:54:17.482043/fd-ff/p-013
p-014	success	 -1.000000	  0.002578	  0.267203	13	/home/marcofavorito/planning-for-past-temporal-goals/bin/fd_wrapper -d data/deterministic/elevator/domain.pddl -p data/deterministic/elevator/p-014.pddl --algorithm astar --heuristic ff --working-dir results/experiment-2-2021-12-15T00:54:17.482043/fd-ff/p-014
p-015	success	 -1.000000	  0.002595	  0.217130	13	/home/marcofavorito/planning-for-past-temporal-goals/bin/fd_wrapper -d data/deterministic/elevator/domain.pddl -p data/deterministic/elevator/p-015.pddl --algorithm astar --heuristic ff --working-dir results/experiment-2-2021-12-15T00:54:17.482043/fd-ff/p-015
p-016	success	 -1.000000	  0.004576	  0.267115	16	/home/marcofavorito/planning-for-past-temporal-goals/bin/fd_wrapper -d data/deterministic/elevator/domain.pddl -p data/deterministic/elevator/p-016.pddl --algorithm astar --heuristic ff --working-dir results/experiment-2-2021-12-15T00:54:17.482043/fd-ff/p-016
p-017	success	 -1.000000	  0.004599	  0.317615	17	/home/marcofavorito/planning-for-past-temporal-goals/bin/fd_wrapper -d data/deterministic/elevator/domain.pddl -p data/deterministic/elevator/p-017.pddl --algorithm astar --heuristic ff --working-dir results/experiment-2-2021-12-15T00:54:17.482043/fd-ff/p-017
p-018	success	 -1.000000	  0.004714	  0.317364	19	/home/marcofavorito/planning-for-past-temporal-goals/bin/fd_wrapper -d data/deterministic/elevator/domain.pddl -p data/deterministic/elevator/p-018.pddl --algorithm astar --heuristic ff --working-dir results/experiment-2-2021-12-15T00:54:17.482043/fd-ff/p-018
p-019	success	 -1.000000	  0.002985	  0.216585	23	/home/marcofavorito/planning-for-past-temporal-goals/bin/fd_wrapper -d data/deterministic/elevator/domain.pddl -p data/deterministic/elevator/p-019.pddl --algorithm astar --heuristic ff --working-dir results/experiment-2-2021-12-15T00:54:17.482043/fd-ff/p-019
p-020	success	 -1.000000	  0.003064	  0.216698	30	/home/marcofavorito/planning-for-past-temporal-goals/bin/fd_wrapper -d data/deterministic/elevator/domain.pddl -p data/deterministic/elevator/p-020.pddl --algorithm astar --heuristic ff --working-dir results/experiment-2-2021-12-15T00:54:17.482043/fd-ff/p-020
p-021	success	 -1.000000	  0.003366	  0.216640	30	/home/marcofavorito/planning-for-past-temporal-goals/bin/fd_wrapper -d data/deterministic/elevator/domain.pddl -p data/deterministic/elevator/p-021.pddl --algorithm astar --heuristic ff --working-dir results/experiment-2-2021-12-15T00:54:17.482043/fd-ff/p-021
p-022	success	 -1.000000	  0.003261	  0.216700	25	/home/marcofavorito/planning-for-past-temporal-goals/bin/fd_wrapper -d data/deterministic/elevator/domain.pddl -p data/deterministic/elevator/p-022.pddl --algorithm astar --heuristic ff --working-dir results/experiment-2-2021-12-15T00:54:17.482043/fd-ff/p-022
p-023	success	 -1.000000	  0.003254	  0.216654	24	/home/marcofavorito/planning-for-past-temporal-goals/bin/fd_wrapper -d data/deterministic/elevator/domain.pddl -p data/deterministic/elevator/p-023.pddl --algorithm astar --heuristic ff --working-dir results/experiment-2-2021-12-15T00:54:17.482043/fd-ff/p-023
p-024	success	 -1.000000	  0.005336	  0.317113	20	/home/marcofavorito/planning-for-past-temporal-goals/bin/fd_wrapper -d data/deterministic/elevator/domain.pddl -p data/deterministic/elevator/p-024.pddl --algorithm astar --heuristic ff --working-dir results/experiment-2-2021-12-15T00:54:17.482043/fd-ff/p-024
p-025	success	 -1.000000	  0.005238	  0.317186	28	/home/marcofavorito/planning-for-past-temporal-goals/bin/fd_wrapper -d data/deterministic/elevator/domain.pddl -p data/deterministic/elevator/p-025.pddl --algorithm astar --heuristic ff --working-dir results/experiment-2-2021-12-15T00:54:17.482043/fd-ff/p-025
p-026	success	 -1.000000	  0.007008	  0.317173	44	/home/marcofavorito/planning-for-past-temporal-goals/bin/fd_wrapper -d data/deterministic/elevator/domain.pddl -p data/deterministic/elevator/p-026.pddl --algorithm astar --heuristic ff --working-dir results/experiment-2-2021-12-15T00:54:17.482043/fd-ff/p-026
p-027	success	 -1.000000	  0.006058	  0.317258	22	/home/marcofavorito/planning-for-past-temporal-goals/bin/fd_wrapper -d data/deterministic/elevator/domain.pddl -p data/deterministic/elevator/p-027.pddl --algorithm astar --heuristic ff --working-dir results/experiment-2-2021-12-15T00:54:17.482043/fd-ff/p-027
p-028	success	 -1.000000	  0.006352	  0.316956	31	/home/marcofavorito/planning-for-past-temporal-goals/bin/fd_wrapper -d data/deterministic/elevator/domain.pddl -p data/deterministic/elevator/p-028.pddl --algorithm astar --heuristic ff --working-dir results/experiment-2-2021-12-15T00:54:17.482043/fd-ff/p-028
p-029	success	 -1.000000	  0.010514	  0.316845	132	/home/marcofavorito/planning-for-past-temporal-goals/bin/fd_wrapper -d data/deterministic/elevator/domain.pddl -p data/deterministic/elevator/p-029.pddl --algorithm astar --heuristic ff --working-dir results/experiment-2-2021-12-15T00:54:17.482043/fd-ff/p-029
p-030	success	 -1.000000	  0.006245	  0.317174	30	/home/marcofavorito/planning-for-past-temporal-goals/bin/fd_wrapper -d data/deterministic/elevator/domain.pddl -p data/deterministic/elevator/p-030.pddl --algorithm astar --heuristic ff --working-dir results/experiment-2-2021-12-15T00:54:17.482043/fd-ff/p-030
p-031	success	 -1.000000	  0.007474	  0.317377	33	/home/marcofavorito/planning-for-past-temporal-goals/bin/fd_wrapper -d data/deterministic/elevator/domain.pddl -p data/deterministic/elevator/p-031.pddl --algorithm astar --heuristic ff --working-dir results/experiment-2-2021-12-15T00:54:17.482043/fd-ff/p-031
p-032	success	 -1.000000	  0.008181	  0.367498	50	/home/marcofavorito/planning-for-past-temporal-goals/bin/fd_wrapper -d data/deterministic/elevator/domain.pddl -p data/deterministic/elevator/p-032.pddl --algorithm astar --heuristic ff --working-dir results/experiment-2-2021-12-15T00:54:17.482043/fd-ff/p-032
p-033	success	 -1.000000	  0.007328	  0.317200	24	/home/marcofavorito/planning-for-past-temporal-goals/bin/fd_wrapper -d data/deterministic/elevator/domain.pddl -p data/deterministic/elevator/p-033.pddl --algorithm astar --heuristic ff --working-dir results/experiment-2-2021-12-15T00:54:17.482043/fd-ff/p-033
p-034	success	 -1.000000	  0.007513	  0.367262	34	/home/marcofavorito/planning-for-past-temporal-goals/bin/fd_wrapper -d data/deterministic/elevator/domain.pddl -p data/deterministic/elevator/p-034.pddl --algorithm astar --heuristic ff --working-dir results/experiment-2-2021-12-15T00:54:17.482043/fd-ff/p-034
p-035	success	 -1.000000	  0.007448	  0.367356	46	/home/marcofavorito/planning-for-past-temporal-goals/bin/fd_wrapper -d data/deterministic/elevator/domain.pddl -p data/deterministic/elevator/p-035.pddl --algorithm astar --heuristic ff --working-dir results/experiment-2-2021-12-15T00:54:17.482043/fd-ff/p-035
p-036	success	 -1.000000	  0.009243	  0.367590	39	/home/marcofavorito/planning-for-past-temporal-goals/bin/fd_wrapper -d data/deterministic/elevator/domain.pddl -p data/deterministic/elevator/p-036.pddl --algorithm astar --heuristic ff --working-dir results/experiment-2-2021-12-15T00:54:17.482043/fd-ff/p-036
p-037	success	 -1.000000	  0.040069	  0.367380	556	/home/marcofavorito/planning-for-past-temporal-goals/bin/fd_wrapper -d data/deterministic/elevator/domain.pddl -p data/deterministic/elevator/p-037.pddl --algorithm astar --heuristic ff --working-dir results/experiment-2-2021-12-15T00:54:17.482043/fd-ff/p-037
p-038	success	 -1.000000	  0.010603	  0.367496	56	/home/marcofavorito/planning-for-past-temporal-goals/bin/fd_wrapper -d data/deterministic/elevator/domain.pddl -p data/deterministic/elevator/p-038.pddl --algorithm astar --heuristic ff --working-dir results/experiment-2-2021-12-15T00:54:17.482043/fd-ff/p-038
p-039	success	 -1.000000	  0.010332	  0.367535	50	/home/marcofavorito/planning-for-past-temporal-goals/bin/fd_wrapper -d data/deterministic/elevator/domain.pddl -p data/deterministic/elevator/p-039.pddl --algorithm astar --heuristic ff --working-dir results/experiment-2-2021-12-15T00:54:17.482043/fd-ff/p-039
p-040	success	 -1.000000	  0.010520	  0.367604	45	/home/marcofavorito/planning-for-past-temporal-goals/bin/fd_wrapper -d data/deterministic/elevator/domain.pddl -p data/deterministic/elevator/p-040.pddl --algorithm astar --heuristic ff --working-dir results/experiment-2-2021-12-15T00:54:17.482043/fd-ff/p-040
p-041	success	 -1.000000	  0.013006	  0.367448	62	/home/marcofavorito/planning-for-past-temporal-goals/bin/fd_wrapper -d data/deterministic/elevator/domain.pddl -p data/deterministic/elevator/p-041.pddl --algorithm astar --heuristic ff --working-dir results/experiment-2-2021-12-15T00:54:17.482043/fd-ff/p-041
p-042	success	 -1.000000	  0.012228	  0.367440	67	/home/marcofavorito/planning-for-past-temporal-goals/bin/fd_wrapper -d data/deterministic/elevator/domain.pddl -p data/deterministic/elevator/p-042.pddl --algorithm astar --heuristic ff --working-dir results/experiment-2-2021-12-15T00:54:17.482043/fd-ff/p-042
p-043	success	 -1.000000	  0.012363	  0.367411	58	/home/marcofavorito/planning-for-past-temporal-goals/bin/fd_wrapper -d data/deterministic/elevator/domain.pddl -p data/deterministic/elevator/p-043.pddl --algorithm astar --heuristic ff --working-dir results/experiment-2-2021-12-15T00:54:17.482043/fd-ff/p-043
p-044	success	 -1.000000	  0.010239	  0.367692	37	/home/marcofavorito/planning-for-past-temporal-goals/bin/fd_wrapper -d data/deterministic/elevator/domain.pddl -p data/deterministic/elevator/p-044.pddl --algorithm astar --heuristic ff --working-dir results/experiment-2-2021-12-15T00:54:17.482043/fd-ff/p-044
p-045	success	 -1.000000	  0.062928	  0.417758	478	/home/marcofavorito/planning-for-past-temporal-goals/bin/fd_wrapper -d data/deterministic/elevator/domain.pddl -p data/deterministic/elevator/p-045.pddl --algorithm astar --heuristic ff --working-dir results/experiment-2-2021-12-15T00:54:17.482043/fd-ff/p-045
p-046	success	 -1.000000	  0.013529	  0.367241	58	/home/marcofavorito/planning-for-past-temporal-goals/bin/fd_wrapper -d data/deterministic/elevator/domain.pddl -p data/deterministic/elevator/p-046.pddl --algorithm astar --heuristic ff --working-dir results/experiment-2-2021-12-15T00:54:17.482043/fd-ff/p-046
p-047	success	 -1.000000	  0.015910	  0.317213	65	/home/marcofavorito/planning-for-past-temporal-goals/bin/fd_wrapper -d data/deterministic/elevator/domain.pddl -p data/deterministic/elevator/p-047.pddl --algorithm astar --heuristic ff --working-dir results/experiment-2-2021-12-15T00:54:17.482043/fd-ff/p-047
p-048	success	 -1.000000	  0.017059	  0.367497	75	/home/marcofavorito/planning-for-past-temporal-goals/bin/fd_wrapper -d data/deterministic/elevator/domain.pddl -p data/deterministic/elevator/p-048.pddl --algorithm astar --heuristic ff --working-dir results/experiment-2-2021-12-15T00:54:17.482043/fd-ff/p-048
p-049	success	 -1.000000	  0.013264	  0.367515	53	/home/marcofavorito/planning-for-past-temporal-goals/bin/fd_wrapper -d data/deterministic/elevator/domain.pddl -p data/deterministic/elevator/p-049.pddl --algorithm astar --heuristic ff --working-dir results/experiment-2-2021-12-15T00:54:17.482043/fd-ff/p-049
p-050	success	 -1.000000	  0.012708	  0.316809	45	/home/marcofavorito/planning-for-past-temporal-goals/bin/fd_wrapper -d data/deterministic/elevator/domain.pddl -p data/deterministic/elevator/p-050.pddl --algorithm astar --heuristic ff --working-dir results/experiment-2-2021-12-15T00:54:17.482043/fd-ff/p-050
p-051	success	 -1.000000	  0.017980	  0.418474	79	/home/marcofavorito/planning-for-past-temporal-goals/bin/fd_wrapper -d data/deterministic/elevator/domain.pddl -p data/deterministic/elevator/p-051.pddl --algorithm astar --heuristic ff --working-dir results/experiment-2-2021-12-15T00:54:17.482043/fd-ff/p-051
p-052	success	 -1.000000	  0.016951	  0.418012	58	/home/marcofavorito/planning-for-past-temporal-goals/bin/fd_wrapper -d data/deterministic/elevator/domain.pddl -p data/deterministic/elevator/p-052.pddl --algorithm astar --heuristic ff --working-dir results/experiment-2-2021-12-15T00:54:17.482043/fd-ff/p-052
p-053	success	 -1.000000	  0.021282	  0.417663	96	/home/marcofavorito/planning-for-past-temporal-goals/bin/fd_wrapper -d data/deterministic/elevator/domain.pddl -p data/deterministic/elevator/p-053.pddl --algorithm astar --heuristic ff --working-dir results/experiment-2-2021-12-15T00:54:17.482043/fd-ff/p-053
p-054	success	 -1.000000	  1.842500	  2.222544	18048	/home/marcofavorito/planning-for-past-temporal-goals/bin/fd_wrapper -d data/deterministic/elevator/domain.pddl -p data/deterministic/elevator/p-054.pddl --algorithm astar --heuristic ff --working-dir results/experiment-2-2021-12-15T00:54:17.482043/fd-ff/p-054
p-055	success	 -1.000000	  0.018872	  0.417743	77	/home/marcofavorito/planning-for-past-temporal-goals/bin/fd_wrapper -d data/deterministic/elevator/domain.pddl -p data/deterministic/elevator/p-055.pddl --algorithm astar --heuristic ff --working-dir results/experiment-2-2021-12-15T00:54:17.482043/fd-ff/p-055
p-056	success	 -1.000000	  0.019217	  0.417667	55	/home/marcofavorito/planning-for-past-temporal-goals/bin/fd_wrapper -d data/deterministic/elevator/domain.pddl -p data/deterministic/elevator/p-056.pddl --algorithm astar --heuristic ff --working-dir results/experiment-2-2021-12-15T00:54:17.482043/fd-ff/p-056
p-057	success	 -1.000000	  0.022277	  0.417669	86	/home/marcofavorito/planning-for-past-temporal-goals/bin/fd_wrapper -d data/deterministic/elevator/domain.pddl -p data/deterministic/elevator/p-057.pddl --algorithm astar --heuristic ff --working-dir results/experiment-2-2021-12-15T00:54:17.482043/fd-ff/p-057
p-058	success	 -1.000000	  0.024672	  0.417473	103	/home/marcofavorito/planning-for-past-temporal-goals/bin/fd_wrapper -d data/deterministic/elevator/domain.pddl -p data/deterministic/elevator/p-058.pddl --algorithm astar --heuristic ff --working-dir results/experiment-2-2021-12-15T00:54:17.482043/fd-ff/p-058
p-059	success	 -1.000000	  0.023869	  0.417440	81	/home/marcofavorito/planning-for-past-temporal-goals/bin/fd_wrapper -d data/deterministic/elevator/domain.pddl -p data/deterministic/elevator/p-059.pddl --algorithm astar --heuristic ff --working-dir results/experiment-2-2021-12-15T00:54:17.482043/fd-ff/p-059
p-060	success	 -1.000000	  0.018337	  0.417585	62	/home/marcofavorito/planning-for-past-temporal-goals/bin/fd_wrapper -d data/deterministic/elevator/domain.pddl -p data/deterministic/elevator/p-060.pddl --algorithm astar --heuristic ff --working-dir results/experiment-2-2021-12-15T00:54:17.482043/fd-ff/p-060
p-061	success	 -1.000000	  0.025884	  0.417694	80	/home/marcofavorito/planning-for-past-temporal-goals/bin/fd_wrapper -d data/deterministic/elevator/domain.pddl -p data/deterministic/elevator/p-061.pddl --algorithm astar --heuristic ff --working-dir results/experiment-2-2021-12-15T00:54:17.482043/fd-ff/p-061
p-062	success	 -1.000000	  4.341220	  4.779341	19829	/home/marcofavorito/planning-for-past-temporal-goals/bin/fd_wrapper -d data/deterministic/elevator/domain.pddl -p data/deterministic/elevator/p-062.pddl --algorithm astar --heuristic ff --working-dir results/experiment-2-2021-12-15T00:54:17.482043/fd-ff/p-062
p-063	success	 -1.000000	  0.025452	  0.417739	118	/home/marcofavorito/planning-for-past-temporal-goals/bin/fd_wrapper -d data/deterministic/elevator/domain.pddl -p data/deterministic/elevator/p-063.pddl --algorithm astar --heuristic ff --working-dir results/experiment-2-2021-12-15T00:54:17.482043/fd-ff/p-063
p-064	success	 -1.000000	  0.023578	  0.417449	75	/home/marcofavorito/planning-for-past-temporal-goals/bin/fd_wrapper -d data/deterministic/elevator/domain.pddl -p data/deterministic/elevator/p-064.pddl --algorithm astar --heuristic ff --working-dir results/experiment-2-2021-12-15T00:54:17.482043/fd-ff/p-064
p-065	success	 -1.000000	  0.025544	  0.417659	75	/home/marcofavorito/planning-for-past-temporal-goals/bin/fd_wrapper -d data/deterministic/elevator/domain.pddl -p data/deterministic/elevator/p-065.pddl --algorithm astar --heuristic ff --working-dir results/experiment-2-2021-12-15T00:54:17.482043/fd-ff/p-065
p-066	success	 -1.000000	  0.026702	  0.467811	71	/home/marcofavorito/planning-for-past-temporal-goals/bin/fd_wrapper -d data/deterministic/elevator/domain.pddl -p data/deterministic/elevator/p-066.pddl --algorithm astar --heuristic ff --working-dir results/experiment-2-2021-12-15T00:54:17.482043/fd-ff/p-066
p-067	success	 -1.000000	  0.033382	  0.467912	84	/home/marcofavorito/planning-for-past-temporal-goals/bin/fd_wrapper -d data/deterministic/elevator/domain.pddl -p data/deterministic/elevator/p-067.pddl --algorithm astar --heuristic ff --working-dir results/experiment-2-2021-12-15T00:54:17.482043/fd-ff/p-067
p-068	success	 -1.000000	  0.044112	  0.467794	128	/home/marcofavorito/planning-for-past-temporal-goals/bin/fd_wrapper -d data/deterministic/elevator/domain.pddl -p data/deterministic/elevator/p-068.pddl --algorithm astar --heuristic ff --working-dir results/experiment-2-2021-12-15T00:54:17.482043/fd-ff/p-068
p-069	success	 -1.000000	  0.032448	  0.467686	102	/home/marcofavorito/planning-for-past-temporal-goals/bin/fd_wrapper -d data/deterministic/elevator/domain.pddl -p data/deterministic/elevator/p-069.pddl --algorithm astar --heuristic ff --working-dir results/experiment-2-2021-12-15T00:54:17.482043/fd-ff/p-069
p-070	success	 -1.000000	  0.040267	  0.467633	119	/home/marcofavorito/planning-for-past-temporal-goals/bin/fd_wrapper -d data/deterministic/elevator/domain.pddl -p data/deterministic/elevator/p-070.pddl --algorithm astar --heuristic ff --working-dir results/experiment-2-2021-12-15T00:54:17.482043/fd-ff/p-070
p-071	success	 -1.000000	  0.046478	  0.467598	110	/home/marcofavorito/planning-for-past-temporal-goals/bin/fd_wrapper -d data/deterministic/elevator/domain.pddl -p data/deterministic/elevator/p-071.pddl --algorithm astar --heuristic ff --working-dir results/experiment-2-2021-12-15T00:54:17.482043/fd-ff/p-071
p-072	success	 -1.000000	  0.070683	  0.517577	184	/home/marcofavorito/planning-for-past-temporal-goals/bin/fd_wrapper -d data/deterministic/elevator/domain.pddl -p data/deterministic/elevator/p-072.pddl --algorithm astar --heuristic ff --working-dir results/experiment-2-2021-12-15T00:54:17.482043/fd-ff/p-072
p-073	success	 -1.000000	  0.054390	  0.517668	155	/home/marcofavorito/planning-for-past-temporal-goals/bin/fd_wrapper -d data/deterministic/elevator/domain.pddl -p data/deterministic/elevator/p-073.pddl --algorithm astar --heuristic ff --working-dir results/experiment-2-2021-12-15T00:54:17.482043/fd-ff/p-073
p-074	success	 -1.000000	  0.058557	  0.517690	168	/home/marcofavorito/planning-for-past-temporal-goals/bin/fd_wrapper -d data/deterministic/elevator/domain.pddl -p data/deterministic/elevator/p-074.pddl --algorithm astar --heuristic ff --working-dir results/experiment-2-2021-12-15T00:54:17.482043/fd-ff/p-074
p-075	success	 -1.000000	  0.056455	  0.517669	157	/home/marcofavorito/planning-for-past-temporal-goals/bin/fd_wrapper -d data/deterministic/elevator/domain.pddl -p data/deterministic/elevator/p-075.pddl --algorithm astar --heuristic ff --working-dir results/experiment-2-2021-12-15T00:54:17.482043/fd-ff/p-075
p-076	success	 -1.000000	  0.039214	  0.517679	112	/home/marcofavorito/planning-for-past-temporal-goals/bin/fd_wrapper -d data/deterministic/elevator/domain.pddl -p data/deterministic/elevator/p-076.pddl --algorithm astar --heuristic ff --working-dir results/experiment-2-2021-12-15T00:54:17.482043/fd-ff/p-076
p-077	success	 -1.000000	  0.042540	  0.517800	112	/home/marcofavorito/planning-for-past-temporal-goals/bin/fd_wrapper -d data/deterministic/elevator/domain.pddl -p data/deterministic/elevator/p-077.pddl --algorithm astar --heuristic ff --working-dir results/experiment-2-2021-12-15T00:54:17.482043/fd-ff/p-077
p-078	success	 -1.000000	  0.053571	  0.517598	137	/home/marcofavorito/planning-for-past-temporal-goals/bin/fd_wrapper -d data/deterministic/elevator/domain.pddl -p data/deterministic/elevator/p-078.pddl --algorithm astar --heuristic ff --working-dir results/experiment-2-2021-12-15T00:54:17.482043/fd-ff/p-078
p-079	success	 -1.000000	  0.092686	  0.568188	212	/home/marcofavorito/planning-for-past-temporal-goals/bin/fd_wrapper -d data/deterministic/elevator/domain.pddl -p data/deterministic/elevator/p-079.pddl --algorithm astar --heuristic ff --working-dir results/experiment-2-2021-12-15T00:54:17.482043/fd-ff/p-079
p-080	success	 -1.000000	  0.052032	  0.517760	138	/home/marcofavorito/planning-for-past-temporal-goals/bin/fd_wrapper -d data/deterministic/elevator/domain.pddl -p data/deterministic/elevator/p-080.pddl --algorithm astar --heuristic ff --working-dir results/experiment-2-2021-12-15T00:54:17.482043/fd-ff/p-080
p-081	success	 -1.000000	  0.082307	  0.567977	168	/home/marcofavorito/planning-for-past-temporal-goals/bin/fd_wrapper -d data/deterministic/elevator/domain.pddl -p data/deterministic/elevator/p-081.pddl --algorithm astar --heuristic ff --working-dir results/experiment-2-2021-12-15T00:54:17.482043/fd-ff/p-081
p-082	success	 -1.000000	  0.092495	  0.568014	175	/home/marcofavorito/planning-for-past-temporal-goals/bin/fd_wrapper -d data/deterministic/elevator/domain.pddl -p data/deterministic/elevator/p-082.pddl --algorithm astar --heuristic ff --working-dir results/experiment-2-2021-12-15T00:54:17.482043/fd-ff/p-082
p-083	success	 -1.000000	  0.078950	  0.567982	180	/home/marcofavorito/planning-for-past-temporal-goals/bin/fd_wrapper -d data/deterministic/elevator/domain.pddl -p data/deterministic/elevator/p-083.pddl --algorithm astar --heuristic ff --working-dir results/experiment-2-2021-12-15T00:54:17.482043/fd-ff/p-083
p-084	success	 -1.000000	  0.042996	  0.517727	116	/home/marcofavorito/planning-for-past-temporal-goals/bin/fd_wrapper -d data/deterministic/elevator/domain.pddl -p data/deterministic/elevator/p-084.pddl --algorithm astar --heuristic ff --working-dir results/experiment-2-2021-12-15T00:54:17.482043/fd-ff/p-084
p-085	success	 -1.000000	 30.496100	 31.001542	86653	/home/marcofavorito/planning-for-past-temporal-goals/bin/fd_wrapper -d data/deterministic/elevator/domain.pddl -p data/deterministic/elevator/p-085.pddl --algorithm astar --heuristic ff --working-dir results/experiment-2-2021-12-15T00:54:17.482043/fd-ff/p-085
p-086	success	 -1.000000	  0.094467	  0.567901	183	/home/marcofavorito/planning-for-past-temporal-goals/bin/fd_wrapper -d data/deterministic/elevator/domain.pddl -p data/deterministic/elevator/p-086.pddl --algorithm astar --heuristic ff --working-dir results/experiment-2-2021-12-15T00:54:17.482043/fd-ff/p-086
p-087	success	 -1.000000	  0.105145	  0.617805	214	/home/marcofavorito/planning-for-past-temporal-goals/bin/fd_wrapper -d data/deterministic/elevator/domain.pddl -p data/deterministic/elevator/p-087.pddl --algorithm astar --heuristic ff --working-dir results/experiment-2-2021-12-15T00:54:17.482043/fd-ff/p-087
p-088	success	 -1.000000	  0.102742	  0.567616	188	/home/marcofavorito/planning-for-past-temporal-goals/bin/fd_wrapper -d data/deterministic/elevator/domain.pddl -p data/deterministic/elevator/p-088.pddl --algorithm astar --heuristic ff --working-dir results/experiment-2-2021-12-15T00:54:17.482043/fd-ff/p-088
p-089	success	 -1.000000	  0.077741	  0.567823	166	/home/marcofavorito/planning-for-past-temporal-goals/bin/fd_wrapper -d data/deterministic/elevator/domain.pddl -p data/deterministic/elevator/p-089.pddl --algorithm astar --heuristic ff --working-dir results/experiment-2-2021-12-15T00:54:17.482043/fd-ff/p-089
p-090	success	 -1.000000	  0.086240	  0.567916	145	/home/marcofavorito/planning-for-past-temporal-goals/bin/fd_wrapper -d data/deterministic/elevator/domain.pddl -p data/deterministic/elevator/p-090.pddl --algorithm astar --heuristic ff --working-dir results/experiment-2-2021-12-15T00:54:17.482043/fd-ff/p-090
p-091	success	 -1.000000	  0.098140	  0.618091	203	/home/marcofavorito/planning-for-past-temporal-goals/bin/fd_wrapper -d data/deterministic/elevator/domain.pddl -p data/deterministic/elevator/p-091.pddl --algorithm astar --heuristic ff --working-dir results/experiment-2-2021-12-15T00:54:17.482043/fd-ff/p-091
p-092	success	 -1.000000	  0.104454	  0.618396	217	/home/marcofavorito/planning-for-past-temporal-goals/bin/fd_wrapper -d data/deterministic/elevator/domain.pddl -p data/deterministic/elevator/p-092.pddl --algorithm astar --heuristic ff --working-dir results/experiment-2-2021-12-15T00:54:17.482043/fd-ff/p-092
p-093	timeout	 -1.000000	 -1.000000	300.003854	None	/home/marcofavorito/planning-for-past-temporal-goals/bin/fd_wrapper -d data/deterministic/elevator/domain.pddl -p data/deterministic/elevator/p-093.pddl --algorithm astar --heuristic ff --working-dir results/experiment-2-2021-12-15T00:54:17.482043/fd-ff/p-093
p-094	success	 -1.000000	  0.059126	  0.417139	207	/home/marcofavorito/planning-for-past-temporal-goals/bin/fd_wrapper -d data/deterministic/elevator/domain.pddl -p data/deterministic/elevator/p-094.pddl --algorithm astar --heuristic ff --working-dir results/experiment-2-2021-12-15T00:54:17.482043/fd-ff/p-094
p-095	success	 -1.000000	  0.056255	  0.367228	161	/home/marcofavorito/planning-for-past-temporal-goals/bin/fd_wrapper -d data/deterministic/elevator/domain.pddl -p data/deterministic/elevator/p-095.pddl --algorithm astar --heuristic ff --working-dir results/experiment-2-2021-12-15T00:54:17.482043/fd-ff/p-095
p-096	error	 -1.000000	131.470000	132.194436	496091	/home/marcofavorito/planning-for-past-temporal-goals/bin/fd_wrapper -d data/deterministic/elevator/domain.pddl -p data/deterministic/elevator/p-096.pddl --algorithm astar --heuristic ff --working-dir results/experiment-2-2021-12-15T00:54:17.482043/fd-ff/p-096
p-097	success	 -1.000000	  0.046825	  0.417885	159	/home/marcofavorito/planning-for-past-temporal-goals/bin/fd_wrapper -d data/deterministic/elevator/domain.pddl -p data/deterministic/elevator/p-097.pddl --algorithm astar --heuristic ff --working-dir results/experiment-2-2021-12-15T00:54:17.482043/fd-ff/p-097
p-098	success	 -1.000000	  0.226564	  0.568339	482	/home/marcofavorito/planning-for-past-temporal-goals/bin/fd_wrapper -d data/deterministic/elevator/domain.pddl -p data/deterministic/elevator/p-098.pddl --algorithm astar --heuristic ff --working-dir results/experiment-2-2021-12-15T00:54:17.482043/fd-ff/p-098
p-099	success	 -1.000000	  0.103225	  0.467947	268	/home/marcofavorito/planning-for-past-temporal-goals/bin/fd_wrapper -d data/deterministic/elevator/domain.pddl -p data/deterministic/elevator/p-099.pddl --algorithm astar --heuristic ff --working-dir results/experiment-2-2021-12-15T00:54:17.482043/fd-ff/p-099
p-100	success	 -1.000000	  0.070031	  0.417614	194	/home/marcofavorito/planning-for-past-temporal-goals/bin/fd_wrapper -d data/deterministic/elevator/domain.pddl -p data/deterministic/elevator/p-100.pddl --algorithm astar --heuristic ff --working-dir results/experiment-2-2021-12-15T00:54:17.482043/fd-ff/p-100
p-101	success	 -1.000000	  0.103467	  0.467723	251	/home/marcofavorito/planning-for-past-temporal-goals/bin/fd_wrapper -d data/deterministic/elevator/domain.pddl -p data/deterministic/elevator/p-101.pddl --algorithm astar --heuristic ff --working-dir results/experiment-2-2021-12-15T00:54:17.482043/fd-ff/p-101
p-102	success	 -1.000000	  0.073425	  0.417677	209	/home/marcofavorito/planning-for-past-temporal-goals/bin/fd_wrapper -d data/deterministic/elevator/domain.pddl -p data/deterministic/elevator/p-102.pddl --algorithm astar --heuristic ff --working-dir results/experiment-2-2021-12-15T00:54:17.482043/fd-ff/p-102
p-103	success	 -1.000000	  0.049266	  0.417649	137	/home/marcofavorito/planning-for-past-temporal-goals/bin/fd_wrapper -d data/deterministic/elevator/domain.pddl -p data/deterministic/elevator/p-103.pddl --algorithm astar --heuristic ff --working-dir results/experiment-2-2021-12-15T00:54:17.482043/fd-ff/p-103
p-104	success	 -1.000000	  0.077759	  0.467911	197	/home/marcofavorito/planning-for-past-temporal-goals/bin/fd_wrapper -d data/deterministic/elevator/domain.pddl -p data/deterministic/elevator/p-104.pddl --algorithm astar --heuristic ff --working-dir results/experiment-2-2021-12-15T00:54:17.482043/fd-ff/p-104
p-105	success	 -1.000000	  0.065029	  0.417808	167	/home/marcofavorito/planning-for-past-temporal-goals/bin/fd_wrapper -d data/deterministic/elevator/domain.pddl -p data/deterministic/elevator/p-105.pddl --algorithm astar --heuristic ff --working-dir results/experiment-2-2021-12-15T00:54:17.482043/fd-ff/p-105
p-106	success	 -1.000000	  0.144444	  0.517876	339	/home/marcofavorito/planning-for-past-temporal-goals/bin/fd_wrapper -d data/deterministic/elevator/domain.pddl -p data/deterministic/elevator/p-106.pddl --algorithm astar --heuristic ff --working-dir results/experiment-2-2021-12-15T00:54:17.482043/fd-ff/p-106
p-107	success	 -1.000000	  0.131158	  0.517854	289	/home/marcofavorito/planning-for-past-temporal-goals/bin/fd_wrapper -d data/deterministic/elevator/domain.pddl -p data/deterministic/elevator/p-107.pddl --algorithm astar --heuristic ff --working-dir results/experiment-2-2021-12-15T00:54:17.482043/fd-ff/p-107
p-108	success	 -1.000000	  0.163138	  0.517686	357	/home/marcofavorito/planning-for-past-temporal-goals/bin/fd_wrapper -d data/deterministic/elevator/domain.pddl -p data/deterministic/elevator/p-108.pddl --algorithm astar --heuristic ff --working-dir results/experiment-2-2021-12-15T00:54:17.482043/fd-ff/p-108
p-109	success	 -1.000000	  0.060086	  0.417084	183	/home/marcofavorito/planning-for-past-temporal-goals/bin/fd_wrapper -d data/deterministic/elevator/domain.pddl -p data/deterministic/elevator/p-109.pddl --algorithm astar --heuristic ff --working-dir results/experiment-2-2021-12-15T00:54:17.482043/fd-ff/p-109
p-110	success	 -1.000000	  0.087439	  0.467739	188	/home/marcofavorito/planning-for-past-temporal-goals/bin/fd_wrapper -d data/deterministic/elevator/domain.pddl -p data/deterministic/elevator/p-110.pddl --algorithm astar --heuristic ff --working-dir results/experiment-2-2021-12-15T00:54:17.482043/fd-ff/p-110
p-111	success	 -1.000000	  0.111275	  0.517955	236	/home/marcofavorito/planning-for-past-temporal-goals/bin/fd_wrapper -d data/deterministic/elevator/domain.pddl -p data/deterministic/elevator/p-111.pddl --algorithm astar --heuristic ff --working-dir results/experiment-2-2021-12-15T00:54:17.482043/fd-ff/p-111
p-112	timeout	 -1.000000	 -1.000000	300.005232	None	/home/marcofavorito/planning-for-past-temporal-goals/bin/fd_wrapper -d data/deterministic/elevator/domain.pddl -p data/deterministic/elevator/p-112.pddl --algorithm astar --heuristic ff --working-dir results/experiment-2-2021-12-15T00:54:17.482043/fd-ff/p-112
p-113	success	 -1.000000	  0.127454	  0.568351	245	/home/marcofavorito/planning-for-past-temporal-goals/bin/fd_wrapper -d data/deterministic/elevator/domain.pddl -p data/deterministic/elevator/p-113.pddl --algorithm astar --heuristic ff --working-dir results/experiment-2-2021-12-15T00:54:17.482043/fd-ff/p-113
p-114	timeout	 -1.000000	 -1.000000	300.004307	None	/home/marcofavorito/planning-for-past-temporal-goals/bin/fd_wrapper -d data/deterministic/elevator/domain.pddl -p data/deterministic/elevator/p-114.pddl --algorithm astar --heuristic ff --working-dir results/experiment-2-2021-12-15T00:54:17.482043/fd-ff/p-114
p-115	success	 -1.000000	  0.123978	  0.517990	246	/home/marcofavorito/planning-for-past-temporal-goals/bin/fd_wrapper -d data/deterministic/elevator/domain.pddl -p data/deterministic/elevator/p-115.pddl --algorithm astar --heuristic ff --working-dir results/experiment-2-2021-12-15T00:54:17.482043/fd-ff/p-115
p-116	success	 -1.000000	  0.142741	  0.568445	224	/home/marcofavorito/planning-for-past-temporal-goals/bin/fd_wrapper -d data/deterministic/elevator/domain.pddl -p data/deterministic/elevator/p-116.pddl --algorithm astar --heuristic ff --working-dir results/experiment-2-2021-12-15T00:54:17.482043/fd-ff/p-116
p-117	success	 -1.000000	  0.151833	  0.568070	290	/home/marcofavorito/planning-for-past-temporal-goals/bin/fd_wrapper -d data/deterministic/elevator/domain.pddl -p data/deterministic/elevator/p-117.pddl --algorithm astar --heuristic ff --working-dir results/experiment-2-2021-12-15T00:54:17.482043/fd-ff/p-117
p-118	success	 -1.000000	  0.149946	  0.568155	284	/home/marcofavorito/planning-for-past-temporal-goals/bin/fd_wrapper -d data/deterministic/elevator/domain.pddl -p data/deterministic/elevator/p-118.pddl --algorithm astar --heuristic ff --working-dir results/experiment-2-2021-12-15T00:54:17.482043/fd-ff/p-118
p-119	success	 -1.000000	  0.112663	  0.517981	274	/home/marcofavorito/planning-for-past-temporal-goals/bin/fd_wrapper -d data/deterministic/elevator/domain.pddl -p data/deterministic/elevator/p-119.pddl --algorithm astar --heuristic ff --working-dir results/experiment-2-2021-12-15T00:54:17.482043/fd-ff/p-119
p-120	success	 -1.000000	  0.153464	  0.568084	271	/home/marcofavorito/planning-for-past-temporal-goals/bin/fd_wrapper -d data/deterministic/elevator/domain.pddl -p data/deterministic/elevator/p-120.pddl --algorithm astar --heuristic ff --working-dir results/experiment-2-2021-12-15T00:54:17.482043/fd-ff/p-120
p-121	success	 -1.000000	  0.250806	  0.668796	436	/home/marcofavorito/planning-for-past-temporal-goals/bin/fd_wrapper -d data/deterministic/elevator/domain.pddl -p data/deterministic/elevator/p-121.pddl --algorithm astar --heuristic ff --working-dir results/experiment-2-2021-12-15T00:54:17.482043/fd-ff/p-121
p-122	success	 -1.000000	  0.354335	  0.819470	552	/home/marcofavorito/planning-for-past-temporal-goals/bin/fd_wrapper -d data/deterministic/elevator/domain.pddl -p data/deterministic/elevator/p-122.pddl --algorithm astar --heuristic ff --working-dir results/experiment-2-2021-12-15T00:54:17.482043/fd-ff/p-122
p-123	timeout	 -1.000000	 -1.000000	300.004126	None	/home/marcofavorito/planning-for-past-temporal-goals/bin/fd_wrapper -d data/deterministic/elevator/domain.pddl -p data/deterministic/elevator/p-123.pddl --algorithm astar --heuristic ff --working-dir results/experiment-2-2021-12-15T00:54:17.482043/fd-ff/p-123
p-124	success	 -1.000000	  0.126787	  0.517950	275	/home/marcofavorito/planning-for-past-temporal-goals/bin/fd_wrapper -d data/deterministic/elevator/domain.pddl -p data/deterministic/elevator/p-124.pddl --algorithm astar --heuristic ff --working-dir results/experiment-2-2021-12-15T00:54:17.482043/fd-ff/p-124
p-125	success	 -1.000000	  0.207595	  0.618111	333	/home/marcofavorito/planning-for-past-temporal-goals/bin/fd_wrapper -d data/deterministic/elevator/domain.pddl -p data/deterministic/elevator/p-125.pddl --algorithm astar --heuristic ff --working-dir results/experiment-2-2021-12-15T00:54:17.482043/fd-ff/p-125
p-126	success	 -1.000000	  0.234876	  0.668465	403	/home/marcofavorito/planning-for-past-temporal-goals/bin/fd_wrapper -d data/deterministic/elevator/domain.pddl -p data/deterministic/elevator/p-126.pddl --algorithm astar --heuristic ff --working-dir results/experiment-2-2021-12-15T00:54:17.482043/fd-ff/p-126
p-127	timeout	 -1.000000	 -1.000000	300.004270	None	/home/marcofavorito/planning-for-past-temporal-goals/bin/fd_wrapper -d data/deterministic/elevator/domain.pddl -p data/deterministic/elevator/p-127.pddl --algorithm astar --heuristic ff --working-dir results/experiment-2-2021-12-15T00:54:17.482043/fd-ff/p-127
p-128	success	 -1.000000	  0.147170	  0.568242	306	/home/marcofavorito/planning-for-past-temporal-goals/bin/fd_wrapper -d data/deterministic/elevator/domain.pddl -p data/deterministic/elevator/p-128.pddl --algorithm astar --heuristic ff --working-dir results/experiment-2-2021-12-15T00:54:17.482043/fd-ff/p-128
p-129	success	 -1.000000	  0.266423	  0.668451	456	/home/marcofavorito/planning-for-past-temporal-goals/bin/fd_wrapper -d data/deterministic/elevator/domain.pddl -p data/deterministic/elevator/p-129.pddl --algorithm astar --heuristic ff --working-dir results/experiment-2-2021-12-15T00:54:17.482043/fd-ff/p-129
p-130	success	 -1.000000	  0.121096	  0.567941	245	/home/marcofavorito/planning-for-past-temporal-goals/bin/fd_wrapper -d data/deterministic/elevator/domain.pddl -p data/deterministic/elevator/p-130.pddl --algorithm astar --heuristic ff --working-dir results/experiment-2-2021-12-15T00:54:17.482043/fd-ff/p-130
p-131	timeout	 -1.000000	 -1.000000	300.004276	None	/home/marcofavorito/planning-for-past-temporal-goals/bin/fd_wrapper -d data/deterministic/elevator/domain.pddl -p data/deterministic/elevator/p-131.pddl --algorithm astar --heuristic ff --working-dir results/experiment-2-2021-12-15T00:54:17.482043/fd-ff/p-131
p-132	success	 -1.000000	  0.127729	  0.568105	234	/home/marcofavorito/planning-for-past-temporal-goals/bin/fd_wrapper -d data/deterministic/elevator/domain.pddl -p data/deterministic/elevator/p-132.pddl --algorithm astar --heuristic ff --working-dir results/experiment-2-2021-12-15T00:54:17.482043/fd-ff/p-132
p-133	success	 -1.000000	  0.600738	  1.069596	687	/home/marcofavorito/planning-for-past-temporal-goals/bin/fd_wrapper -d data/deterministic/elevator/domain.pddl -p data/deterministic/elevator/p-133.pddl --algorithm astar --heuristic ff --working-dir results/experiment-2-2021-12-15T00:54:17.482043/fd-ff/p-133
p-134	success	 -1.000000	  0.212034	  0.668313	340	/home/marcofavorito/planning-for-past-temporal-goals/bin/fd_wrapper -d data/deterministic/elevator/domain.pddl -p data/deterministic/elevator/p-134.pddl --algorithm astar --heuristic ff --working-dir results/experiment-2-2021-12-15T00:54:17.482043/fd-ff/p-134
p-135	success	 -1.000000	  0.355977	  0.819165	486	/home/marcofavorito/planning-for-past-temporal-goals/bin/fd_wrapper -d data/deterministic/elevator/domain.pddl -p data/deterministic/elevator/p-135.pddl --algorithm astar --heuristic ff --working-dir results/experiment-2-2021-12-15T00:54:17.482043/fd-ff/p-135
p-136	success	 -1.000000	  0.203538	  0.668505	363	/home/marcofavorito/planning-for-past-temporal-goals/bin/fd_wrapper -d data/deterministic/elevator/domain.pddl -p data/deterministic/elevator/p-136.pddl --algorithm astar --heuristic ff --working-dir results/experiment-2-2021-12-15T00:54:17.482043/fd-ff/p-136
p-137	timeout	 -1.000000	 -1.000000	300.004183	None	/home/marcofavorito/planning-for-past-temporal-goals/bin/fd_wrapper -d data/deterministic/elevator/domain.pddl -p data/deterministic/elevator/p-137.pddl --algorithm astar --heuristic ff --working-dir results/experiment-2-2021-12-15T00:54:17.482043/fd-ff/p-137
p-138	success	 -1.000000	  0.275677	  0.718438	416	/home/marcofavorito/planning-for-past-temporal-goals/bin/fd_wrapper -d data/deterministic/elevator/domain.pddl -p data/deterministic/elevator/p-138.pddl --algorithm astar --heuristic ff --working-dir results/experiment-2-2021-12-15T00:54:17.482043/fd-ff/p-138
p-139	success	 -1.000000	  0.393411	  0.868648	419	/home/marcofavorito/planning-for-past-temporal-goals/bin/fd_wrapper -d data/deterministic/elevator/domain.pddl -p data/deterministic/elevator/p-139.pddl --algorithm astar --heuristic ff --working-dir results/experiment-2-2021-12-15T00:54:17.482043/fd-ff/p-139
p-140	success	 -1.000000	  0.243716	  0.718236	345	/home/marcofavorito/planning-for-past-temporal-goals/bin/fd_wrapper -d data/deterministic/elevator/domain.pddl -p data/deterministic/elevator/p-140.pddl --algorithm astar --heuristic ff --working-dir results/experiment-2-2021-12-15T00:54:17.482043/fd-ff/p-140
p-141	success	 -1.000000	  0.175426	  0.668542	239	/home/marcofavorito/planning-for-past-temporal-goals/bin/fd_wrapper -d data/deterministic/elevator/domain.pddl -p data/deterministic/elevator/p-141.pddl --algorithm astar --heuristic ff --working-dir results/experiment-2-2021-12-15T00:54:17.482043/fd-ff/p-141
p-142	success	 -1.000000	  0.399602	  0.868943	379	/home/marcofavorito/planning-for-past-temporal-goals/bin/fd_wrapper -d data/deterministic/elevator/domain.pddl -p data/deterministic/elevator/p-142.pddl --algorithm astar --heuristic ff --working-dir results/experiment-2-2021-12-15T00:54:17.482043/fd-ff/p-142
p-143	success	 -1.000000	  0.354355	  0.819038	428	/home/marcofavorito/planning-for-past-temporal-goals/bin/fd_wrapper -d data/deterministic/elevator/domain.pddl -p data/deterministic/elevator/p-143.pddl --algorithm astar --heuristic ff --working-dir results/experiment-2-2021-12-15T00:54:17.482043/fd-ff/p-143
p-144	success	 -1.000000	  0.322618	  0.818499	405	/home/marcofavorito/planning-for-past-temporal-goals/bin/fd_wrapper -d data/deterministic/elevator/domain.pddl -p data/deterministic/elevator/p-144.pddl --algorithm astar --heuristic ff --working-dir results/experiment-2-2021-12-15T00:54:17.482043/fd-ff/p-144
p-145	success	 -1.000000	  0.361812	  0.818351	464	/home/marcofavorito/planning-for-past-temporal-goals/bin/fd_wrapper -d data/deterministic/elevator/domain.pddl -p data/deterministic/elevator/p-145.pddl --algorithm astar --heuristic ff --working-dir results/experiment-2-2021-12-15T00:54:17.482043/fd-ff/p-145
p-146	success	 -1.000000	  0.303483	  0.768159	355	/home/marcofavorito/planning-for-past-temporal-goals/bin/fd_wrapper -d data/deterministic/elevator/domain.pddl -p data/deterministic/elevator/p-146.pddl --algorithm astar --heuristic ff --working-dir results/experiment-2-2021-12-15T00:54:17.482043/fd-ff/p-146
p-147	success	 -1.000000	  0.426045	  0.918761	453	/home/marcofavorito/planning-for-past-temporal-goals/bin/fd_wrapper -d data/deterministic/elevator/domain.pddl -p data/deterministic/elevator/p-147.pddl --algorithm astar --heuristic ff --working-dir results/experiment-2-2021-12-15T00:54:17.482043/fd-ff/p-147
p-148	success	 -1.000000	  0.313455	  0.818712	378	/home/marcofavorito/planning-for-past-temporal-goals/bin/fd_wrapper -d data/deterministic/elevator/domain.pddl -p data/deterministic/elevator/p-148.pddl --algorithm astar --heuristic ff --working-dir results/experiment-2-2021-12-15T00:54:17.482043/fd-ff/p-148
p-149	timeout	 -1.000000	 -1.000000	300.003954	None	/home/marcofavorito/planning-for-past-temporal-goals/bin/fd_wrapper -d data/deterministic/elevator/domain.pddl -p data/deterministic/elevator/p-149.pddl --algorithm astar --heuristic ff --working-dir results/experiment-2-2021-12-15T00:54:17.482043/fd-ff/p-149
p-150	success	 -1.000000	  0.348501	  0.818849	394	/home/marcofavorito/planning-for-past-temporal-goals/bin/fd_wrapper -d data/deterministic/elevator/domain.pddl -p data/deterministic/elevator/p-150.pddl --algorithm astar --heuristic ff --working-dir results/experiment-2-2021-12-15T00:54:17.482043/fd-ff/p-150
