name	status	time_compilation	time_tool	time_end2end	nb_node_expanded	command
p01	success	 -1.000000	 -1.000000	  2.922975	22	/home/marcofavorito/workfolder/planning-with-past-code/bin/mynd_wrapper -d data/non-deterministic/triangle-tireworld/domain.pddl -p data/non-deterministic/triangle-tireworld/p01.pddl --algorithm laostar --heuristic ff --working-dir experiment-2-triangle-tireworld-nondet/mynd-sc-ff/p01
p02	success	 -1.000000	 -1.000000	  0.315407	61	/home/marcofavorito/workfolder/planning-with-past-code/bin/mynd_wrapper -d data/non-deterministic/triangle-tireworld/domain.pddl -p data/non-deterministic/triangle-tireworld/p02.pddl --algorithm laostar --heuristic ff --working-dir experiment-2-triangle-tireworld-nondet/mynd-sc-ff/p02
p03	success	 -1.000000	 -1.000000	  0.366364	217	/home/marcofavorito/workfolder/planning-with-past-code/bin/mynd_wrapper -d data/non-deterministic/triangle-tireworld/domain.pddl -p data/non-deterministic/triangle-tireworld/p03.pddl --algorithm laostar --heuristic ff --working-dir experiment-2-triangle-tireworld-nondet/mynd-sc-ff/p03
p04	success	 -1.000000	 -1.000000	  0.466114	805	/home/marcofavorito/workfolder/planning-with-past-code/bin/mynd_wrapper -d data/non-deterministic/triangle-tireworld/domain.pddl -p data/non-deterministic/triangle-tireworld/p04.pddl --algorithm laostar --heuristic ff --working-dir experiment-2-triangle-tireworld-nondet/mynd-sc-ff/p04
p05	success	 -1.000000	 -1.000000	  1.021243	3121	/home/marcofavorito/workfolder/planning-with-past-code/bin/mynd_wrapper -d data/non-deterministic/triangle-tireworld/domain.pddl -p data/non-deterministic/triangle-tireworld/p05.pddl --algorithm laostar --heuristic ff --working-dir experiment-2-triangle-tireworld-nondet/mynd-sc-ff/p05
p06	success	 -1.000000	 -1.000000	  5.027457	12349	/home/marcofavorito/workfolder/planning-with-past-code/bin/mynd_wrapper -d data/non-deterministic/triangle-tireworld/domain.pddl -p data/non-deterministic/triangle-tireworld/p06.pddl --algorithm laostar --heuristic ff --working-dir experiment-2-triangle-tireworld-nondet/mynd-sc-ff/p06
p07	success	 -1.000000	 -1.000000	183.390320	49225	/home/marcofavorito/workfolder/planning-with-past-code/bin/mynd_wrapper -d data/non-deterministic/triangle-tireworld/domain.pddl -p data/non-deterministic/triangle-tireworld/p07.pddl --algorithm laostar --heuristic ff --working-dir experiment-2-triangle-tireworld-nondet/mynd-sc-ff/p07
p08	timeout	 -1.000000	 -1.000000	300.003718	None	/home/marcofavorito/workfolder/planning-with-past-code/bin/mynd_wrapper -d data/non-deterministic/triangle-tireworld/domain.pddl -p data/non-deterministic/triangle-tireworld/p08.pddl --algorithm laostar --heuristic ff --working-dir experiment-2-triangle-tireworld-nondet/mynd-sc-ff/p08
p09	timeout	 -1.000000	 -1.000000	300.003630	None	/home/marcofavorito/workfolder/planning-with-past-code/bin/mynd_wrapper -d data/non-deterministic/triangle-tireworld/domain.pddl -p data/non-deterministic/triangle-tireworld/p09.pddl --algorithm laostar --heuristic ff --working-dir experiment-2-triangle-tireworld-nondet/mynd-sc-ff/p09
