name	status	time_compilation	time_tool	time_end2end	nb_node_expanded	command
p02	success	  0.685215	  0.459511	  1.144726	5	/home/anonymousauthor/Projects/planning-for-past-temporal-goals/bin/fond4ltlfpltlf_wrapper -t mynd -d final_results/experiment-1b-blocksworld-nondet/domain.pddl -p final_results/experiment-1b-blocksworld-nondet/p02.pddl -g O(on_b1_b2) --working-dir final_results/experiment-1b-blocksworld-nondet/f4lp-mynd-sc-ff/p02 --algorithm laostar --heuristic ff
p03	success	  0.705329	  0.501260	  1.206589	21	/home/anonymousauthor/Projects/planning-for-past-temporal-goals/bin/fond4ltlfpltlf_wrapper -t mynd -d final_results/experiment-1b-blocksworld-nondet/domain.pddl -p final_results/experiment-1b-blocksworld-nondet/p03.pddl -g O(on_b1_b2 & Y(O(on_b2_b3))) --working-dir final_results/experiment-1b-blocksworld-nondet/f4lp-mynd-sc-ff/p03 --algorithm laostar --heuristic ff
p04	success	  0.689686	  1.204933	  1.894619	274	/home/anonymousauthor/Projects/planning-for-past-temporal-goals/bin/fond4ltlfpltlf_wrapper -t mynd -d final_results/experiment-1b-blocksworld-nondet/domain.pddl -p final_results/experiment-1b-blocksworld-nondet/p04.pddl -g O(on_b1_b2 & Y(O(on_b2_b3 & Y(O(on_b3_b4))))) --working-dir final_results/experiment-1b-blocksworld-nondet/f4lp-mynd-sc-ff/p04 --algorithm laostar --heuristic ff
p05	success	  0.686793	  2.104138	  2.790931	500	/home/anonymousauthor/Projects/planning-for-past-temporal-goals/bin/fond4ltlfpltlf_wrapper -t mynd -d final_results/experiment-1b-blocksworld-nondet/domain.pddl -p final_results/experiment-1b-blocksworld-nondet/p05.pddl -g O(on_b1_b2 & Y(O(on_b2_b3 & Y(O(on_b3_b4 & Y(O(on_b4_b5))))))) --working-dir final_results/experiment-1b-blocksworld-nondet/f4lp-mynd-sc-ff/p05 --algorithm laostar --heuristic ff
p06	timeout	 -1.000000	 -1.000000	300.004610	None	/home/anonymousauthor/Projects/planning-for-past-temporal-goals/bin/fond4ltlfpltlf_wrapper -t mynd -d final_results/experiment-1b-blocksworld-nondet/domain.pddl -p final_results/experiment-1b-blocksworld-nondet/p06.pddl -g O(on_b1_b2 & Y(O(on_b2_b3 & Y(O(on_b3_b4 & Y(O(on_b4_b5 & Y(O(on_b5_b6))))))))) --working-dir final_results/experiment-1b-blocksworld-nondet/f4lp-mynd-sc-ff/p06 --algorithm laostar --heuristic ff
