name	status	time_compilation	time_tool	time_end2end	nb_node_expanded	command
p02	success	  0.677823	  0.002812	  0.906507	7	/home/anonymousauthor/Projects/planning-for-past-temporal-goals/bin/plan4past -t fd --domain experiment-1b-elevator/domain.pddl --problem experiment-1b-elevator/p02.pddl --formula O(served_p0) & O(served_p1) --working-dir experiment-1b-elevator/p4p-fd-ff/p02 --algorithm astar --heuristic ff
p03	success	  0.637952	  0.004119	  0.903711	10	/home/anonymousauthor/Projects/planning-for-past-temporal-goals/bin/plan4past -t fd --domain experiment-1b-elevator/domain.pddl --problem experiment-1b-elevator/p03.pddl --formula O(served_p0) & O(served_p1) & O(served_p2) --working-dir experiment-1b-elevator/p4p-fd-ff/p03 --algorithm astar --heuristic ff
p04	success	  0.639501	  0.003707	  0.912406	13	/home/anonymousauthor/Projects/planning-for-past-temporal-goals/bin/plan4past -t fd --domain experiment-1b-elevator/domain.pddl --problem experiment-1b-elevator/p04.pddl --formula O(served_p0) & O(served_p1) & O(served_p2) & O(served_p3) --working-dir experiment-1b-elevator/p4p-fd-ff/p04 --algorithm astar --heuristic ff
p05	success	  0.627115	  0.004620	  0.957307	16	/home/anonymousauthor/Projects/planning-for-past-temporal-goals/bin/plan4past -t fd --domain experiment-1b-elevator/domain.pddl --problem experiment-1b-elevator/p05.pddl --formula O(served_p0) & O(served_p1) & O(served_p2) & O(served_p3) & O(served_p4) --working-dir experiment-1b-elevator/p4p-fd-ff/p05 --algorithm astar --heuristic ff
p06	success	  0.653050	  0.006029	  0.960647	19	/home/anonymousauthor/Projects/planning-for-past-temporal-goals/bin/plan4past -t fd --domain experiment-1b-elevator/domain.pddl --problem experiment-1b-elevator/p06.pddl --formula O(served_p0) & O(served_p1) & O(served_p2) & O(served_p3) & O(served_p4) & O(served_p5) --working-dir experiment-1b-elevator/p4p-fd-ff/p06 --algorithm astar --heuristic ff
p07	success	  0.647651	  0.007839	  0.970513	22	/home/anonymousauthor/Projects/planning-for-past-temporal-goals/bin/plan4past -t fd --domain experiment-1b-elevator/domain.pddl --problem experiment-1b-elevator/p07.pddl --formula O(served_p0) & O(served_p1) & O(served_p2) & O(served_p3) & O(served_p4) & O(served_p5) & O(served_p6) --working-dir experiment-1b-elevator/p4p-fd-ff/p07 --algorithm astar --heuristic ff
p08	success	  0.651767	  0.010104	  1.020359	25	/home/anonymousauthor/Projects/planning-for-past-temporal-goals/bin/plan4past -t fd --domain experiment-1b-elevator/domain.pddl --problem experiment-1b-elevator/p08.pddl --formula O(served_p0) & O(served_p1) & O(served_p2) & O(served_p3) & O(served_p4) & O(served_p5) & O(served_p6) & O(served_p7) --working-dir experiment-1b-elevator/p4p-fd-ff/p08 --algorithm astar --heuristic ff
p09	success	  0.664846	  0.012651	  1.091572	28	/home/anonymousauthor/Projects/planning-for-past-temporal-goals/bin/plan4past -t fd --domain experiment-1b-elevator/domain.pddl --problem experiment-1b-elevator/p09.pddl --formula O(served_p0) & O(served_p1) & O(served_p2) & O(served_p3) & O(served_p4) & O(served_p5) & O(served_p6) & O(served_p7) & O(served_p8) --working-dir experiment-1b-elevator/p4p-fd-ff/p09 --algorithm astar --heuristic ff
p10	success	  0.651495	  0.017428	  1.165591	31	/home/anonymousauthor/Projects/planning-for-past-temporal-goals/bin/plan4past -t fd --domain experiment-1b-elevator/domain.pddl --problem experiment-1b-elevator/p10.pddl --formula O(served_p0) & O(served_p1) & O(served_p2) & O(served_p3) & O(served_p4) & O(served_p5) & O(served_p6) & O(served_p7) & O(served_p8) & O(served_p9) --working-dir experiment-1b-elevator/p4p-fd-ff/p10 --algorithm astar --heuristic ff
p11	success	  0.670905	  0.035875	  1.330379	34	/home/anonymousauthor/Projects/planning-for-past-temporal-goals/bin/plan4past -t fd --domain experiment-1b-elevator/domain.pddl --problem experiment-1b-elevator/p11.pddl --formula O(served_p0) & O(served_p1) & O(served_p2) & O(served_p3) & O(served_p4) & O(served_p5) & O(served_p6) & O(served_p7) & O(served_p8) & O(served_p9) & O(served_p10) --working-dir experiment-1b-elevator/p4p-fd-ff/p11 --algorithm astar --heuristic ff
p12	success	  0.682562	  0.026734	  1.333937	37	/home/anonymousauthor/Projects/planning-for-past-temporal-goals/bin/plan4past -t fd --domain experiment-1b-elevator/domain.pddl --problem experiment-1b-elevator/p12.pddl --formula O(served_p0) & O(served_p1) & O(served_p2) & O(served_p3) & O(served_p4) & O(served_p5) & O(served_p6) & O(served_p7) & O(served_p8) & O(served_p9) & O(served_p10) & O(served_p11) --working-dir experiment-1b-elevator/p4p-fd-ff/p12 --algorithm astar --heuristic ff
p13	success	  0.694062	  0.034261	  1.462746	40	/home/anonymousauthor/Projects/planning-for-past-temporal-goals/bin/plan4past -t fd --domain experiment-1b-elevator/domain.pddl --problem experiment-1b-elevator/p13.pddl --formula O(served_p0) & O(served_p1) & O(served_p2) & O(served_p3) & O(served_p4) & O(served_p5) & O(served_p6) & O(served_p7) & O(served_p8) & O(served_p9) & O(served_p10) & O(served_p11) & O(served_p12) --working-dir experiment-1b-elevator/p4p-fd-ff/p13 --algorithm astar --heuristic ff
p14	success	  0.669045	  0.042021	  1.526474	43	/home/anonymousauthor/Projects/planning-for-past-temporal-goals/bin/plan4past -t fd --domain experiment-1b-elevator/domain.pddl --problem experiment-1b-elevator/p14.pddl --formula O(served_p0) & O(served_p1) & O(served_p2) & O(served_p3) & O(served_p4) & O(served_p5) & O(served_p6) & O(served_p7) & O(served_p8) & O(served_p9) & O(served_p10) & O(served_p11) & O(served_p12) & O(served_p13) --working-dir experiment-1b-elevator/p4p-fd-ff/p14 --algorithm astar --heuristic ff
p15	success	  0.730800	  0.048379	  1.710668	46	/home/anonymousauthor/Projects/planning-for-past-temporal-goals/bin/plan4past -t fd --domain experiment-1b-elevator/domain.pddl --problem experiment-1b-elevator/p15.pddl --formula O(served_p0) & O(served_p1) & O(served_p2) & O(served_p3) & O(served_p4) & O(served_p5) & O(served_p6) & O(served_p7) & O(served_p8) & O(served_p9) & O(served_p10) & O(served_p11) & O(served_p12) & O(served_p13) & O(served_p14) --working-dir experiment-1b-elevator/p4p-fd-ff/p15 --algorithm astar --heuristic ff
p16	success	  0.693368	  0.058706	  1.836878	49	/home/anonymousauthor/Projects/planning-for-past-temporal-goals/bin/plan4past -t fd --domain experiment-1b-elevator/domain.pddl --problem experiment-1b-elevator/p16.pddl --formula O(served_p0) & O(served_p1) & O(served_p2) & O(served_p3) & O(served_p4) & O(served_p5) & O(served_p6) & O(served_p7) & O(served_p8) & O(served_p9) & O(served_p10) & O(served_p11) & O(served_p12) & O(served_p13) & O(served_p14) & O(served_p15) --working-dir experiment-1b-elevator/p4p-fd-ff/p16 --algorithm astar --heuristic ff
p17	success	  0.704884	  0.066905	  1.970106	52	/home/anonymousauthor/Projects/planning-for-past-temporal-goals/bin/plan4past -t fd --domain experiment-1b-elevator/domain.pddl --problem experiment-1b-elevator/p17.pddl --formula O(served_p0) & O(served_p1) & O(served_p2) & O(served_p3) & O(served_p4) & O(served_p5) & O(served_p6) & O(served_p7) & O(served_p8) & O(served_p9) & O(served_p10) & O(served_p11) & O(served_p12) & O(served_p13) & O(served_p14) & O(served_p15) & O(served_p16) --working-dir experiment-1b-elevator/p4p-fd-ff/p17 --algorithm astar --heuristic ff
p18	success	  0.737707	  0.081191	  2.294382	55	/home/anonymousauthor/Projects/planning-for-past-temporal-goals/bin/plan4past -t fd --domain experiment-1b-elevator/domain.pddl --problem experiment-1b-elevator/p18.pddl --formula O(served_p0) & O(served_p1) & O(served_p2) & O(served_p3) & O(served_p4) & O(served_p5) & O(served_p6) & O(served_p7) & O(served_p8) & O(served_p9) & O(served_p10) & O(served_p11) & O(served_p12) & O(served_p13) & O(served_p14) & O(served_p15) & O(served_p16) & O(served_p17) --working-dir experiment-1b-elevator/p4p-fd-ff/p18 --algorithm astar --heuristic ff
p19	success	  0.743100	  0.102617	  2.615175	58	/home/anonymousauthor/Projects/planning-for-past-temporal-goals/bin/plan4past -t fd --domain experiment-1b-elevator/domain.pddl --problem experiment-1b-elevator/p19.pddl --formula O(served_p0) & O(served_p1) & O(served_p2) & O(served_p3) & O(served_p4) & O(served_p5) & O(served_p6) & O(served_p7) & O(served_p8) & O(served_p9) & O(served_p10) & O(served_p11) & O(served_p12) & O(served_p13) & O(served_p14) & O(served_p15) & O(served_p16) & O(served_p17) & O(served_p18) --working-dir experiment-1b-elevator/p4p-fd-ff/p19 --algorithm astar --heuristic ff
p20	success	  0.770810	  0.115372	  2.877514	61	/home/anonymousauthor/Projects/planning-for-past-temporal-goals/bin/plan4past -t fd --domain experiment-1b-elevator/domain.pddl --problem experiment-1b-elevator/p20.pddl --formula O(served_p0) & O(served_p1) & O(served_p2) & O(served_p3) & O(served_p4) & O(served_p5) & O(served_p6) & O(served_p7) & O(served_p8) & O(served_p9) & O(served_p10) & O(served_p11) & O(served_p12) & O(served_p13) & O(served_p14) & O(served_p15) & O(served_p16) & O(served_p17) & O(served_p18) & O(served_p19) --working-dir experiment-1b-elevator/p4p-fd-ff/p20 --algorithm astar --heuristic ff
